date,station_id,scene_id,ndti,ndti_std,ndwi,mndwi,red_green_ratio,red,green,nir,swir16,water_pixel_count,window_pixels,cloud_fraction,tile_cloud_cover,quality,quality_score
2017-01-07,P01,S2A_30NXM_20170107_1_L2A,0.01988,0.018233,-0.1652,0.132216,1.039422,0.1582,0.1522,0.2139,0.1189,500,748,0.3316,37.65,GOOD,1.0
2017-01-27,P01,S2A_30NXM_20170127_0_L2A,0.131837,0.029821,-0.173403,0.299938,1.318418,0.2033,0.1542,0.2275,0.0804,742,748,0.008,2.443,GOOD,1.0
2017-03-08,P01,S2A_30NXM_20170308_0_L2A,0.018093,0.040904,-0.148641,0.001642,1.037209,0.1561,0.1505,0.2034,0.14485,76,748,0.8984,35.949,LOW_QUALITY,0.64
2017-03-18,P01,S2A_30NXM_20170318_0_L2A,0.034357,0.043376,-0.18492,-0.132111,1.093472,0.2211,0.2022,0.3296,0.2855,82,748,0.8904,26.619,LOW_QUALITY,0.64
2017-03-28,P01,S2A_30NXM_20170328_0_L2A,0.050967,0.048157,-0.287784,-0.005635,1.091444,0.1671,0.1531,0.2797,0.1441,116,748,0.8449,6.877,ACCEPTABLE,0.72
2017-04-17,P01,S2A_30NXM_20170417_0_L2A,0.046503,0.046034,-0.297493,0.046434,1.102581,0.1709,0.155,0.2896,0.13955,108,748,0.8556,7.07,LOW_QUALITY,0.64
2017-04-27,P01,S2A_30NXM_20170427_0_L2A,0.094165,0.048194,-0.10467,0.264472,1.188625,0.2048,0.1723,0.2158,0.06995,604,748,0.1925,18.822,GOOD,1.0
2017-05-07,P01,S2A_30NXM_20170507_0_L2A,0.033285,0.088019,-0.335723,-0.027198,1.076618,0.163,0.1514,0.3045,0.1508,84,748,0.8877,64.393,LOW_QUALITY,0.52
2017-07-11,P01,S2B_30NXM_20170711_0_L2A,0.12648,0.031989,0.004575,0.671638,1.286615,0.1836,0.1427,0.1435,0.0264,624,748,0.1658,15.139,GOOD,1.0
2017-07-21,P01,S2B_30NXM_20170721_0_L2A,0.03492,0.060033,-0.082378,0.249102,1.085384,0.15,0.1382,0.1762,0.0794,178,748,0.762,73.241,ACCEPTABLE,0.8
2017-08-15,P01,S2A_30NXM_20170815_0_L2A,0.081794,0.053249,-0.130849,0.1034,1.144132,0.1667,0.1457,0.2104,0.1147,100,748,0.8663,69.097,LOW_QUALITY,0.64
2017-08-20,P01,S2B_30NXM_20170820_0_L2A,0.037344,0.057057,0.07375,0.521886,1.077635,0.1513,0.1404,0.125,0.0485,168,748,0.7754,49.826,ACCEPTABLE,0.92
2017-10-14,P01,S2A_30NXM_20171014_0_L2A,0.025824,0.026719,-0.085925,0.139096,1.054873,0.1288,0.1221,0.147,0.087,326,748,0.5642,61.467,ACCEPTABLE,0.92
2017-10-24,P01,S2A_30NXM_20171024_0_L2A,0.017593,0.032413,0.030847,0.256128,1.043248,0.1182,0.1133,0.1051,0.0646,506,748,0.3235,50.972,GOOD,1.0
2017-10-29,P01,S2B_30NXM_20171029_0_L2A,0.019321,0.0468,-0.292854,-0.08173,1.051325,0.127,0.1208,0.2429,0.1499,140,748,0.8128,28.865,ACCEPTABLE,0.72
2017-11-03,P01,S2A_30NXM_20171103_0_L2A,0.023024,0.026667,-0.062592,0.043469,1.032625,0.1361,0.1318,0.1518,0.11775,168,748,0.7754,32.6,ACCEPTABLE,0.92
2017-11-08,P01,S2B_30NXM_20171108_0_L2A,0.049759,0.043435,-0.111217,0.197648,1.105629,0.1591,0.1439,0.181,0.0922,180,748,0.7594,23.597,ACCEPTABLE,0.92
2017-11-13,P01,S2A_30NXM_20171113_0_L2A,0.04622,0.044121,-0.014987,0.293522,1.092554,0.157,0.1437,0.1587,0.0761,94,748,0.8743,36.43,LOW_QUALITY,0.64
2017-11-18,P01,S2B_30NXM_20171118_0_L2A,0.033828,0.053075,0.059668,0.452534,1.066502,0.1299,0.1218,0.1142,0.0483,298,748,0.6016,43.478,ACCEPTABLE,0.92
2017-12-03,P01,S2A_30NXM_20171203_0_L2A,0.031433,0.055574,-0.192834,-0.082416,1.059269,0.168,0.1586,0.279,0.1739,46,748,0.9385,39.376,LOW_QUALITY,0.64
2017-12-13,P01,S2A_30NXM_20171213_1_L2A,0.020399,0.011799,-0.188582,0.098749,1.042519,0.1937,0.1858,0.2712,0.1506,748,748,0.0,57.827,GOOD,1.0
2017-12-18,P01,S2B_30NXM_20171218_0_L2A,-0.010326,0.02806,-0.062636,0.208475,0.98743,0.1414,0.1432,0.1612,0.0943,160,748,0.7861,49.295,ACCEPTABLE,0.92
2017-12-28,P01,S2B_30NXM_20171228_1_L2A,0.027778,0.00931,-0.181371,0.121437,1.057402,0.21,0.1986,0.2864,0.157,214,748,0.7139,66.08,ACCEPTABLE,0.92
2018-01-02,P01,S2A_30NXM_20180102_1_L2A,0.128778,0.017504,-0.12131,0.306383,1.294438,0.2141,0.1654,0.21585,0.0866,748,748,0.0,4.643,GOOD,1.0
2018-01-07,P01,S2B_30NXM_20180107_0_L2A,0.042511,0.005032,-0.149887,-0.203537,1.104902,0.3381,0.306,0.4124,0.46815,12,748,0.984,60.77,LOW_QUALITY,0.49
2018-01-12,P01,S2A_30NXM_20180112_0_L2A,0.051123,0.031992,-0.106943,0.173732,1.140553,0.1485,0.1302,0.1785,0.0935,254,748,0.6604,15.042,ACCEPTABLE,0.92
2018-01-17,P01,S2B_30NXM_20180117_0_L2A,0.103985,0.0267,-0.210883,0.06299,1.208092,0.1672,0.1384,0.2205,0.1221,658,748,0.1203,8.101,GOOD,1.0
2018-01-22,P01,S2A_30NXM_20180122_0_L2A,0.092593,0.039222,-0.167624,0.125451,1.205449,0.1637,0.1358,0.1857,0.10015,340,748,0.5455,1.725,ACCEPTABLE,0.92
2018-01-27,P01,S2B_30NXM_20180127_0_L2A,0.007832,0.01663,-0.192532,0.000776,1.015244,0.1332,0.1312,0.1929,0.1313,344,748,0.5401,3.854,ACCEPTABLE,0.92
2018-02-01,P01,S2A_30NXM_20180201_0_L2A,0.045371,0.028348,-0.182308,0.046401,1.127066,0.2182,0.1936,0.2834,0.1733,186,748,0.7513,20.595,ACCEPTABLE,0.92
2018-02-06,P01,S2B_30NXM_20180206_0_L2A,-0.075844,0.037909,-0.034581,0.133779,0.846586,0.0905,0.1069,0.1201,0.0851,258,748,0.6551,31.955,ACCEPTABLE,0.92
2018-03-03,P01,S2A_30NXM_20180303_0_L2A,0.047563,0.042773,-0.041587,0.484446,1.092954,0.1458,0.1334,0.1413,0.04835,216,748,0.7112,41.468,ACCEPTABLE,0.92
2018-03-08,P01,S2B_30NXM_20180308_0_L2A,0.033859,0.050623,0.029495,0.328929,1.076577,0.1195,0.111,0.1062,0.054,340,748,0.5455,44.23,ACCEPTABLE,0.92
2018-03-13,P01,S2A_30NXM_20180313_0_L2A,0.016357,0.032655,0.012653,0.194098,1.026696,0.1423,0.1386,0.1291,0.0895,90,748,0.8797,40.671,LOW_QUALITY,0.64
2018-03-23,P01,S2A_30NXM_20180323_1_L2A,0.100058,0.029903,0.259045,0.467463,1.23172,0.2291,0.186,0.1101,0.0658,148,748,0.8021,61.526,ACCEPTABLE,0.72
2018-04-22,P01,S2A_30NXM_20180422_0_L2A,0.040823,0.030755,-0.039417,0.065169,1.043726,0.1098,0.1052,0.12,0.096,118,748,0.8422,39.1,ACCEPTABLE,0.72
2018-04-27,P01,S2B_30NXM_20180427_0_L2A,0.053778,0.04699,-0.176128,0.0055,1.110709,0.1535,0.1382,0.1988,0.13825,72,748,0.9037,17.298,LOW_QUALITY,0.64
2018-05-22,P01,S2A_30NXM_20180522_0_L2A,0.082197,0.042119,-0.164338,0.041116,1.194795,0.1515,0.1268,0.1685,0.1229,118,748,0.8422,31.143,ACCEPTABLE,0.72
2018-06-01,P01,S2A_30NXM_20180601_0_L2A,0.013272,0.024952,-0.1964,-0.012579,1.026379,0.1284,0.1251,0.184,0.1276,478,748,0.361,49.499,GOOD,1.0
2018-06-06,P01,S2B_30NXM_20180606_0_L2A,0.105557,0.048014,-0.004679,0.636662,1.239296,0.3097,0.2499,0.2543,0.0575,150,748,0.7995,46.185,ACCEPTABLE,0.92
2018-06-16,P01,S2B_30NXM_20180616_1_L2A,0.087691,0.02834,0.102467,0.439799,1.196773,0.267,0.2231,0.1822,0.0914,190,748,0.746,70.181,ACCEPTABLE,0.92
2018-07-31,P01,S2A_30NXM_20180731_0_L2A,0.124487,0.022106,0.066703,0.599967,1.290234,0.1876,0.1454,0.1346,0.0381,592,748,0.2086,33.362,GOOD,1.0
2018-08-05,P01,S2B_30NXM_20180805_0_L2A,0.038082,0.073638,-0.255202,-0.073232,1.09488,0.1454,0.1328,0.2377,0.1372,298,748,0.6016,13.98,ACCEPTABLE,0.8
2018-09-09,P01,S2A_30NXM_20180909_0_L2A,0.037191,0.044404,0.036833,0.442066,1.049757,0.173,0.1648,0.1889,0.0579,274,748,0.6337,71.89,ACCEPTABLE,0.92
2018-09-14,P01,S2B_30NXM_20180914_0_L2A,0.053755,0.058061,0.027069,0.445067,1.145974,0.1523,0.1329,0.1338,0.0518,318,748,0.5749,44.186,ACCEPTABLE,0.92
2018-09-19,P01,S2A_30NXM_20180919_0_L2A,0.074326,0.042962,-0.031668,0.277246,1.061554,0.2104,0.1982,0.2338,0.0936,528,748,0.2941,70.756,GOOD,1.0
2018-10-14,P01,S2B_30NXM_20181014_0_L2A,0.047412,0.055325,0.006414,0.239486,1.101449,0.1596,0.1449,0.1715,0.06965,344,748,0.5401,74.551,ACCEPTABLE,0.92
2018-10-19,P01,S2A_30NXM_20181019_0_L2A,0.082808,0.0531,0.070116,0.458592,1.155573,0.1493,0.1292,0.1519,0.0527,230,748,0.6925,39.469,ACCEPTABLE,0.92
2018-10-24,P01,S2B_30NXM_20181024_0_L2A,0.00995,0.047311,0.18225,0.56865,1.018834,0.1136,0.1115,0.0791,0.0302,466,748,0.377,69.243,GOOD,1.0
2018-11-03,P01,S2B_30NXM_20181103_0_L2A,0.104247,0.057157,0.012757,0.618222,1.203873,0.2238,0.1859,0.1845,0.0421,554,748,0.2594,30.452,GOOD,1.0
2018-11-18,P01,S2A_30NXM_20181118_0_L2A,0.07712,0.053096,0.023371,0.553168,1.156187,0.171,0.1479,0.1674,0.04345,488,748,0.3476,39.967,GOOD,1.0
2018-11-23,P01,S2B_30NXM_20181123_0_L2A,0.095596,0.059373,-0.057336,0.386906,1.110224,0.2085,0.1878,0.2315,0.0683,594,748,0.2059,32.138,GOOD,1.0
2018-11-28,P01,S2A_30NXM_20181128_0_L2A,0.044872,0.04592,0.036012,0.358974,1.110092,0.1573,0.1417,0.1316,0.06265,236,748,0.6845,25.833,ACCEPTABLE,0.92
2018-12-03,P01,S2B_30NXM_20181203_0_L2A,0.106527,0.045319,-0.073776,0.504087,1.229527,0.2132,0.1734,0.2091,0.0508,698,748,0.0668,14.328,GOOD,1.0
2018-12-18,P01,S2A_30NXM_20181218_0_L2A,0.067693,0.034932,-0.055886,0.518976,1.13228,0.1361,0.1202,0.12835,0.041,286,748,0.6176,29.326,ACCEPTABLE,0.92
2018-12-23,P01,S2B_30NXM_20181223_0_L2A,-0.011195,0.014341,-0.159985,-0.02399,0.997028,0.2348,0.2355,0.3255,0.24545,48,748,0.9358,22.019,LOW_QUALITY,0.64
2018-12-28,P01,S2A_30NXM_20181228_0_L2A,-0.015472,0.012984,-0.28177,-0.08022,0.972603,0.142,0.146,0.2648,0.1704,86,748,0.885,1.864,LOW_QUALITY,0.64
2019-01-02,P01,S2B_30NXM_20190102_0_L2A,0.048939,0.039952,-0.135482,0.200066,1.104319,0.1969,0.1783,0.2487,0.1043,650,748,0.131,21.898,GOOD,1.0
2019-01-17,P01,S2A_30NXM_20190117_0_L2A,0.057028,0.027804,-0.10351,0.131166,1.14378,0.1416,0.1238,0.1473,0.0905,506,748,0.3235,23.241,GOOD,1.0
2019-01-22,P01,S2B_30NXM_20190122_0_L2A,0.109208,0.046473,-0.148645,0.327732,1.242857,0.2175,0.175,0.2442,0.0871,748,748,0.0,10.95,GOOD,1.0
2019-01-27,P01,S2A_30NXM_20190127_0_L2A,0.071881,0.031312,-0.117118,0.316409,1.136488,0.1249,0.1099,0.1544,0.0551,370,748,0.5053,45.116,ACCEPTABLE,0.92
2019-02-01,P01,S2B_30NXM_20190201_0_L2A,-0.003442,0.026346,0.048798,0.286327,0.991781,0.1448,0.146,0.1306,0.0754,281,748,0.6243,42.377,ACCEPTABLE,0.92
2019-02-11,P01,S2B_30NXM_20190211_0_L2A,0.028623,0.045915,-0.172119,-0.138813,1.071429,0.192,0.1792,0.32965,0.2165,50,748,0.9332,15.951,LOW_QUALITY,0.64
2019-02-16,P01,S2A_30NXM_20190216_0_L2A,0.019877,0.017611,-0.135053,0.143779,1.045391,0.1497,0.1432,0.1874,0.1071,126,748,0.8316,21.628,ACCEPTABLE,0.72
2019-02-21,P01,S2B_30NXM_20190221_0_L2A,0.090434,0.034914,-0.106997,0.285951,1.211604,0.213,0.1758,0.2219,0.0862,748,748,0.0,12.045,GOOD,1.0
2019-02-26,P01,S2A_30NXM_20190226_0_L2A,0.068264,0.032797,-0.188665,0.122771,1.149842,0.2187,0.1902,0.2745,0.1481,536,748,0.2834,1.865,GOOD,1.0
2019-03-03,P01,S2B_30NXM_20190303_0_L2A,0.050146,0.021826,-0.066081,0.138508,1.119743,0.1571,0.1403,0.1623,0.10845,56,748,0.9251,49.461,LOW_QUALITY,0.64
2019-03-08,P01,S2A_30NXM_20190308_0_L2A,0.030225,0.02691,-0.050019,0.160904,1.065868,0.1246,0.1169,0.1316,0.0816,438,748,0.4144,29.403,GOOD,1.0
2019-03-13,P01,S2B_30NXM_20190313_0_L2A,0.014787,0.041139,-0.221895,-0.002093,1.085989,0.1465,0.1349,0.1922,0.1306,286,748,0.6176,19.728,ACCEPTABLE,0.92
2019-03-18,P01,S2A_30NXM_20190318_0_L2A,0.109989,0.037363,-0.143141,0.320592,1.255913,0.2655,0.2114,0.2866,0.0947,748,748,0.0,35.554,GOOD,1.0
2019-03-28,P01,S2A_30NXM_20190328_1_L2A,0.102402,0.01634,-0.072015,0.453448,1.226191,0.2884,0.2352,0.2728,0.0875,312,748,0.5829,53.558,ACCEPTABLE,0.92
2019-04-02,P01,S2B_30NXM_20190402_1_L2A,0.081251,0.037931,-0.093508,0.286276,1.147488,0.2513,0.219,0.2696,0.10765,748,748,0.0,12.862,GOOD,1.0
2019-04-12,P01,S2B_30NXM_20190412_1_L2A,-0.020346,0.010048,-0.159329,0.258361,0.944087,0.2938,0.3112,0.431,0.18715,308,748,0.5882,66.843,ACCEPTABLE,0.92
2019-04-22,P01,S2B_30NXM_20190422_0_L2A,0.007727,0.020714,-0.172383,-0.005036,1.032529,0.1841,0.1783,0.2743,0.17235,16,748,0.9786,21.006,LOW_QUALITY,0.49
2019-04-27,P01,S2A_30NXM_20190427_1_L2A,0.093841,0.017542,-0.042425,0.499555,1.213529,0.2978,0.2454,0.26965,0.0817,548,748,0.2674,43.677,GOOD,1.0
2019-05-02,P01,S2B_30NXM_20190502_0_L2A,0.10454,0.046514,-0.038897,0.568818,1.235485,0.266,0.2153,0.23755,0.05295,676,748,0.0963,32.325,GOOD,1.0
2019-05-07,P01,S2A_30NXM_20190507_0_L2A,0.017442,0.047167,-0.195868,-0.095388,1.098385,0.1496,0.1362,0.2212,0.16025,72,748,0.9037,56.192,LOW_QUALITY,0.64
2019-05-12,P01,S2B_30NXM_20190512_1_L2A,0.072421,0.033271,-0.084037,0.267595,1.119484,0.2689,0.2402,0.2956,0.1334,626,748,0.1631,63.819,GOOD,1.0
2019-05-17,P01,S2A_30NXM_20190517_1_L2A,0.123018,0.031031,0.006725,0.678992,1.285657,0.32,0.2489,0.2474,0.04095,744,748,0.0053,56.971,GOOD,1.0
2019-06-21,P01,S2B_30NXM_20190621_0_L2A,-0.014245,0.026781,-0.161385,-0.037277,0.974,0.2435,0.25,0.3824,0.2867,150,748,0.7995,75.937,ACCEPTABLE,0.92
2019-08-30,P01,S2B_30NXM_20190830_0_L2A,0.030642,0.039874,-0.098821,0.327397,1.061316,0.2354,0.2218,0.2786,0.11055,604,748,0.1925,82.245,GOOD,1.0
2019-10-09,P01,S2B_30NXM_20191009_0_L2A,-0.035098,0.017929,-0.093389,0.086333,0.936328,0.2397,0.256,0.3107,0.2145,222,748,0.7032,82.914,ACCEPTABLE,0.92
2019-10-24,P01,S2A_30NXM_20191024_0_L2A,0.100262,0.047444,0.043674,0.556904,1.133987,0.2082,0.1836,0.1746,0.05025,324,748,0.5668,45.568,ACCEPTABLE,0.92
2019-11-03,P01,S2A_30NXM_20191103_0_L2A,-0.055349,0.049967,-0.214683,-0.028358,0.913924,0.1444,0.158,0.2439,0.1624,60,748,0.9198,81.504,LOW_QUALITY,0.64
2019-11-08,P01,S2B_30NXM_20191108_0_L2A,0.042328,0.059733,-0.05144,0.247209,1.03898,0.1466,0.1411,0.17465,0.0823,670,748,0.1043,44.138,GOOD,1.0
2019-11-13,P01,S2A_30NXM_20191113_0_L2A,0.069477,0.037812,0.012047,0.266998,1.152155,0.131,0.1137,0.11975,0.0652,286,748,0.6176,27.777,ACCEPTABLE,0.92
2019-11-18,P01,S2B_30NXM_20191118_0_L2A,0.105679,0.063914,-0.055982,0.379781,1.211433,0.1547,0.1277,0.2345,0.0715,222,748,0.7032,29.334,ACCEPTABLE,0.8
2019-11-23,P01,S2A_30NXM_20191123_0_L2A,-0.009591,0.036992,-0.149315,0.13459,0.986557,0.1321,0.1339,0.1819,0.11085,56,748,0.9251,26.743,LOW_QUALITY,0.64
2019-11-28,P01,S2B_30NXM_20191128_1_L2A,0.119361,0.035409,-0.024505,0.657865,1.272246,0.2645,0.2079,0.22445,0.0375,634,748,0.1524,40.466,GOOD,1.0
2019-12-03,P01,S2A_30NXM_20191203_0_L2A,-0.043816,0.054604,-0.193812,0.052168,0.896308,0.1141,0.1273,0.1942,0.11445,120,748,0.8396,26.82,ACCEPTABLE,0.72
2019-12-08,P01,S2B_30NXM_20191208_1_L2A,0.116164,0.032068,-0.080998,0.577659,1.265649,0.2487,0.1965,0.2364,0.0498,748,748,0.0,32.508,GOOD,1.0
2019-12-13,P01,S2A_30NXM_20191213_0_L2A,0.087754,0.047036,-0.111875,0.380521,1.174866,0.2627,0.2236,0.27745,0.0949,416,748,0.4439,26.841,GOOD,1.0
2019-12-18,P01,S2B_30NXM_20191218_0_L2A,0.098161,0.045441,-0.104911,0.447887,1.25827,0.1978,0.1572,0.2139,0.0545,702,748,0.0615,23.951,GOOD,1.0
2019-12-23,P01,S2A_30NXM_20191223_1_L2A,0.105954,0.044351,-0.127885,0.494491,1.186015,0.2646,0.2231,0.2938,0.06685,708,748,0.0535,26.067,GOOD,1.0
2019-12-28,P01,S2B_30NXM_20191228_1_L2A,0.108657,0.03512,-0.168956,0.377902,1.208502,0.2388,0.1976,0.2815,0.0844,748,748,0.0,17.516,GOOD,1.0
2020-01-02,P01,S2A_30NXM_20200102_1_L2A,0.119276,0.026054,-0.153328,0.460357,1.272629,0.2348,0.1845,0.25305,0.0668,596,748,0.2032,10.595,GOOD,1.0
2020-01-07,P01,S2B_30NXM_20200107_1_L2A,0.126429,0.01977,-0.274065,0.032657,1.288875,0.2039,0.1582,0.2854,0.1451,748,748,0.0,0.017,GOOD,1.0
2020-01-12,P01,S2A_30NXM_20200112_1_L2A,0.116737,0.0164,-0.167746,0.277026,1.260513,0.2308,0.1831,0.2631,0.1023,748,748,0.0,3.084,GOOD,1.0
2020-01-17,P01,S2B_30NXM_20200117_0_L2A,0.034815,0.029213,-0.068121,0.170424,1.068843,0.1506,0.1409,0.16335,0.1045,382,748,0.4893,22.284,GOOD,1.0
2020-01-22,P01,S2A_30NXM_20200122_1_L2A,0.129802,0.022395,-0.211492,0.031561,1.302656,0.2109,0.1619,0.2636,0.1551,598,748,0.2005,17.126,GOOD,1.0
2020-01-27,P01,S2B_30NXM_20200127_1_L2A,0.222499,0.028628,-0.322409,0.084847,1.575568,0.2012,0.1277,0.25445,0.10645,748,748,0.0,0.911,GOOD,1.0
2020-02-01,P01,S2A_30NXM_20200201_0_L2A,-0.004655,0.021765,0.071018,0.309091,0.992476,0.1319,0.1329,0.1175,0.07145,244,748,0.6738,31.203,ACCEPTABLE,0.92
2020-02-06,P01,S2B_30NXM_20200206_1_L2A,0.085422,0.033282,-0.120614,0.27365,1.16763,0.1616,0.1384,0.17405,0.0801,632,748,0.1551,32.41,GOOD,1.0
2020-02-11,P01,S2A_30NXM_20200211_1_L2A,0.01207,0.014324,-0.137615,0.126087,1.027883,0.2175,0.2116,0.2819,0.1627,230,748,0.6925,71.283,ACCEPTABLE,0.92
2020-02-16,P01,S2B_30NXM_20200216_1_L2A,0.053255,0.029828,-0.195617,0.189219,1.119138,0.2076,0.1855,0.2895,0.1286,76,748,0.8984,36.527,LOW_QUALITY,0.64
2020-02-21,P01,S2A_30NXM_20200221_1_L2A,0.052433,0.018375,-0.180154,0.15589,1.101181,0.2144,0.1947,0.2865,0.1393,140,748,0.8128,53.336,ACCEPTABLE,0.72
2020-03-02,P01,S2A_30NXM_20200302_0_L2A,0.049554,0.028255,-0.135737,0.104489,1.134081,0.2326,0.2051,0.2643,0.1448,692,748,0.0749,40.453,GOOD,1.0
2020-03-07,P01,S2B_30NXM_20200307_0_L2A,0.004929,0.030294,-0.16067,0.018607,1.024665,0.1454,0.1419,0.203,0.1318,42,748,0.9439,75.328,LOW_QUALITY,0.64
2020-03-12,P01,S2A_30NXM_20200312_0_L2A,0.015765,0.043268,-0.174816,-0.062682,1.042445,0.2677,0.2568,0.37275,0.2607,218,748,0.7086,44.609,ACCEPTABLE,0.92
2020-05-06,P01,S2B_30NXM_20200506_0_L2A,0.077505,0.048276,-0.118937,0.389537,1.168029,0.2857,0.2446,0.3238,0.1046,532,748,0.2888,55.2,GOOD,1.0
2020-05-16,P01,S2B_30NXM_20200516_1_L2A,0.116697,0.038166,-0.065562,0.625966,1.247278,0.3208,0.2572,0.302,0.05675,748,748,0.0,59.981,GOOD,1.0
2020-05-21,P01,S2A_30NXM_20200521_0_L2A,0.020865,0.021521,-0.186623,0.136766,1.037402,0.1581,0.1524,0.2132,0.11285,32,748,0.9572,59.545,LOW_QUALITY,0.49
2020-05-26,P01,S2B_30NXM_20200526_0_L2A,0.114722,0.044954,-0.070764,0.620318,1.273103,0.2769,0.2175,0.2613,0.0476,692,748,0.0749,17.89,GOOD,1.0
2020-05-31,P01,S2A_30NXM_20200531_1_L2A,0.124321,0.027285,-0.091194,0.470307,1.297175,0.2296,0.177,0.2154,0.0664,748,748,0.0,33.096,GOOD,1.0
2020-06-10,P01,S2A_30NXM_20200610_0_L2A,0.044064,0.037363,0.024051,0.409216,1.063526,0.149,0.1401,0.1501,0.05,234,748,0.6872,59.309,ACCEPTABLE,0.92
2020-06-15,P01,S2B_30NXM_20200615_0_L2A,0.036065,0.042717,-0.042541,0.381387,1.057443,0.1307,0.1236,0.1388,0.0524,416,748,0.4439,66.891,GOOD,1.0
2020-06-25,P01,S2B_30NXM_20200625_1_L2A,0.031385,0.040457,-0.136576,0.143663,1.074823,0.2126,0.1978,0.2859,0.1365,100,748,0.8663,74.596,LOW_QUALITY,0.64
2020-08-04,P01,S2B_30NXM_20200804_1_L2A,0.133044,0.033918,-0.109932,0.633433,1.31085,0.2682,0.2046,0.25755,0.0445,748,748,0.0,25.874,GOOD,1.0
2020-08-09,P01,S2A_30NXM_20200809_1_L2A,0.015301,0.027985,-0.153323,0.279877,1.026651,0.1695,0.1651,0.2253,0.0904,14,748,0.9813,63.929,LOW_QUALITY,0.49
2020-08-19,P01,S2A_30NXM_20200819_1_L2A,0.11782,0.028617,-0.103634,0.548285,1.295455,0.285,0.22,0.2758,0.06505,748,748,0.0,66.064,GOOD,1.0
2020-08-24,P01,S2B_30NXM_20200824_1_L2A,0.08731,0.01349,-0.124063,0.389339,1.193684,0.3704,0.3103,0.4016,0.1369,16,748,0.9786,67.923,LOW_QUALITY,0.49
2020-10-03,P01,S2B_30NXM_20201003_0_L2A,-0.013882,0.051838,-0.075869,0.270746,0.989182,0.1463,0.1479,0.186,0.087,80,748,0.893,96.4,LOW_QUALITY,0.64
2020-10-08,P01,S2A_30NXM_20201008_0_L2A,0.018786,0.043181,-0.216412,0.038404,1.020384,0.1702,0.1668,0.2559,0.1456,26,748,0.9652,72.28,LOW_QUALITY,0.49
2020-10-18,P01,S2A_30NXM_20201018_0_L2A,0.004442,0.039453,-0.187827,-0.014597,1.018244,0.1786,0.1754,0.2575,0.1678,118,748,0.8422,58.998,ACCEPTABLE,0.72
2020-10-23,P01,S2B_30NXM_20201023_0_L2A,0.020701,0.046873,-0.202726,0.065287,1.024,0.2688,0.2625,0.3937,0.22635,252,748,0.6631,63.601,ACCEPTABLE,0.92
2020-10-28,P01,S2A_30NXM_20201028_0_L2A,0.070683,0.035531,-0.127853,0.350626,1.121504,0.2326,0.2074,0.2842,0.1015,704,748,0.0588,53.5,GOOD,1.0
2020-11-02,P01,S2B_30NXM_20201102_1_L2A,0.095076,0.025833,-0.075671,0.484242,1.209866,0.2894,0.2392,0.2854,0.0813,748,748,0.0,68.227,GOOD,1.0
2020-11-12,P01,S2B_30NXM_20201112_0_L2A,0.039155,0.049727,-0.126088,0.202047,1.040211,0.1578,0.1517,0.2214,0.0844,432,748,0.4225,36.665,GOOD,1.0
2020-11-17,P01,S2A_30NXM_20201117_0_L2A,0.078033,0.038217,-0.168172,0.335098,1.156654,0.2503,0.2164,0.3086,0.0983,610,748,0.1845,39.189,GOOD,1.0
2020-12-07,P01,S2A_30NXM_20201207_0_L2A,0.10452,0.04777,-0.095717,0.573319,1.25782,0.2654,0.211,0.27075,0.0539,382,748,0.4893,43.301,GOOD,1.0
2020-12-12,P01,S2B_30NXM_20201212_1_L2A,0.131766,0.038941,-0.108798,0.616108,1.319335,0.3016,0.2286,0.29225,0.0549,712,748,0.0481,61.521,GOOD,1.0
2020-12-22,P01,S2B_30NXM_20201222_0_L2A,0.005259,0.045759,-0.203182,0.028982,0.987654,0.144,0.1458,0.2392,0.1373,670,748,0.1043,39.675,GOOD,1.0
2020-12-27,P01,S2A_30NXM_20201227_0_L2A,0.025998,0.035719,-0.130551,0.141127,1.091088,0.1665,0.1526,0.2153,0.1384,62,748,0.9171,21.463,LOW_QUALITY,0.64
2021-01-01,P01,S2B_30NXM_20210101_0_L2A,0.037649,0.022704,-0.09941,0.276923,1.084507,0.1232,0.1136,0.1407,0.0655,574,748,0.2326,45.889,GOOD,1.0
2021-01-11,P01,S2B_30NXM_20210111_0_L2A,-0.028794,0.039876,0.065569,0.411904,0.95024,0.1585,0.1668,0.1427,0.06685,28,748,0.9626,38.528,LOW_QUALITY,0.49
2021-01-16,P01,S2A_30NXM_20210116_1_L2A,0.133252,0.033401,-0.162126,0.477481,1.281443,0.27,0.2107,0.3123,0.0748,488,748,0.3476,39.606,GOOD,1.0
2021-01-21,P01,S2B_30NXM_20210121_1_L2A,0.097821,0.027677,-0.216508,0.232551,1.229752,0.2232,0.1815,0.2868,0.1131,576,748,0.2299,30.879,GOOD,1.0
2021-01-26,P01,S2A_30NXM_20210126_1_L2A,0.098152,0.01998,-0.272899,0.040259,1.217815,0.1873,0.1538,0.273,0.14295,748,748,0.0,0.493,GOOD,1.0
2021-01-31,P01,S2B_30NXM_20210131_1_L2A,0.104562,0.027004,-0.207036,0.16738,1.246257,0.2414,0.1937,0.2971,0.1358,98,748,0.869,44.729,LOW_QUALITY,0.64
2021-02-05,P01,S2A_30NXM_20210205_0_L2A,0.02689,0.020498,-0.127109,0.063165,1.082789,0.2982,0.2754,0.3793,0.2344,106,748,0.8583,58.888,LOW_QUALITY,0.64
2021-02-10,P01,S2B_30NXM_20210210_0_L2A,0.101624,0.046496,-0.167858,0.241046,1.262022,0.2572,0.2038,0.2962,0.1209,680,748,0.0909,31.521,GOOD,1.0
2021-02-15,P01,S2A_30NXM_20210215_0_L2A,0.019471,0.039428,-0.030328,0.35888,1.033283,0.1366,0.1322,0.13945,0.0652,672,748,0.1016,49.851,GOOD,1.0
2021-02-25,P01,S2A_30NXM_20210225_0_L2A,0.018428,0.017546,-0.114511,0.121218,1.058786,0.1675,0.1582,0.195,0.12135,276,748,0.631,35.713,ACCEPTABLE,0.92
2021-03-02,P01,S2B_30NXM_20210302_0_L2A,0.066404,0.031883,-0.20541,0.158676,1.158621,0.2352,0.203,0.311,0.1511,748,748,0.0,57.852,GOOD,1.0
2021-03-07,P01,S2A_30NXM_20210307_0_L2A,0.015358,0.030992,-0.231876,-0.065758,1.06354,0.1406,0.1322,0.205,0.1465,129,748,0.8275,88.351,ACCEPTABLE,0.72
2021-04-06,P01,S2A_30NXM_20210406_0_L2A,0.081433,0.029985,-0.175306,0.302893,1.18641,0.2584,0.2178,0.312,0.1148,716,748,0.0428,41.411,GOOD,1.0
2021-04-11,P01,S2B_30NXM_20210411_1_L2A,0.153095,0.044948,-0.131738,0.531918,1.369673,0.2764,0.2018,0.2685,0.0625,748,748,0.0,22.014,GOOD,1.0
2021-04-16,P01,S2A_30NXM_20210416_0_L2A,0.102609,0.054623,-0.187565,0.187402,1.181939,0.2657,0.2248,0.3371,0.1415,458,748,0.3877,49.738,GOOD,1.0
2021-04-26,P01,S2A_30NXM_20210426_0_L2A,0.031204,0.026752,-0.061275,0.31317,1.073938,0.1467,0.1366,0.1549,0.0724,68,748,0.9091,31.126,LOW_QUALITY,0.64
2021-05-01,P01,S2B_30NXM_20210501_0_L2A,0.109794,0.05567,-0.142883,0.488448,1.172845,0.2626,0.2239,0.3162,0.0586,256,748,0.6578,18.079,ACCEPTABLE,0.92
2021-05-21,P01,S2B_30NXM_20210521_0_L2A,-0.02762,0.041901,-0.12844,-0.011875,0.996575,0.291,0.292,0.388,0.2978,311,748,0.5842,72.472,ACCEPTABLE,0.92
2021-06-05,P01,S2A_30NXM_20210605_0_L2A,0.054491,0.041131,-0.016849,0.481991,1.106072,0.1512,0.1367,0.1422,0.0527,670,748,0.1043,55.227,GOOD,1.0
2021-06-30,P01,S2B_30NXM_20210630_0_L2A,0.086378,0.04121,-0.05076,0.578734,1.131245,0.3034,0.2682,0.3108,0.0609,606,748,0.1898,61.657,GOOD,1.0
2021-07-05,P01,S2A_30NXM_20210705_0_L2A,0.027192,0.040549,-0.048605,0.343326,1.058326,0.1125,0.1063,0.1205,0.0527,378,748,0.4947,56.18,GOOD,1.0
2021-07-10,P01,S2B_30NXM_20210710_0_L2A,-0.009776,0.030504,-0.146082,-0.023445,0.995968,0.2964,0.2976,0.4154,0.3221,392,748,0.4759,38.042,GOOD,1.0
2021-07-20,P01,S2B_30NXM_20210720_0_L2A,-0.023079,0.050149,-0.167079,0.016013,1.045843,0.3057,0.2923,0.4214,0.2864,170,748,0.7727,88.298,ACCEPTABLE,0.92
2021-07-30,P01,S2B_30NXM_20210730_1_L2A,0.150483,0.02782,-0.042475,0.601632,1.359627,0.2775,0.2041,0.2254,0.0433,730,748,0.0241,47.812,GOOD,1.0
2021-08-19,P01,S2B_30NXM_20210819_0_L2A,-0.006334,0.022764,-0.229779,-0.131089,0.989318,0.2408,0.2434,0.405,0.3309,43,748,0.9425,78.339,LOW_QUALITY,0.64
2021-09-13,P01,S2A_30NXM_20210913_0_L2A,0.080452,0.039945,-0.05344,0.467491,1.181339,0.2912,0.2465,0.2794,0.0794,546,748,0.2701,58.541,GOOD,1.0
2021-09-18,P01,S2B_30NXM_20210918_0_L2A,0.038105,0.049355,-0.183292,0.047222,1.068982,0.2216,0.2073,0.3167,0.19125,336,748,0.5508,48.018,ACCEPTABLE,0.92
2021-09-23,P01,S2A_30NXM_20210923_1_L2A,0.09518,0.025753,-0.084484,0.48924,1.184687,0.2553,0.2155,0.2717,0.0726,88,748,0.8824,57.356,LOW_QUALITY,0.64
2021-09-28,P01,S2B_30NXM_20210928_0_L2A,0.114129,0.05279,-0.015306,0.647819,1.313627,0.2622,0.1996,0.1684,0.0462,163,748,0.7821,69.347,ACCEPTABLE,0.92
2021-10-03,P01,S2A_30NXM_20211003_0_L2A,0.062868,0.043501,-0.065227,0.436576,1.063248,0.2488,0.234,0.3067,0.0862,294,748,0.607,58.176,ACCEPTABLE,0.92
2021-10-08,P01,S2B_30NXM_20211008_0_L2A,0.027274,0.044734,0.023681,0.314571,1.046656,0.1346,0.1286,0.1256,0.0606,310,748,0.5856,72.3,ACCEPTABLE,0.92
2021-10-13,P01,S2A_30NXM_20211013_0_L2A,0.012407,0.029079,-0.198452,0.00742,1.030873,0.1369,0.1328,0.2007,0.13325,176,748,0.7647,14.038,ACCEPTABLE,0.92
2021-10-18,P01,S2B_30NXM_20211018_1_L2A,0.082971,0.037342,-0.085708,0.180348,1.169803,0.2549,0.2179,0.25865,0.1445,102,748,0.8636,52.75,LOW_QUALITY,0.64
2021-10-23,P01,S2A_30NXM_20211023_0_L2A,0.06322,0.033296,-0.173438,-0.015939,1.129518,0.15,0.1328,0.1811,0.1059,102,748,0.8636,73.051,LOW_QUALITY,0.64
2021-10-28,P01,S2B_30NXM_20211028_0_L2A,0.089202,0.067093,-0.135962,0.314203,1.155523,0.318,0.2752,0.364,0.1258,490,748,0.3449,49.588,ACCEPTABLE,0.88
2021-11-07,P01,S2B_30NXM_20211107_0_L2A,0.115434,0.042476,-0.071151,0.573963,1.212893,0.2427,0.2001,0.26335,0.0564,682,748,0.0882,25.007,GOOD,1.0
2021-11-12,P01,S2A_30NXM_20211112_0_L2A,0.111453,0.050156,-0.090393,0.528699,1.160591,0.2356,0.203,0.26275,0.05615,724,748,0.0321,33.772,GOOD,1.0
2021-11-27,P01,S2B_30NXM_20211127_0_L2A,0.049795,0.059095,-0.008701,0.537978,1.106647,0.1515,0.1369,0.1631,0.0439,338,748,0.5481,47.722,ACCEPTABLE,0.92
2021-12-02,P01,S2A_30NXM_20211202_0_L2A,0.031672,0.039315,-0.0552,0.433072,1.051056,0.1194,0.1136,0.12635,0.0424,262,748,0.6497,30.2,ACCEPTABLE,0.92
2021-12-12,P01,S2A_30NXM_20211212_1_L2A,0.086135,0.027103,-0.21755,0.258997,1.191114,0.2225,0.1868,0.3014,0.1085,504,748,0.3262,50.451,GOOD,1.0
2021-12-22,P01,S2A_30NXM_20211222_1_L2A,0.141398,0.031257,-0.20678,0.351728,1.335106,0.251,0.188,0.291,0.0901,748,748,0.0,2.967,GOOD,1.0
2021-12-27,P01,S2B_30NXM_20211227_1_L2A,0.117262,0.03372,-0.180004,0.377482,1.281974,0.2546,0.1986,0.3,0.0905,574,748,0.2326,46.857,GOOD,1.0
2022-01-06,P01,S2B_30NXM_20220106_0_L2A,0.049011,0.03594,-0.182482,0.023999,1.070812,0.248,0.2316,0.3419,0.2069,356,748,0.5241,22.368,ACCEPTABLE,0.92
2022-01-21,P01,S2A_30NXM_20220121_0_L2A,0.140631,0.037212,-0.223168,0.272672,1.360174,0.25,0.1838,0.29015,0.1052,748,748,0.0,1.758,GOOD,1.0
2022-01-26,P01,S2B_30NXM_20220126_0_L2A,0.185503,0.04958,-0.285052,0.305289,1.521324,0.239,0.1571,0.28615,0.0856,748,748,0.0,0.001,GOOD,1.0
2022-02-10,P01,S2A_30NXM_20220210_0_L2A,0.076171,0.019103,-0.184961,0.126289,1.171334,0.2468,0.2107,0.3164,0.1599,548,748,0.2674,29.208,GOOD,1.0
2022-03-02,P01,S2A_30NXM_20220302_0_L2A,0.117208,0.037647,-0.184948,0.303179,1.345627,0.2554,0.1898,0.28135,0.1061,748,748,0.0,23.286,GOOD,1.0
2022-03-07,P01,S2B_30NXM_20220307_0_L2A,0.119038,0.033069,-0.148341,0.487443,1.28721,0.2828,0.2197,0.3022,0.0762,654,748,0.1257,22.008,GOOD,1.0
2022-05-01,P01,S2A_30NXM_20220501_0_L2A,0.083957,0.030169,-0.089145,0.460752,1.188901,0.3342,0.2811,0.3362,0.0954,68,748,0.9091,50.6,LOW_QUALITY,0.64
2022-05-31,P01,S2A_30NXM_20220531_0_L2A,0.095786,0.021573,-0.107619,0.481323,1.215273,0.3342,0.275,0.3414,0.0942,142,748,0.8102,72.067,ACCEPTABLE,0.72
2022-06-05,P01,S2B_30NXM_20220605_0_L2A,0.111623,0.023955,-0.036687,0.56847,1.297594,0.3074,0.2369,0.237,0.07135,244,748,0.6738,59.95,ACCEPTABLE,0.92
2022-07-25,P01,S2B_30NXM_20220725_0_L2A,0.056789,0.030317,-0.155895,0.306064,1.140097,0.3304,0.2898,0.4072,0.1572,568,748,0.2406,81.51,GOOD,1.0
2022-10-08,P01,S2A_30NXM_20221008_0_L2A,0.099754,0.023892,0.038893,0.414076,1.217172,0.241,0.198,0.1813,0.0772,166,748,0.7781,72.875,ACCEPTABLE,0.92
2022-10-28,P01,S2A_30NXM_20221028_0_L2A,0.103484,0.033771,-0.046419,0.516475,1.089781,0.2634,0.2417,0.31475,0.0727,476,748,0.3636,52.316,GOOD,1.0
2022-11-02,P01,S2B_30NXM_20221102_0_L2A,0.098706,0.031811,-0.047918,0.435317,1.205908,0.2776,0.2302,0.2588,0.0888,130,748,0.8262,54.501,ACCEPTABLE,0.72
2022-11-17,P01,S2A_30NXM_20221117_0_L2A,0.116774,0.030682,-0.089496,0.628444,1.278638,0.2891,0.2261,0.2606,0.0447,436,748,0.4171,40.431,GOOD,1.0
2022-12-17,P01,S2A_30NXM_20221217_0_L2A,0.015538,0.017623,-0.025644,0.277536,1.028747,0.1503,0.1461,0.15295,0.0879,68,748,0.9091,51.599,LOW_QUALITY,0.64
2022-12-22,P01,S2B_30NXM_20221222_0_L2A,0.114268,0.039736,-0.158756,0.411472,1.25,0.253,0.2024,0.32105,0.0818,210,748,0.7193,39.2,ACCEPTABLE,0.92
2022-12-27,P01,S2A_30NXM_20221227_0_L2A,0.132273,0.022769,-0.198318,0.467581,1.306243,0.2427,0.1858,0.2835,0.066,748,748,0.0,1.914,GOOD,1.0
2023-01-01,P01,S2B_30NXM_20230101_0_L2A,0.112381,0.022609,-0.200315,0.385783,1.254453,0.2465,0.1965,0.29965,0.0878,748,748,0.0,0.098,GOOD,1.0
2023-01-11,P01,S2B_30NXM_20230111_0_L2A,0.075789,0.034415,-0.203529,0.197354,1.225842,0.2258,0.1842,0.28165,0.1094,158,748,0.7888,36.464,ACCEPTABLE,0.92
2023-01-16,P01,S2A_30NXM_20230116_0_L2A,0.103157,0.023832,-0.222635,0.21504,1.23627,0.2161,0.1748,0.2764,0.1127,608,748,0.1872,25.062,GOOD,1.0
2023-01-21,P01,S2B_30NXM_20230121_0_L2A,0.126965,0.023244,-0.186603,0.279644,1.294118,0.2332,0.1802,0.2622,0.1009,724,748,0.0321,62.691,GOOD,1.0
2023-01-31,P01,S2B_30NXM_20230131_0_L2A,0.024902,0.0277,-0.066021,0.31976,1.045723,0.1418,0.1356,0.15355,0.068,96,748,0.8717,31.723,LOW_QUALITY,0.64
2023-02-10,P01,S2B_30NXM_20230210_0_L2A,0.120993,0.029394,-0.172973,0.475854,1.283854,0.2465,0.192,0.2789,0.0674,748,748,0.0,3.807,GOOD,1.0
2023-02-15,P01,S2A_30NXM_20230215_0_L2A,0.137111,0.028043,-0.205565,0.292185,1.339856,0.2602,0.1942,0.3,0.1074,748,748,0.0,54.81,GOOD,1.0
2023-02-25,P01,S2A_30NXM_20230225_0_L2A,0.081035,0.018683,-0.158421,0.252016,1.18024,0.2855,0.2419,0.3366,0.1472,526,748,0.2968,69.41,GOOD,1.0
2023-03-02,P01,S2B_30NXM_20230302_0_L2A,0.095103,0.033496,-0.078494,0.537233,1.233196,0.3596,0.2916,0.3489,0.0877,612,748,0.1818,61.857,GOOD,1.0
2023-03-27,P01,S2A_30NXM_20230327_0_L2A,0.003167,0.02406,-0.244844,-0.023421,1.016408,0.223,0.2194,0.3608,0.2323,286,748,0.6176,79.662,ACCEPTABLE,0.92
2023-04-21,P01,S2B_30NXM_20230421_0_L2A,0.101733,0.02832,-0.150745,0.517333,1.233528,0.2752,0.2231,0.31095,0.0705,650,748,0.131,6.64,GOOD,1.0
2023-05-01,P01,S2B_30NXM_20230501_0_L2A,0.104488,0.030939,-0.066456,0.694375,1.231524,0.3766,0.3058,0.3573,0.0546,564,748,0.246,44.153,GOOD,1.0
2023-05-16,P01,S2A_30NXM_20230516_0_L2A,0.098564,0.003054,-0.104936,0.559716,1.2167,0.3672,0.3018,0.37245,0.085,10,748,0.9866,38.739,LOW_QUALITY,0.49
2023-05-26,P01,S2A_30NXM_20230526_0_L2A,0.103834,0.020278,-0.010727,0.66564,1.222916,0.333,0.2723,0.28315,0.0551,644,748,0.139,47.695,GOOD,1.0
2023-05-31,P01,S2B_30NXM_20230531_0_L2A,0.091661,0.019055,-0.074451,0.533791,1.204331,0.3448,0.2863,0.3452,0.0833,328,748,0.5615,59.313,ACCEPTABLE,0.92
2023-06-05,P01,S2A_30NXM_20230605_0_L2A,0.092339,0.020354,-0.045698,0.604199,1.219796,0.3352,0.2748,0.3134,0.0699,530,748,0.2914,63.689,GOOD,1.0
2023-10-08,P01,S2B_30NXM_20231008_0_L2A,0.111456,0.032316,-0.041847,0.777554,1.251762,0.3908,0.3122,0.3432,0.04115,144,748,0.8075,65.296,ACCEPTABLE,0.72
2023-10-23,P01,S2A_30NXM_20231023_0_L2A,-0.047489,0.014578,-0.09943,0.114051,0.90621,0.1401,0.1546,0.1889,0.1202,24,748,0.9679,88.672,LOW_QUALITY,0.49
2023-10-28,P01,S2B_30NXM_20231028_0_L2A,0.108009,0.007515,-0.038653,0.765481,1.224162,0.2594,0.2119,0.2263,0.0288,10,748,0.9866,46.014,LOW_QUALITY,0.49
2023-11-02,P01,S2A_30NXM_20231102_0_L2A,0.100553,0.039829,0.002802,0.55455,1.225314,0.273,0.2228,0.2221,0.0641,36,748,0.9519,49.99,LOW_QUALITY,0.49
2023-11-07,P01,S2B_30NXM_20231107_0_L2A,0.077338,0.039244,-0.183983,0.261547,1.172967,0.2265,0.1931,0.2588,0.1157,102,748,0.8636,50.64,LOW_QUALITY,0.64
2023-11-12,P01,S2A_30NXM_20231112_0_L2A,0.124368,0.029305,-0.133636,0.591497,1.271817,0.2667,0.2097,0.2851,0.0529,600,748,0.1979,48.146,GOOD,1.0
2023-11-27,P01,S2B_30NXM_20231127_0_L2A,-0.006923,0.020785,-0.35776,-0.12956,0.986877,0.188,0.1905,0.4028,0.2487,188,748,0.7487,53.29,ACCEPTABLE,0.92
2023-12-12,P01,S2A_30NXM_20231212_0_L2A,0.133221,0.004912,-0.09669,0.585808,1.304306,0.2696,0.2067,0.2499,0.0537,36,748,0.9519,45.629,LOW_QUALITY,0.49
2023-12-22,P01,S2A_30NXM_20231222_0_L2A,0.126904,0.020499,-0.184075,0.499565,1.290186,0.2432,0.1885,0.2792,0.0635,748,748,0.0,39.566,GOOD,1.0
2024-01-01,P01,S2A_30NXM_20240101_0_L2A,0.087483,0.027665,-0.193375,0.263072,1.198198,0.2394,0.1998,0.2979,0.10335,168,748,0.7754,38.195,ACCEPTABLE,0.92
2024-01-11,P01,S2A_30NXM_20240111_0_L2A,0.039698,0.007413,0.024387,0.531412,1.090685,0.1768,0.1621,0.15355,0.0496,18,748,0.9759,56.562,LOW_QUALITY,0.49
2024-01-16,P01,S2B_30NXM_20240116_0_L2A,0.081869,0.049507,-0.217748,0.228224,1.217844,0.2225,0.1827,0.3148,0.1147,66,748,0.9118,64.017,LOW_QUALITY,0.64
2024-01-21,P01,S2A_30NXM_20240121_0_L2A,0.018719,0.018278,-0.075053,0.353624,1.040346,0.1444,0.1388,0.15755,0.06645,412,748,0.4492,35.785,GOOD,1.0
2024-01-26,P01,S2B_30NXM_20240126_0_L2A,0.052933,0.028049,-0.147163,0.266067,1.109102,0.184,0.1659,0.2249,0.0958,238,748,0.6818,24.26,ACCEPTABLE,0.92
2024-01-31,P01,S2A_30NXM_20240131_0_L2A,0.157696,0.03792,-0.353295,-0.167195,1.393358,0.1888,0.1355,0.285,0.1753,282,748,0.623,16.481,ACCEPTABLE,0.92
2024-02-20,P01,S2A_30NXM_20240220_0_L2A,0.087016,0.021947,-0.123856,0.311911,1.185995,0.2659,0.2242,0.3112,0.1224,354,748,0.5267,56.492,ACCEPTABLE,0.92
2024-03-11,P01,S2A_30NXM_20240311_0_L2A,0.078635,0.03694,-0.147206,0.312438,1.117942,0.1782,0.1594,0.2569,0.0773,514,748,0.3128,24.76,GOOD,1.0
2024-03-16,P01,S2B_30NXM_20240316_0_L2A,0.105145,0.03096,-0.17546,0.434877,1.243114,0.2347,0.1888,0.2774,0.0758,748,748,0.0,10.159,GOOD,1.0
2024-03-21,P01,S2A_30NXM_20240321_0_L2A,0.082091,0.03269,-0.138006,0.359922,1.183602,0.2714,0.2293,0.3064,0.10325,748,748,0.0,8.352,GOOD,1.0
2024-03-26,P01,S2B_30NXM_20240326_0_L2A,0.084361,0.025827,-0.132639,0.446848,1.186266,0.2764,0.233,0.3088,0.0901,678,748,0.0936,53.946,GOOD,1.0
2024-03-31,P01,S2A_30NXM_20240331_0_L2A,0.097936,0.02237,-0.175173,0.423339,1.226433,0.2654,0.2164,0.31405,0.0869,748,748,0.0,5.381,GOOD,1.0
2024-04-05,P01,S2B_30NXM_20240405_0_L2A,0.085439,0.026038,-0.09336,0.503976,1.192654,0.3442,0.2886,0.35315,0.0955,634,748,0.1524,65.625,GOOD,1.0
2024-04-10,P01,S2A_30NXM_20240410_0_L2A,0.028127,0.027524,-0.23913,-0.060267,1.044542,0.1665,0.1594,0.2757,0.1745,30,748,0.9599,52.268,LOW_QUALITY,0.49
2024-04-20,P01,S2A_30NXM_20240420_0_L2A,0.093756,0.014315,-0.077295,0.50758,1.210683,0.3672,0.3033,0.3548,0.1003,102,748,0.8636,36.018,LOW_QUALITY,0.64
2024-05-05,P01,S2B_30NXM_20240505_0_L2A,0.102617,0.024831,-0.100293,0.566742,1.234432,0.337,0.273,0.34145,0.07105,404,748,0.4599,51.718,GOOD,1.0
2024-05-10,P01,S2A_30NXM_20240510_0_L2A,0.092059,0.020924,-0.122562,0.469029,1.207036,0.3568,0.2956,0.37805,0.107,108,748,0.8556,65.172,LOW_QUALITY,0.64
2024-05-15,P01,S2B_30NXM_20240515_0_L2A,0.06509,0.052812,-0.116679,0.243707,1.138328,0.1975,0.1735,0.2376,0.1026,48,748,0.9358,63.109,LOW_QUALITY,0.64
2024-05-30,P01,S2A_30NXM_20240530_0_L2A,0.098294,0.022021,-0.10324,0.539147,1.217726,0.316,0.2595,0.3286,0.0753,748,748,0.0,41.119,GOOD,1.0
2024-06-04,P01,S2B_30NXM_20240604_0_L2A,0.04228,0.027862,-0.079584,0.291493,1.080874,0.282,0.2609,0.314,0.14235,316,748,0.5775,74.771,ACCEPTABLE,0.92
2024-10-07,P01,S2A_30NXM_20241007_0_L2A,-0.027457,0.017336,-0.226328,0.115719,0.929483,0.1384,0.1489,0.2309,0.11785,16,748,0.9786,94.625,LOW_QUALITY,0.49
2024-10-22,P01,S2B_30NXM_20241022_0_L2A,0.111924,0.011673,0.078209,0.739704,1.244771,0.3214,0.2582,0.2338,0.0414,36,748,0.9519,74.314,LOW_QUALITY,0.49
2024-11-01,P01,S2B_30NXM_20241101_0_L2A,-0.032952,0.021729,-0.243227,-0.012478,0.928183,0.1538,0.1657,0.2722,0.174,14,748,0.9813,65.891,LOW_QUALITY,0.49
2024-11-06,P01,S2A_30NXM_20241106_0_L2A,0.104447,0.04246,-0.142027,0.512608,1.191022,0.26,0.2183,0.3109,0.061,714,748,0.0455,32.001,GOOD,1.0
2024-11-11,P01,S2B_30NXM_20241111_0_L2A,0.10854,0.042252,-0.155874,0.50455,1.240476,0.2605,0.21,0.2896,0.0691,436,748,0.4171,24.301,GOOD,1.0
2024-11-16,P01,S2A_30NXM_20241116_1_L2A,0.113835,0.028138,-0.120757,0.621619,1.261161,0.339,0.2688,0.34045,0.0623,692,748,0.0749,60.091,GOOD,1.0
2024-11-21,P01,S2B_30NXM_20241121_0_L2A,0.069773,0.035904,-0.166833,0.276344,1.142387,0.2776,0.243,0.33775,0.1357,70,748,0.9064,21.956,LOW_QUALITY,0.64
2024-11-26,P01,S2A_30NXM_20241126_0_L2A,0.115501,0.033623,-0.196603,0.504189,1.257888,0.299,0.2377,0.3551,0.07685,120,748,0.8396,31.215,ACCEPTABLE,0.72
2024-12-01,P01,S2B_30NXM_20241201_0_L2A,0.116429,0.030542,-0.200481,0.404066,1.268317,0.2562,0.202,0.305,0.08605,748,748,0.0,6.008,GOOD,1.0
2024-12-06,P01,S2C_30NXM_20241206_1_L2A,0.19897,0.065925,-0.238099,1.0,1.487421,0.1892,0.1272,0.2012,-0.0249,748,748,0.0,50.859,ACCEPTABLE,0.88
2024-12-11,P01,S2B_30NXM_20241211_0_L2A,0.135074,0.030847,-0.159833,0.498271,1.318691,0.2942,0.2231,0.3069,0.0758,748,748,0.0,33.949,GOOD,1.0
2024-12-16,P01,S2C_30NXM_20241216_1_L2A,0.244765,0.081675,-0.343816,1.0,1.603528,0.1727,0.1077,0.2328,-0.0076,300,748,0.5989,34.206,ACCEPTABLE,0.8
2024-12-21,P01,S2B_30NXM_20241221_0_L2A,0.133411,0.032028,-0.233499,0.32716,1.309852,0.2473,0.1888,0.30505,0.0955,748,748,0.0,0.682,GOOD,1.0
2024-12-26,P01,S2A_30NXM_20241226_0_L2A,0.12511,0.029063,-0.2,0.264604,1.281572,0.2608,0.2035,0.3132,0.1121,218,748,0.7086,25.724,ACCEPTABLE,0.92
2024-12-31,P01,S2B_30NXM_20241231_0_L2A,0.086911,0.036935,-0.222196,0.026144,1.203239,0.2303,0.1914,0.3018,0.16445,528,748,0.2941,47.038,GOOD,1.0
2025-01-05,P01,S2A_30NXM_20250105_0_L2A,0.100237,0.024442,-0.211027,0.1936,1.226804,0.238,0.194,0.30055,0.1329,748,748,0.0,5.948,GOOD,1.0
2025-01-10,P01,S2B_30NXM_20250110_0_L2A,0.018688,0.028324,-0.125221,0.167102,1.020818,0.1422,0.1393,0.1784,0.0964,438,748,0.4144,36.804,GOOD,1.0
2025-01-15,P01,S2A_30NXM_20250115_0_L2A,0.097819,0.028038,-0.207594,0.143413,1.223613,0.2249,0.1838,0.2888,0.1335,646,748,0.1364,34.785,GOOD,1.0
2025-01-20,P01,S2B_30NXM_20250120_0_L2A,-0.032493,0.037134,-0.307489,0.044431,0.915783,0.06905,0.0754,0.1369,0.06985,12,748,0.984,38.83,LOW_QUALITY,0.49
2025-01-25,P01,S2C_30NXM_20250125_0_L2A,0.112903,0.066245,-0.275298,0.460973,1.236344,0.1177,0.0952,0.1823,0.0285,698,748,0.0668,48.582,ACCEPTABLE,0.88
2025-01-30,P01,S2B_30NXM_20250130_0_L2A,0.095752,0.037131,-0.16499,0.15982,1.232107,0.2479,0.2012,0.2862,0.1359,258,748,0.6551,18.559,ACCEPTABLE,0.92
2025-02-04,P01,S2C_30NXM_20250204_0_L2A,0.190783,0.069225,-0.353638,0.300004,1.487981,0.1238,0.0832,0.1714,0.0414,748,748,0.0,0.121,ACCEPTABLE,0.88
2025-02-14,P01,S2C_30NXM_20250214_0_L2A,0.017317,0.024296,-0.299549,-0.081802,1.032555,0.1459,0.1413,0.26735,0.1641,22,748,0.9706,64.076,LOW_QUALITY,0.49
2025-03-01,P01,S2B_30NXM_20250301_0_L2A,0.094281,0.01529,-0.091444,0.421231,1.219871,0.2652,0.2174,0.2607,0.0904,78,748,0.8957,70.852,LOW_QUALITY,0.64
2025-03-16,P01,S2C_30NXM_20250316_0_L2A,0.095023,0.031632,-0.135154,0.387758,1.212864,0.3168,0.2612,0.3581,0.111,560,748,0.2513,64.137,GOOD,1.0
2025-04-05,P01,S2C_30NXM_20250405_0_L2A,0.069622,0.03628,-0.086632,0.479562,1.175463,0.343,0.2918,0.3749,0.1088,304,748,0.5936,52.196,ACCEPTABLE,0.92
2025-04-10,P01,S2B_30NXM_20250410_0_L2A,0.097224,0.029045,-0.153433,0.439119,1.224059,0.2666,0.2178,0.2987,0.0847,748,748,0.0,81.736,GOOD,1.0
2025-04-17,P01,S2A_30NXM_20250417_0_L2A,0.0819,0.020343,-0.069213,0.496552,1.178738,0.3548,0.301,0.34895,0.1038,252,748,0.6631,55.667,ACCEPTABLE,0.92
2025-04-20,P01,S2B_30NXM_20250420_0_L2A,0.078679,0.061481,-0.11192,0.477597,1.166882,0.2713,0.2325,0.33885,0.0915,24,748,0.9679,67.547,LOW_QUALITY,0.37
2025-04-30,P01,S2B_30NXM_20250430_0_L2A,0.001035,0.026681,-0.218575,-0.102649,1.024013,0.1919,0.1874,0.2995,0.22905,40,748,0.9465,56.239,LOW_QUALITY,0.64
2025-05-07,P01,S2A_30NXM_20250507_0_L2A,0.088989,0.02131,-0.092057,0.50272,1.205363,0.3416,0.2834,0.3437,0.0942,748,748,0.0,68.021,GOOD,1.0
2025-05-15,P01,S2C_30NXM_20250515_0_L2A,0.093963,0.038478,-0.092169,0.517137,1.240825,0.3009,0.2425,0.32025,0.0739,748,748,0.0,43.06,GOOD,1.0
2025-05-20,P01,S2B_30NXM_20250520_0_L2A,-0.020476,0.039635,-0.270651,-0.101922,0.976504,0.1704,0.1745,0.31855,0.2163,10,748,0.9866,55.778,LOW_QUALITY,0.49
2025-05-25,P01,S2C_30NXM_20250525_0_L2A,0.071469,0.02772,-0.163659,0.329619,1.154387,0.2789,0.2416,0.3428,0.11615,660,748,0.1176,64.492,GOOD,1.0
2025-06-06,P01,S2A_30NXM_20250606_0_L2A,0.10229,0.022316,-0.091731,0.681761,1.230875,0.3572,0.2902,0.35495,0.055,398,748,0.4679,47.91,GOOD,1.0
2025-06-09,P01,S2B_30NXM_20250609_0_L2A,0.107792,0.01599,-0.093234,0.644048,1.238826,0.3714,0.2998,0.3628,0.0637,94,748,0.8743,61.073,LOW_QUALITY,0.64
2025-06-19,P01,S2B_30NXM_20250619_0_L2A,0.095307,0.028377,-0.076135,0.682677,1.210323,0.3752,0.31,0.36175,0.0587,258,748,0.6551,70.221,ACCEPTABLE,0.92
2025-07-06,P01,S2A_30NXM_20250706_0_L2A,0.113,0.035371,-0.088355,0.721108,1.261069,0.3304,0.262,0.3174,0.0426,262,748,0.6497,83.001,ACCEPTABLE,0.92
2025-07-14,P01,S2C_30NXM_20250714_0_L2A,0.119687,0.022281,-0.089766,0.683296,1.27451,0.351,0.2754,0.3243,0.0507,190,748,0.746,57.547,ACCEPTABLE,0.92
2025-10-14,P01,S2A_30NXM_20251014_0_L2A,0.078287,0.03459,-0.078256,0.597854,1.192485,0.3364,0.2821,0.3296,0.0721,66,748,0.9118,74.496,LOW_QUALITY,0.64
2025-10-24,P01,S2A_30NXM_20251024_0_L2A,0.101761,0.006116,0.036726,0.558815,1.226916,0.2498,0.2036,0.1885,0.0591,12,748,0.984,88.019,LOW_QUALITY,0.49
2025-11-01,P01,S2C_30NXM_20251101_0_L2A,0.107094,0.050486,-0.074867,0.629396,1.163204,0.3079,0.2647,0.3246,0.0604,742,748,0.008,61.827,GOOD,1.0
2025-11-26,P01,S2B_30NXM_20251126_0_L2A,0.044517,0.03963,0.026734,0.618513,1.10628,0.1832,0.1656,0.1592,0.0386,16,748,0.9786,56.311,LOW_QUALITY,0.49
2025-12-06,P01,S2B_30NXM_20251206_0_L2A,0.107399,0.026554,-0.145915,0.498378,1.249172,0.3018,0.2416,0.3262,0.0821,528,748,0.2941,61.443,GOOD,1.0
2025-12-13,P01,S2A_30NXM_20251213_0_L2A,0.095725,0.016972,-0.097936,0.468665,1.224132,0.3348,0.2735,0.323,0.0999,110,748,0.8529,87.556,LOW_QUALITY,0.64
2025-12-16,P01,S2B_30NXM_20251216_0_L2A,0.123318,0.031812,-0.190582,0.456034,1.277394,0.2588,0.2026,0.29935,0.074,628,748,0.1604,27.14,GOOD,1.0
2026-01-05,P01,S2B_30NXM_20260105_0_L2A,0.123419,0.026901,-0.129839,0.385975,1.28007,0.2916,0.2278,0.29405,0.0986,86,748,0.885,47.091,LOW_QUALITY,0.64
2026-01-25,P01,S2B_30NXM_20260125_0_L2A,0.150213,0.027989,-0.240127,0.336102,1.362507,0.2413,0.1771,0.2846,0.0862,748,748,0.0,0.471,GOOD,1.0
2026-01-30,P01,S2C_30NXM_20260130_0_L2A,0.100268,0.024553,-0.226659,0.135118,1.226269,0.2222,0.1812,0.285,0.1367,550,748,0.2647,42.601,GOOD,1.0
2026-02-09,P01,S2C_30NXM_20260209_0_L2A,0.123786,0.034478,-0.143608,0.48603,1.289537,0.2964,0.22985,0.305,0.0791,352,748,0.5294,51.642,ACCEPTABLE,0.92
2026-03-26,P01,S2B_30NXM_20260326_0_L2A,0.112035,0.041551,-0.121968,0.530907,1.27363,0.3335,0.26185,0.3368,0.0828,544,748,0.2727,52.249,GOOD,1.0
2026-04-02,P01,S2A_30NXM_20260402_0_L2A,0.080665,0.025755,-0.141917,0.2861,1.175046,0.2571,0.2188,0.3034,0.1241,746,748,0.0027,37.426,GOOD,1.0
2026-04-10,P01,S2C_30NXM_20260410_0_L2A,0.112322,0.031363,-0.14477,0.526325,1.263347,0.2816,0.2229,0.30145,0.07205,660,748,0.1176,17.865,GOOD,1.0
2026-04-15,P01,S2B_30NXM_20260415_0_L2A,0.11092,0.024819,-0.153087,0.512245,1.262943,0.2781,0.2202,0.3055,0.0734,748,748,0.0,11.277,GOOD,1.0
2026-05-05,P01,S2B_30NXM_20260505_0_L2A,0.109144,0.024904,-0.092055,0.660149,1.249667,0.3749,0.3,0.36095,0.06175,244,748,0.6738,50.802,ACCEPTABLE,0.92
2026-05-10,P01,S2C_30NXM_20260510_0_L2A,0.09551,0.023655,-0.091374,0.590205,1.21662,0.3499,0.2876,0.3455,0.0745,472,748,0.369,55.591,GOOD,1.0
2026-05-20,P01,S2C_30NXM_20260520_0_L2A,0.007297,0.026401,-0.124276,0.350688,1.023204,0.1389,0.13575,0.1727,0.06445,32,748,0.9572,95.883,LOW_QUALITY,0.49
2026-06-01,P01,S2A_30NXM_20260601_0_L2A,0.105024,0.021388,-0.075089,0.650293,1.239169,0.3518,0.2839,0.3268,0.06265,608,748,0.1872,42.636,GOOD,1.0
2026-06-19,P01,S2C_30NXM_20260619_0_L2A,0.097496,0.026141,-0.076483,0.586681,1.218213,0.3224,0.26465,0.3015,0.0716,476,748,0.3636,71.139,GOOD,1.0
2026-07-21,P01,S2A_30NXM_20260721_0_L2A,0.102559,0.036852,-0.137449,0.486612,1.211378,0.33325,0.2751,0.36855,0.0971,250,748,0.6658,82.502,ACCEPTABLE,0.92
2017-01-07,P02,S2A_30NXM_20170107_1_L2A,0.024154,0.012229,-0.112385,0.112005,1.047368,0.199,0.19,0.2354,0.1465,172,876,0.8037,37.65,ACCEPTABLE,0.92
2017-01-27,P02,S2A_30NXM_20170127_0_L2A,0.148289,0.023959,-0.162228,0.458436,1.359393,0.233,0.1714,0.2382,0.0632,876,876,0.0,2.443,GOOD,1.0
2017-03-08,P02,S2A_30NXM_20170308_0_L2A,0.054108,0.021942,0.00038,0.317279,1.12187,0.1344,0.1198,0.1194,0.06115,384,876,0.5616,35.949,ACCEPTABLE,0.92
2017-03-18,P02,S2A_30NXM_20170318_0_L2A,0.022822,0.067765,-0.372665,-0.035616,1.02148,0.1284,0.1257,0.326,0.14735,40,876,0.9543,26.619,LOW_QUALITY,0.52
2017-03-28,P02,S2A_30NXM_20170328_0_L2A,0.054192,0.045901,-0.157119,0.174433,1.128075,0.133,0.1179,0.1645,0.0855,92,876,0.895,6.877,LOW_QUALITY,0.64
2017-04-17,P02,S2A_30NXM_20170417_0_L2A,-0.005022,0.070159,-0.398363,-0.026486,1.0,0.1403,0.1403,0.325,0.1446,64,876,0.9269,7.07,LOW_QUALITY,0.52
2017-04-27,P02,S2A_30NXM_20170427_0_L2A,0.064605,0.070026,-0.191237,0.145781,1.181531,0.1497,0.1267,0.1796,0.0842,52,876,0.9406,18.822,LOW_QUALITY,0.52
2017-05-07,P02,S2A_30NXM_20170507_0_L2A,0.023232,0.026356,-0.035111,0.256898,1.067188,0.1366,0.128,0.1416,0.0744,132,876,0.8493,64.393,ACCEPTABLE,0.72
2017-07-01,P02,S2B_30NXM_20170701_0_L2A,0.06804,0.020239,0.08217,0.669168,1.150962,0.2394,0.208,0.1768,0.0386,148,876,0.8311,72.294,ACCEPTABLE,0.72
2017-07-11,P02,S2B_30NXM_20170711_0_L2A,0.125265,0.012386,0.050254,0.769788,1.288996,0.2132,0.1654,0.1508,0.0216,772,876,0.1187,15.139,GOOD,1.0
2017-07-21,P02,S2B_30NXM_20170721_0_L2A,0.003092,0.036059,0.085165,0.597659,0.994431,0.1607,0.1616,0.1358,0.0437,236,876,0.7306,73.241,ACCEPTABLE,0.92
2017-08-20,P02,S2B_30NXM_20170820_0_L2A,0.019273,0.051519,0.182873,0.660029,1.028271,0.1273,0.1238,0.0841,0.0285,704,876,0.1963,49.826,GOOD,1.0
2017-10-09,P02,S2B_30NXM_20171009_0_L2A,0.105412,0.03021,0.037715,0.636141,1.243562,0.2318,0.1864,0.1722,0.0363,708,876,0.1918,47.248,GOOD,1.0
2017-10-24,P02,S2A_30NXM_20171024_0_L2A,0.103787,0.015483,0.113031,0.67239,1.237344,0.2982,0.241,0.1928,0.0461,332,876,0.621,50.972,ACCEPTABLE,0.92
2017-10-29,P02,S2B_30NXM_20171029_0_L2A,0.124873,0.010318,0.035329,0.656489,1.28655,0.22,0.171,0.1592,0.0354,876,876,0.0,28.865,GOOD,1.0
2017-11-03,P02,S2A_30NXM_20171103_1_L2A,0.052784,0.041594,0.060241,0.397643,1.110664,0.1104,0.0994,0.0897,0.0428,272,876,0.6895,35.515,ACCEPTABLE,0.92
2017-11-08,P02,S2B_30NXM_20171108_0_L2A,0.071595,0.022408,-0.004214,0.281026,1.140613,0.1452,0.1273,0.1273,0.07125,192,876,0.7808,23.597,ACCEPTABLE,0.92
2017-11-13,P02,S2A_30NXM_20171113_0_L2A,0.099472,0.054804,0.032075,0.540726,1.164324,0.2402,0.2063,0.1986,0.0549,100,876,0.8858,36.43,LOW_QUALITY,0.64
2017-11-18,P02,S2B_30NXM_20171118_0_L2A,0.133143,0.010932,0.05443,0.665357,1.310924,0.2808,0.2142,0.192,0.0426,612,876,0.3014,43.478,GOOD,1.0
2017-11-28,P02,S2B_30NXM_20171128_1_L2A,0.116472,0.037127,0.001784,0.654717,1.27783,0.2709,0.212,0.2132,0.0429,392,876,0.5525,23.778,ACCEPTABLE,0.92
2017-12-03,P02,S2A_30NXM_20171203_0_L2A,0.119605,0.007582,-0.001412,0.652804,1.275162,0.2762,0.2166,0.2165,0.0452,428,876,0.5114,39.376,ACCEPTABLE,0.92
2018-01-02,P02,S2A_30NXM_20180102_1_L2A,0.129684,0.01438,-0.10719,0.30606,1.305652,0.2264,0.1734,0.2144,0.0927,876,876,0.0,4.643,GOOD,1.0
2018-01-12,P02,S2A_30NXM_20180112_0_L2A,0.028973,0.018797,0.058534,0.361837,1.035563,0.1223,0.1181,0.1112,0.0554,468,876,0.4658,15.042,GOOD,1.0
2018-01-17,P02,S2B_30NXM_20180117_0_L2A,0.122404,0.018465,-0.15993,0.239144,1.288762,0.1812,0.1406,0.1952,0.0849,620,876,0.2922,8.101,GOOD,1.0
2018-01-22,P02,S2A_30NXM_20180122_0_L2A,0.103123,0.033684,-0.146297,0.12236,1.195669,0.1546,0.1293,0.1925,0.10115,64,876,0.9269,1.725,LOW_QUALITY,0.64
2018-01-27,P02,S2B_30NXM_20180127_0_L2A,0.014755,0.010842,-0.193704,0.049815,1.038765,0.1447,0.1393,0.2054,0.1247,116,876,0.8676,3.854,LOW_QUALITY,0.64
2018-02-01,P02,S2A_30NXM_20180201_0_L2A,0.061805,0.011243,-0.17466,0.138335,1.131109,0.1898,0.1678,0.2404,0.1303,220,876,0.7489,20.595,ACCEPTABLE,0.92
2018-02-06,P02,S2B_30NXM_20180206_0_L2A,0.030199,0.008879,-0.068496,0.257447,1.053446,0.1498,0.1422,0.1616,0.08345,16,876,0.9817,31.955,LOW_QUALITY,0.49
2018-02-11,P02,S2A_30NXM_20180211_1_L2A,0.081596,0.024329,-0.032906,0.24178,1.165244,0.232,0.1991,0.28745,0.1002,184,876,0.79,65.842,ACCEPTABLE,0.92
2018-03-03,P02,S2A_30NXM_20180303_0_L2A,0.110691,0.006744,-0.029457,0.687395,1.252114,0.3849,0.3074,0.3252,0.0548,116,876,0.8676,41.468,LOW_QUALITY,0.64
2018-03-08,P02,S2B_30NXM_20180308_0_L2A,0.088776,0.021324,0.023395,0.628679,1.185953,0.1773,0.1495,0.1432,0.03,452,876,0.484,44.23,GOOD,1.0
2018-03-23,P02,S2A_30NXM_20180323_0_L2A,0.040096,0.024457,-0.063862,0.276481,1.088036,0.1446,0.1329,0.1461,0.0706,36,876,0.9589,46.608,LOW_QUALITY,0.49
2018-04-07,P02,S2B_30NXM_20180407_1_L2A,0.081508,0.016645,0.045364,0.426557,1.183312,0.3744,0.3164,0.2907,0.1293,876,876,0.0,86.434,GOOD,1.0
2018-04-22,P02,S2A_30NXM_20180422_0_L2A,0.049498,0.038441,-0.170111,-0.043529,1.108594,0.1419,0.128,0.1825,0.14035,64,876,0.9269,39.1,LOW_QUALITY,0.64
2018-04-27,P02,S2B_30NXM_20180427_0_L2A,0.069652,0.082787,-0.2943,0.07334,1.145733,0.1423,0.1242,0.2912,0.1397,32,876,0.9635,17.298,LOW_QUALITY,0.37
2018-05-22,P02,S2A_30NXM_20180522_0_L2A,0.070535,0.043329,-0.102811,0.209837,1.144381,0.1395,0.1219,0.1577,0.0828,52,876,0.9406,31.143,LOW_QUALITY,0.64
2018-06-01,P02,S2A_30NXM_20180601_0_L2A,0.027028,0.037123,-0.092788,0.163066,1.055073,0.1092,0.1035,0.1247,0.07185,152,876,0.8265,49.499,ACCEPTABLE,0.92
2018-06-11,P02,S2A_30NXM_20180611_0_L2A,0.001078,0.034044,-0.104865,0.114276,1.029061,0.1381,0.1342,0.1688,0.1072,168,876,0.8082,46.464,ACCEPTABLE,0.92
2018-08-05,P02,S2B_30NXM_20180805_0_L2A,0.088861,0.05165,-0.006267,0.575979,1.244094,0.2054,0.1651,0.1895,0.0411,396,876,0.5479,13.98,ACCEPTABLE,0.92
2018-09-19,P02,S2A_30NXM_20180919_0_L2A,0.02778,0.034378,-0.088127,0.203951,1.032129,0.1285,0.1245,0.1481,0.07915,264,876,0.6986,70.756,ACCEPTABLE,0.92
2018-09-24,P02,S2B_30NXM_20180924_0_L2A,0.050109,0.019642,0.048937,0.434559,1.110799,0.1584,0.1426,0.1309,0.0543,36,876,0.9589,80.921,LOW_QUALITY,0.49
2018-10-09,P02,S2A_30NXM_20181009_0_L2A,0.078786,0.033326,0.195931,0.711197,1.157012,0.1518,0.1312,0.08995,0.0226,804,876,0.0822,54.153,GOOD,1.0
2018-11-03,P02,S2B_30NXM_20181103_0_L2A,0.043389,0.017035,-0.01933,0.101875,1.089444,0.1352,0.1241,0.132,0.0984,80,876,0.9087,30.452,LOW_QUALITY,0.64
2018-11-18,P02,S2A_30NXM_20181118_0_L2A,0.031625,0.020549,0.117942,0.663743,1.061659,0.0947,0.0892,0.0705,0.0183,780,876,0.1096,39.967,GOOD,1.0
2018-11-23,P02,S2B_30NXM_20181123_0_L2A,0.108318,0.014802,0.031535,0.697022,1.245918,0.2442,0.196,0.185,0.0348,876,876,0.0,32.138,GOOD,1.0
2018-12-03,P02,S2B_30NXM_20181203_0_L2A,0.029638,0.058478,-0.060866,0.296554,1.137985,0.2202,0.1935,0.2194,0.0848,828,876,0.0548,14.328,GOOD,1.0
2018-12-18,P02,S2A_30NXM_20181218_0_L2A,0.008947,0.014964,0.061762,0.597428,1.020299,0.0955,0.0936,0.083,0.0236,828,876,0.0548,29.326,GOOD,1.0
2018-12-23,P02,S2B_30NXM_20181223_0_L2A,0.04674,0.022881,-0.101877,0.258004,1.100877,0.1506,0.1368,0.1711,0.08295,848,876,0.032,22.019,GOOD,1.0
2019-01-02,P02,S2B_30NXM_20190102_0_L2A,0.059808,0.017926,-0.096593,0.319855,1.13755,0.2266,0.1992,0.24675,0.08705,864,876,0.0137,21.898,GOOD,1.0
2019-01-07,P02,S2A_30NXM_20190107_1_L2A,0.113369,0.019833,-0.160781,0.282092,1.259429,0.2204,0.175,0.2424,0.0974,876,876,0.0,54.919,GOOD,1.0
2019-01-17,P02,S2A_30NXM_20190117_0_L2A,0.038369,0.033749,-0.171666,-0.178686,1.051962,0.2976,0.2829,0.4098,0.425,180,876,0.7945,23.241,ACCEPTABLE,0.92
2019-01-22,P02,S2B_30NXM_20190122_0_L2A,0.118512,0.014846,-0.086632,0.477951,1.270297,0.2566,0.202,0.241,0.0695,876,876,0.0,10.95,GOOD,1.0
2019-02-01,P02,S2B_30NXM_20190201_0_L2A,0.022886,0.01095,-0.083734,-0.119736,1.051158,0.4356,0.4144,0.4912,0.5198,62,876,0.9292,42.377,LOW_QUALITY,0.64
2019-02-21,P02,S2B_30NXM_20190221_0_L2A,0.097566,0.016135,-0.089898,0.397884,1.223629,0.232,0.1896,0.22755,0.0801,832,876,0.0502,12.045,GOOD,1.0
2019-02-26,P02,S2A_30NXM_20190226_0_L2A,0.097405,0.02717,-0.029579,0.506441,1.213512,0.2353,0.1939,0.2185,0.0635,876,876,0.0,1.865,GOOD,1.0
2019-03-08,P02,S2A_30NXM_20190308_0_L2A,0.034023,0.017713,0.074699,0.344316,1.070988,0.1388,0.1296,0.1108,0.0624,348,876,0.6027,29.403,ACCEPTABLE,0.92
2019-03-13,P02,S2B_30NXM_20190313_0_L2A,0.053214,0.013471,-0.087514,0.248376,1.119266,0.1464,0.1308,0.157,0.0796,228,876,0.7397,19.728,ACCEPTABLE,0.92
2019-03-18,P02,S2A_30NXM_20190318_0_L2A,0.110754,0.040708,-0.075696,0.434208,1.258637,0.2696,0.2142,0.25,0.0873,876,876,0.0,35.554,GOOD,1.0
2019-04-02,P02,S2B_30NXM_20190402_0_L2A,0.053386,0.017711,-0.084376,0.194282,1.124013,0.1423,0.1266,0.15255,0.0845,264,876,0.6986,8.482,ACCEPTABLE,0.92
2019-04-27,P02,S2A_30NXM_20190427_1_L2A,0.094227,0.034064,-0.047654,0.456523,1.2144,0.3036,0.25,0.2769,0.09375,672,876,0.2329,43.677,GOOD,1.0
2019-05-02,P02,S2B_30NXM_20190502_0_L2A,0.109573,0.018824,-0.033433,0.624342,1.252311,0.271,0.2164,0.233,0.0478,876,876,0.0,32.325,GOOD,1.0
2019-05-07,P02,S2A_30NXM_20190507_2_L2A,0.105886,0.028888,-0.01186,0.569693,1.241967,0.3208,0.2583,0.2696,0.0735,80,876,0.9087,67.327,LOW_QUALITY,0.64
2019-05-17,P02,S2A_30NXM_20190517_1_L2A,0.12893,0.030245,-0.013058,0.659076,1.29596,0.3144,0.2426,0.2478,0.051,792,876,0.0959,56.971,GOOD,1.0
2019-06-21,P02,S2B_30NXM_20190621_0_L2A,0.083747,0.048067,-0.041814,0.412136,1.179846,0.2611,0.2213,0.2377,0.08545,808,876,0.0776,75.937,GOOD,1.0
2019-10-04,P02,S2A_30NXM_20191004_1_L2A,0.029316,0.022523,-0.215143,-0.00059,1.057948,0.2702,0.2554,0.394,0.2553,284,876,0.6758,92.355,ACCEPTABLE,0.92
2019-10-14,P02,S2A_30NXM_20191014_0_L2A,0.036269,0.023222,0.040514,0.489785,1.05576,0.2291,0.217,0.1996,0.0691,572,876,0.347,64.514,GOOD,1.0
2019-10-29,P02,S2B_30NXM_20191029_0_L2A,0.127167,0.040831,0.082241,0.698871,1.292387,0.2988,0.2312,0.1973,0.0381,864,876,0.0137,30.592,GOOD,1.0
2019-11-08,P02,S2B_30NXM_20191108_0_L2A,0.076344,0.021914,0.057836,0.495914,1.174793,0.2554,0.2174,0.18815,0.0739,108,876,0.8767,44.138,LOW_QUALITY,0.64
2019-11-13,P02,S2A_30NXM_20191113_1_L2A,0.107895,0.010864,0.032388,0.51184,1.243457,0.2518,0.2025,0.18995,0.0655,204,876,0.7671,45.794,ACCEPTABLE,0.92
2019-11-18,P02,S2B_30NXM_20191118_0_L2A,0.04903,0.038314,0.00893,0.480205,1.087931,0.1262,0.116,0.1237,0.0398,380,876,0.5662,29.334,ACCEPTABLE,0.92
2019-11-23,P02,S2A_30NXM_20191123_0_L2A,0.05069,0.037047,-0.146398,0.093289,1.102824,0.3046,0.2762,0.34925,0.2288,144,876,0.8356,26.743,ACCEPTABLE,0.72
2019-11-28,P02,S2B_30NXM_20191128_0_L2A,0.115678,0.044048,-0.036731,0.593225,1.231911,0.2656,0.2156,0.23405,0.0477,852,876,0.0274,25.411,GOOD,1.0
2019-12-03,P02,S2A_30NXM_20191203_0_L2A,0.112024,0.033546,-0.041177,0.629282,1.264028,0.2906,0.2299,0.2535,0.044,804,876,0.0822,26.82,GOOD,1.0
2019-12-08,P02,S2B_30NXM_20191208_0_L2A,0.110814,0.028109,-0.066349,0.604587,1.246542,0.2523,0.2024,0.236,0.04735,840,876,0.0411,20.292,GOOD,1.0
2019-12-13,P02,S2A_30NXM_20191213_0_L2A,0.104406,0.029204,-0.037321,0.658473,1.235703,0.3025,0.2448,0.26935,0.04595,624,876,0.2877,26.841,GOOD,1.0
2019-12-18,P02,S2B_30NXM_20191218_0_L2A,0.112072,0.044703,-0.096879,0.462181,1.235469,0.2487,0.2013,0.249,0.0546,876,876,0.0,23.951,GOOD,1.0
2019-12-23,P02,S2A_30NXM_20191223_1_L2A,0.109124,0.023063,-0.102238,0.540509,1.25543,0.289,0.2302,0.2862,0.06125,600,876,0.3151,26.067,GOOD,1.0
2019-12-28,P02,S2B_30NXM_20191228_0_L2A,0.122791,0.01494,-0.112637,0.542952,1.286749,0.2486,0.1932,0.24265,0.0558,876,876,0.0,9.246,GOOD,1.0
2020-01-02,P02,S2A_30NXM_20200102_1_L2A,0.119612,0.02956,-0.131607,0.492399,1.276782,0.292,0.2287,0.29635,0.077,92,876,0.895,10.595,LOW_QUALITY,0.64
2020-01-07,P02,S2B_30NXM_20200107_1_L2A,0.128265,0.01497,-0.23971,0.097106,1.297848,0.2292,0.1766,0.2864,0.1458,876,876,0.0,0.017,GOOD,1.0
2020-01-12,P02,S2A_30NXM_20200112_1_L2A,0.117703,0.01439,-0.137654,0.342068,1.270878,0.2374,0.1868,0.24635,0.0908,876,876,0.0,3.084,GOOD,1.0
2020-01-17,P02,S2B_30NXM_20200117_1_L2A,0.116755,0.025483,-0.107641,0.390343,1.27184,0.2606,0.2049,0.2603,0.07865,768,876,0.1233,29.735,GOOD,1.0
2020-01-22,P02,S2A_30NXM_20200122_1_L2A,0.083522,0.019143,-0.118505,0.1427,1.186803,0.2662,0.2243,0.2866,0.1716,492,876,0.4384,17.126,GOOD,1.0
2020-01-27,P02,S2B_30NXM_20200127_1_L2A,0.204686,0.022961,-0.321466,0.120236,1.531981,0.1964,0.1282,0.24985,0.101,876,876,0.0,0.911,GOOD,1.0
2020-02-01,P02,S2A_30NXM_20200201_0_L2A,0.074626,0.033141,-0.107584,0.394326,1.159659,0.2179,0.1879,0.24915,0.0732,800,876,0.0868,31.203,GOOD,1.0
2020-02-06,P02,S2B_30NXM_20200206_0_L2A,0.034448,0.031493,-0.103413,0.299055,1.064591,0.1846,0.1734,0.2117,0.0924,340,876,0.6119,24.077,ACCEPTABLE,0.92
2020-02-21,P02,S2A_30NXM_20200221_1_L2A,0.056705,0.018466,-0.142758,0.220822,1.118758,0.2666,0.2383,0.3208,0.1567,224,876,0.7443,53.336,ACCEPTABLE,0.92
2020-03-02,P02,S2A_30NXM_20200302_0_L2A,0.070965,0.021641,-0.161043,0.227011,1.152008,0.241,0.2092,0.2894,0.131,876,876,0.0,40.453,GOOD,1.0
2020-03-12,P02,S2A_30NXM_20200312_1_L2A,0.114322,0.034108,-0.083044,0.484683,1.257576,0.332,0.264,0.3228,0.0904,876,876,0.0,59.554,GOOD,1.0
2020-04-11,P02,S2A_30NXM_20200411_0_L2A,0.102871,0.026816,-0.083185,0.563777,1.231783,0.3178,0.258,0.3066,0.07135,824,876,0.0594,48.62,GOOD,1.0
2020-04-21,P02,S2A_30NXM_20200421_0_L2A,0.027297,0.064053,-0.37972,-0.000756,1.047722,0.1449,0.1383,0.3052,0.1321,20,876,0.9772,58.532,LOW_QUALITY,0.37
2020-05-21,P02,S2A_30NXM_20200521_0_L2A,-0.011406,0.027793,-0.248325,0.072476,0.97624,0.1397,0.1431,0.2367,0.1179,52,876,0.9406,59.545,LOW_QUALITY,0.64
2020-05-26,P02,S2B_30NXM_20200526_0_L2A,0.114235,0.045055,-0.078361,0.578416,1.224424,0.3028,0.2473,0.28445,0.0571,876,876,0.0,17.89,GOOD,1.0
2020-05-31,P02,S2A_30NXM_20200531_0_L2A,0.082302,0.046598,-0.053618,0.41116,1.175987,0.143,0.1216,0.17815,0.045,560,876,0.3607,25.317,GOOD,1.0
2020-06-25,P02,S2B_30NXM_20200625_0_L2A,0.105585,0.021562,-0.049357,0.555252,1.226906,0.2736,0.223,0.2482,0.06315,872,876,0.0046,64.75,GOOD,1.0
2020-07-25,P02,S2B_30NXM_20200725_0_L2A,0.026724,0.039498,-0.158784,0.218251,1.041845,0.1942,0.1864,0.2656,0.1196,340,876,0.6119,71.965,ACCEPTABLE,0.92
2020-08-04,P02,S2B_30NXM_20200804_0_L2A,0.137137,0.018054,-0.079096,0.705022,1.322857,0.2778,0.21,0.2477,0.0369,876,876,0.0,10.627,GOOD,1.0
2020-08-19,P02,S2A_30NXM_20200819_1_L2A,0.128002,0.026297,-0.117779,0.590381,1.300493,0.3168,0.2436,0.312,0.06275,856,876,0.0228,66.064,GOOD,1.0
2020-09-08,P02,S2A_30NXM_20200908_0_L2A,0.021461,0.037758,-0.190451,0.078653,1.031219,0.2114,0.205,0.3148,0.1729,508,876,0.4201,71.304,GOOD,1.0
2020-09-23,P02,S2B_30NXM_20200923_0_L2A,-0.006197,0.025273,-0.142534,0.130876,1.00756,0.1466,0.1455,0.2036,0.1033,32,876,0.9635,88.21,LOW_QUALITY,0.49
2020-10-08,P02,S2A_30NXM_20201008_0_L2A,0.00941,0.038574,-0.000826,0.35663,1.026042,0.1182,0.1152,0.115,0.0558,496,876,0.4338,72.28,GOOD,1.0
2020-10-23,P02,S2B_30NXM_20201023_0_L2A,0.018887,0.028548,-0.104666,0.191041,1.019404,0.2154,0.2113,0.2643,0.148,492,876,0.4384,63.601,GOOD,1.0
2020-10-28,P02,S2A_30NXM_20201028_0_L2A,0.015873,0.031037,-0.079397,0.245818,1.010876,0.1766,0.1747,0.216,0.1133,788,876,0.1005,53.5,GOOD,1.0
2020-11-02,P02,S2B_30NXM_20201102_0_L2A,0.016679,0.021946,-0.115786,0.263843,1.038828,0.1525,0.1468,0.1895,0.0873,12,876,0.9863,56.33,LOW_QUALITY,0.49
2020-11-12,P02,S2B_30NXM_20201112_0_L2A,0.066337,0.040787,-0.043927,0.471091,1.102564,0.1548,0.1404,0.16405,0.04815,488,876,0.4429,36.665,GOOD,1.0
2020-12-07,P02,S2A_30NXM_20201207_0_L2A,0.033483,0.033181,-0.136781,0.183731,1.127069,0.2315,0.2054,0.2691,0.1387,228,876,0.7397,43.301,ACCEPTABLE,0.92
2020-12-22,P02,S2B_30NXM_20201222_0_L2A,0.058783,0.036811,-0.156388,0.20191,1.180311,0.235,0.1991,0.2934,0.1199,496,876,0.4338,39.675,GOOD,1.0
2020-12-27,P02,S2A_30NXM_20201227_1_L2A,0.170281,0.026971,-0.196292,0.503667,1.417451,0.2713,0.1914,0.28725,0.0623,876,876,0.0,42.903,GOOD,1.0
2021-01-11,P02,S2B_30NXM_20210111_0_L2A,0.048185,0.029976,-0.045803,0.478269,1.098227,0.161,0.1466,0.15985,0.051,164,876,0.8128,38.528,ACCEPTABLE,0.92
2021-01-16,P02,S2A_30NXM_20210116_1_L2A,0.0546,0.044015,-0.120441,0.371708,1.090672,0.1672,0.1533,0.1983,0.06785,80,876,0.9087,39.606,LOW_QUALITY,0.64
2021-01-21,P02,S2B_30NXM_20210121_1_L2A,0.093682,0.03006,-0.22953,0.236637,1.214452,0.2084,0.1716,0.2784,0.0987,876,876,0.0,30.879,GOOD,1.0
2021-01-26,P02,S2A_30NXM_20210126_1_L2A,0.094383,0.014394,-0.26102,0.095395,1.214112,0.1996,0.1644,0.2802,0.1362,876,876,0.0,0.493,GOOD,1.0
2021-01-31,P02,S2B_30NXM_20210131_0_L2A,0.049933,0.017467,-0.135332,0.286069,1.11362,0.3058,0.2746,0.3624,0.1532,204,876,0.7671,34.554,ACCEPTABLE,0.92
2021-02-05,P02,S2A_30NXM_20210205_0_L2A,-0.004922,0.013391,-0.060023,0.292418,1.002434,0.2059,0.2054,0.2329,0.11375,208,876,0.7626,58.888,ACCEPTABLE,0.92
2021-02-10,P02,S2B_30NXM_20210210_0_L2A,0.102865,0.019967,-0.136455,0.455492,1.235972,0.3216,0.2602,0.34435,0.0983,452,876,0.484,31.521,GOOD,1.0
2021-02-15,P02,S2A_30NXM_20210215_0_L2A,0.09667,0.035818,-0.135102,0.437525,1.202955,0.2768,0.2301,0.3121,0.0854,852,876,0.0274,49.851,GOOD,1.0
2021-03-02,P02,S2B_30NXM_20210302_0_L2A,0.049276,0.015312,-0.146577,0.164684,1.100999,0.3085,0.2802,0.3756,0.1963,12,876,0.9863,57.852,LOW_QUALITY,0.49
2021-04-06,P02,S2A_30NXM_20210406_0_L2A,0.081048,0.024285,-0.165234,0.327219,1.177958,0.2608,0.2214,0.3122,0.1105,672,876,0.2329,41.411,GOOD,1.0
2021-04-11,P02,S2B_30NXM_20210411_0_L2A,0.063119,0.057928,-0.207876,0.051416,1.128458,0.2284,0.2024,0.31935,0.1623,756,876,0.137,7.528,GOOD,1.0
2021-04-16,P02,S2A_30NXM_20210416_0_L2A,0.04573,0.035472,-0.158785,0.154754,1.088276,0.2367,0.2175,0.3068,0.1559,572,876,0.347,49.738,GOOD,1.0
2021-04-26,P02,S2A_30NXM_20210426_0_L2A,0.044827,0.042759,-0.124167,0.179319,1.104278,0.1239,0.1122,0.14695,0.075,404,876,0.5388,31.126,ACCEPTABLE,0.92
2021-05-01,P02,S2B_30NXM_20210501_0_L2A,0.12196,0.032649,-0.112822,0.598881,1.289212,0.337,0.2614,0.3308,0.061,664,876,0.242,18.079,GOOD,1.0
2021-05-11,P02,S2B_30NXM_20210511_0_L2A,0.038514,0.038126,-0.034431,0.599399,1.064394,0.1124,0.1056,0.11615,0.0269,612,876,0.3014,38.189,GOOD,1.0
2021-05-21,P02,S2B_30NXM_20210521_0_L2A,0.087571,0.066936,-0.038471,0.702955,1.197296,0.372,0.3107,0.3387,0.0547,12,876,0.9863,72.472,LOW_QUALITY,0.37
2021-07-10,P02,S2B_30NXM_20210710_1_L2A,0.133293,0.022644,-0.047839,0.685059,1.310411,0.2744,0.2094,0.232,0.0394,876,876,0.0,50.128,GOOD,1.0
2021-07-30,P02,S2B_30NXM_20210730_1_L2A,0.152579,0.022605,-0.0128,0.724356,1.364532,0.277,0.203,0.2088,0.0328,876,876,0.0,47.812,GOOD,1.0
2021-08-24,P02,S2A_30NXM_20210824_0_L2A,0.08289,0.041615,-0.08837,0.438767,1.095672,0.2886,0.2634,0.3363,0.0918,868,876,0.0091,74.033,GOOD,1.0
2021-08-29,P02,S2B_30NXM_20210829_0_L2A,0.122038,0.014754,-0.021823,0.826902,1.279906,0.4344,0.3394,0.3565,0.0307,656,876,0.2511,95.792,GOOD,1.0
2021-09-13,P02,S2A_30NXM_20210913_0_L2A,-0.024815,0.035162,-0.094197,0.025875,0.943646,0.2495,0.2644,0.323,0.253,12,876,0.9863,58.541,LOW_QUALITY,0.49
2021-09-18,P02,S2B_30NXM_20210918_0_L2A,0.117311,0.035532,0.019632,0.735459,1.244875,0.3279,0.2634,0.25725,0.0402,368,876,0.5799,48.018,ACCEPTABLE,0.92
2021-09-23,P02,S2A_30NXM_20210923_0_L2A,0.123796,0.009281,0.02759,0.799026,1.283875,0.379,0.2952,0.2792,0.03295,608,876,0.3059,43.235,GOOD,1.0
2021-10-13,P02,S2A_30NXM_20211013_0_L2A,0.031388,0.007305,-0.206572,0.036545,1.058128,0.2057,0.1944,0.2992,0.1848,40,876,0.9543,14.038,LOW_QUALITY,0.64
2021-10-23,P02,S2A_30NXM_20211023_0_L2A,0.093631,0.040848,-0.023526,0.531473,1.130369,0.2974,0.2631,0.2867,0.05945,664,876,0.242,73.051,GOOD,1.0
2021-10-28,P02,S2B_30NXM_20211028_0_L2A,0.018072,0.035996,-0.12792,0.155851,1.042127,0.1509,0.1448,0.1914,0.1089,188,876,0.7854,49.588,ACCEPTABLE,0.92
2021-11-07,P02,S2B_30NXM_20211107_0_L2A,0.088751,0.041036,-0.100751,0.243686,1.231802,0.2843,0.2308,0.2802,0.127,228,876,0.7397,25.007,ACCEPTABLE,0.92
2021-11-12,P02,S2A_30NXM_20211112_0_L2A,0.071429,0.048975,-0.16125,0.146753,1.117901,0.2854,0.2553,0.3509,0.1826,876,876,0.0,33.772,GOOD,1.0
2021-11-17,P02,S2B_30NXM_20211117_0_L2A,0.014605,0.018576,-0.068649,0.308695,1.031524,0.1178,0.1142,0.13155,0.0598,412,876,0.5297,31.987,ACCEPTABLE,0.92
2021-11-22,P02,S2A_30NXM_20211122_0_L2A,0.019259,0.035475,-0.07496,0.329402,1.041852,0.117,0.1123,0.12855,0.0565,872,876,0.0046,44.098,GOOD,1.0
2021-11-27,P02,S2B_30NXM_20211127_0_L2A,0.100707,0.005489,-0.009825,0.698717,1.221063,0.3629,0.2972,0.30375,0.05335,104,876,0.8813,47.722,LOW_QUALITY,0.64
2021-12-02,P02,S2A_30NXM_20211202_1_L2A,0.117427,0.018731,-0.068335,0.701005,1.266907,0.281,0.2218,0.2544,0.0393,876,876,0.0,42.675,GOOD,1.0
2021-12-12,P02,S2A_30NXM_20211212_1_L2A,0.089494,0.019782,-0.197328,0.269951,1.199183,0.2643,0.2204,0.3274,0.12915,40,876,0.9543,50.451,LOW_QUALITY,0.64
2021-12-17,P02,S2B_30NXM_20211217_0_L2A,0.047551,0.021584,-0.120871,0.303839,1.109215,0.13,0.1172,0.1512,0.0636,500,876,0.4292,72.973,GOOD,1.0
2021-12-22,P02,S2A_30NXM_20211222_0_L2A,0.150983,0.014204,-0.178664,0.426821,1.359375,0.2784,0.2048,0.294,0.0817,876,876,0.0,2.105,GOOD,1.0
2021-12-27,P02,S2B_30NXM_20211227_1_L2A,0.10968,0.016611,-0.155796,0.435369,1.248502,0.2708,0.2169,0.2952,0.0845,876,876,0.0,46.857,GOOD,1.0
2022-01-06,P02,S2B_30NXM_20220106_0_L2A,0.070616,0.02767,-0.164645,0.289022,1.153802,0.1988,0.1723,0.2471,0.0923,876,876,0.0,22.368,GOOD,1.0
2022-01-21,P02,S2A_30NXM_20220121_0_L2A,0.145236,0.018376,-0.194152,0.361055,1.34237,0.2674,0.1992,0.29405,0.0935,876,876,0.0,1.758,GOOD,1.0
2022-01-26,P02,S2B_30NXM_20220126_0_L2A,0.174696,0.022791,-0.233331,0.446725,1.43379,0.2512,0.1752,0.2829,0.0647,876,876,0.0,0.001,GOOD,1.0
2022-01-31,P02,S2A_30NXM_20220131_0_L2A,0.084599,0.013854,-0.122241,0.262037,1.19882,0.325,0.2711,0.3458,0.1593,64,876,0.9269,59.792,LOW_QUALITY,0.64
2022-02-10,P02,S2A_30NXM_20220210_0_L2A,0.067239,0.024538,-0.167867,0.267927,1.14463,0.2675,0.2337,0.3274,0.13565,144,876,0.8356,29.208,ACCEPTABLE,0.72
2022-03-02,P02,S2A_30NXM_20220302_0_L2A,0.055512,0.023022,-0.235776,0.057596,1.118625,0.2018,0.1804,0.2922,0.1614,876,876,0.0,23.286,GOOD,1.0
2022-03-07,P02,S2B_30NXM_20220307_0_L2A,0.097181,0.037403,-0.08633,0.49044,1.22272,0.3003,0.2456,0.3073,0.0672,196,876,0.7763,22.008,ACCEPTABLE,0.92
2022-06-05,P02,S2B_30NXM_20220605_0_L2A,0.106546,0.020889,-0.050396,0.624083,1.244891,0.3472,0.2789,0.3121,0.0624,748,876,0.1461,59.95,GOOD,1.0
2022-07-20,P02,S2A_30NXM_20220720_0_L2A,0.129842,0.018796,-0.099811,0.725125,1.300501,0.3116,0.2396,0.2943,0.0384,428,876,0.5114,64.87,ACCEPTABLE,0.92
2022-09-23,P02,S2B_30NXM_20220923_0_L2A,0.07292,0.040596,-0.16841,0.307234,1.151837,0.3042,0.2641,0.3732,0.1382,300,876,0.6575,78.958,ACCEPTABLE,0.92
2022-10-28,P02,S2A_30NXM_20221028_0_L2A,0.123568,0.007575,0.011746,0.730687,1.282051,0.36,0.2808,0.27465,0.0441,352,876,0.5982,52.316,ACCEPTABLE,0.92
2022-11-12,P02,S2B_30NXM_20221112_0_L2A,0.087354,0.035566,-0.047032,0.655506,1.20406,0.2313,0.1921,0.214,0.0411,48,876,0.9452,56.042,LOW_QUALITY,0.64
2022-11-17,P02,S2A_30NXM_20221117_0_L2A,0.123883,0.020417,-0.064491,0.723019,1.282498,0.3532,0.2754,0.3139,0.04405,520,876,0.4064,40.431,GOOD,1.0
2022-11-22,P02,S2B_30NXM_20221122_0_L2A,0.12287,0.020308,-0.067617,0.729664,1.280492,0.3538,0.2763,0.31655,0.0436,372,876,0.5753,63.204,ACCEPTABLE,0.92
2022-11-27,P02,S2A_30NXM_20221127_0_L2A,0.116312,0.019117,-0.068459,0.707257,1.267606,0.324,0.2556,0.2941,0.044,856,876,0.0228,40.171,GOOD,1.0
2022-12-07,P02,S2A_30NXM_20221207_0_L2A,0.090479,0.024412,-0.104671,0.528238,1.196046,0.2904,0.2428,0.30515,0.0684,400,876,0.5434,85.315,ACCEPTABLE,0.92
2022-12-22,P02,S2B_30NXM_20221222_0_L2A,0.109429,0.034868,-0.143143,0.594539,1.241558,0.239,0.1925,0.2665,0.0425,320,876,0.6347,39.2,ACCEPTABLE,0.92
2022-12-27,P02,S2A_30NXM_20221227_0_L2A,0.110602,0.027529,-0.166683,0.515173,1.249302,0.2686,0.215,0.301,0.06845,640,876,0.2694,1.914,GOOD,1.0
2023-01-01,P02,S2B_30NXM_20230101_0_L2A,0.110272,0.014164,-0.191865,0.430085,1.251534,0.2652,0.2119,0.3121,0.0836,876,876,0.0,0.098,GOOD,1.0
2023-01-11,P02,S2B_30NXM_20230111_0_L2A,0.088473,0.024636,-0.158946,0.351706,1.201443,0.2165,0.1802,0.2495,0.0837,116,876,0.8676,36.464,LOW_QUALITY,0.64
2023-01-16,P02,S2A_30NXM_20230116_0_L2A,0.110904,0.016699,-0.200337,0.329087,1.252643,0.237,0.1892,0.284,0.0954,876,876,0.0,25.062,GOOD,1.0
2023-01-31,P02,S2B_30NXM_20230131_0_L2A,0.129947,0.020816,-0.152997,0.627669,1.302336,0.2955,0.2269,0.3089,0.0522,180,876,0.7945,31.723,ACCEPTABLE,0.92
2023-02-10,P02,S2B_30NXM_20230210_0_L2A,0.114678,0.017789,-0.152396,0.526103,1.262264,0.2676,0.212,0.288,0.0659,876,876,0.0,3.807,GOOD,1.0
2023-02-15,P02,S2A_30NXM_20230215_0_L2A,0.095575,0.021207,-0.131044,0.372387,1.224719,0.327,0.267,0.34715,0.11895,536,876,0.3881,54.81,GOOD,1.0
2023-02-25,P02,S2A_30NXM_20230225_0_L2A,0.088625,0.014743,-0.125254,0.331592,1.20155,0.31,0.258,0.3305,0.1293,876,876,0.0,69.41,GOOD,1.0
2023-04-01,P02,S2B_30NXM_20230401_0_L2A,0.085151,0.013258,-0.133112,0.482785,1.177083,0.2825,0.24,0.32095,0.0806,140,876,0.8402,26.505,ACCEPTABLE,0.72
2023-04-06,P02,S2A_30NXM_20230406_0_L2A,0.087024,0.018099,-0.092068,0.538011,1.194195,0.3456,0.2894,0.34935,0.0873,876,876,0.0,37.502,GOOD,1.0
2023-04-16,P02,S2A_30NXM_20230416_0_L2A,0.083214,0.021352,-0.081967,0.545177,1.183881,0.3496,0.2953,0.348,0.08775,416,876,0.5251,29.167,ACCEPTABLE,0.92
2023-04-21,P02,S2B_30NXM_20230421_0_L2A,0.102913,0.02078,-0.153605,0.547017,1.234835,0.285,0.2308,0.3156,0.0675,876,876,0.0,6.64,GOOD,1.0
2023-05-01,P02,S2B_30NXM_20230501_0_L2A,0.107123,0.015862,-0.048313,0.786796,1.242188,0.3816,0.3072,0.3398,0.0375,780,876,0.1096,44.153,GOOD,1.0
2023-05-26,P02,S2A_30NXM_20230526_0_L2A,0.102605,0.024168,-0.033154,0.680215,1.229885,0.3424,0.2784,0.3006,0.0532,868,876,0.0091,47.695,GOOD,1.0
2023-05-31,P02,S2B_30NXM_20230531_0_L2A,0.094392,0.008596,-0.041679,0.637202,1.197667,0.3902,0.3258,0.35485,0.06845,32,876,0.9635,59.313,LOW_QUALITY,0.49
2023-10-08,P02,S2B_30NXM_20231008_0_L2A,0.102948,0.036251,-0.076895,0.531264,1.213704,0.3578,0.2948,0.3484,0.09065,352,876,0.5982,65.296,ACCEPTABLE,0.92
2023-10-18,P02,S2B_30NXM_20231018_0_L2A,0.113201,0.015643,-0.052813,0.687156,1.253031,0.31,0.2474,0.2812,0.0457,876,876,0.0,56.794,GOOD,1.0
2023-10-28,P02,S2B_30NXM_20231028_0_L2A,0.120257,0.011053,-0.035876,0.782666,1.276038,0.3504,0.2746,0.2966,0.0338,732,876,0.1644,46.014,GOOD,1.0
2023-11-02,P02,S2A_30NXM_20231102_0_L2A,0.113435,0.019168,-0.069989,0.63363,1.251826,0.3256,0.2601,0.29885,0.05675,168,876,0.8082,49.99,ACCEPTABLE,0.92
2023-11-12,P02,S2A_30NXM_20231112_0_L2A,0.132303,0.012237,-0.11694,0.703567,1.307155,0.2996,0.2292,0.28965,0.04,804,876,0.0822,48.146,GOOD,1.0
2023-12-02,P02,S2A_30NXM_20231202_0_L2A,0.131299,0.019237,-0.072865,0.741143,1.304808,0.3202,0.2454,0.28445,0.0362,284,876,0.6758,51.964,ACCEPTABLE,0.92
2023-12-17,P02,S2B_30NXM_20231217_0_L2A,0.101472,0.011467,-0.169586,0.416391,1.230375,0.2884,0.2344,0.328,0.0965,876,876,0.0,42.919,GOOD,1.0
2023-12-22,P02,S2A_30NXM_20231222_0_L2A,0.13025,0.017474,-0.19035,0.513868,1.303139,0.2532,0.1943,0.28365,0.0625,876,876,0.0,39.566,GOOD,1.0
2024-01-01,P02,S2A_30NXM_20240101_0_L2A,0.10534,0.018782,-0.196103,0.369104,1.236434,0.2552,0.2064,0.30545,0.0953,876,876,0.0,38.195,GOOD,1.0
2024-01-06,P02,S2B_30NXM_20240106_0_L2A,0.122851,0.023102,-0.135395,0.621559,1.285897,0.3009,0.234,0.3082,0.05315,376,876,0.5708,57.268,ACCEPTABLE,0.92
2024-01-11,P02,S2A_30NXM_20240111_0_L2A,0.121648,0.023919,-0.120444,0.684745,1.284904,0.3396,0.2643,0.3383,0.04885,256,876,0.7078,56.562,ACCEPTABLE,0.92
2024-01-26,P02,S2B_30NXM_20240126_0_L2A,0.093849,0.018465,-0.214344,0.298147,1.212486,0.2214,0.1826,0.2832,0.0992,876,876,0.0,24.26,GOOD,1.0
2024-01-31,P02,S2A_30NXM_20240131_0_L2A,0.136131,0.017673,-0.275356,0.067349,1.318182,0.2204,0.1672,0.294,0.1455,876,876,0.0,16.481,GOOD,1.0
2024-03-11,P02,S2A_30NXM_20240311_0_L2A,0.117565,0.024065,-0.150211,0.508372,1.270852,0.2895,0.2278,0.3087,0.0737,876,876,0.0,24.76,GOOD,1.0
2024-03-16,P02,S2B_30NXM_20240316_0_L2A,0.101317,0.017142,-0.158526,0.48132,1.226562,0.2512,0.2048,0.28255,0.0708,876,876,0.0,10.159,GOOD,1.0
2024-03-21,P02,S2A_30NXM_20240321_0_L2A,0.095965,0.01617,-0.130093,0.420505,1.214403,0.2968,0.2444,0.3175,0.0998,876,876,0.0,8.352,GOOD,1.0
2024-03-26,P02,S2B_30NXM_20240326_0_L2A,0.08684,0.015552,-0.120164,0.486824,1.192926,0.2968,0.2488,0.3176,0.0856,876,876,0.0,53.946,GOOD,1.0
2024-03-31,P02,S2A_30NXM_20240331_0_L2A,0.100888,0.017347,-0.169797,0.431199,1.224729,0.2714,0.2216,0.3128,0.0883,876,876,0.0,5.381,GOOD,1.0
2024-04-05,P02,S2B_30NXM_20240405_0_L2A,0.092977,0.018726,-0.082124,0.527049,1.220727,0.3628,0.2972,0.3569,0.0943,388,876,0.5571,65.625,ACCEPTABLE,0.92
2024-04-20,P02,S2A_30NXM_20240420_0_L2A,0.094972,0.016122,-0.076494,0.549138,1.212976,0.344,0.2836,0.3395,0.0844,332,876,0.621,36.018,ACCEPTABLE,0.92
2024-04-25,P02,S2B_30NXM_20240425_0_L2A,0.090579,0.021031,-0.10721,0.443232,1.202685,0.3584,0.298,0.3704,0.1142,484,876,0.4475,84.201,GOOD,1.0
2024-05-05,P02,S2B_30NXM_20240505_0_L2A,0.098539,0.016243,-0.080565,0.60053,1.222448,0.3616,0.2958,0.3495,0.075,876,876,0.0,51.718,GOOD,1.0
2024-05-30,P02,S2A_30NXM_20240530_0_L2A,0.098454,0.01309,-0.071623,0.640707,1.220712,0.3772,0.309,0.3569,0.0688,372,876,0.5753,41.119,ACCEPTABLE,0.92
2024-10-17,P02,S2A_30NXM_20241017_0_L2A,0.110168,0.024702,-0.092131,0.642245,1.246451,0.3864,0.31,0.3808,0.0656,572,876,0.347,88.829,GOOD,1.0
2024-11-06,P02,S2A_30NXM_20241106_0_L2A,0.12092,0.012388,-0.134879,0.670701,1.278413,0.3352,0.2622,0.345,0.0512,360,876,0.589,32.001,ACCEPTABLE,0.92
2024-11-21,P02,S2B_30NXM_20241121_0_L2A,0.112245,0.013981,-0.144667,0.531249,1.258498,0.3184,0.253,0.3401,0.078,876,876,0.0,21.956,GOOD,1.0
2024-12-01,P02,S2B_30NXM_20241201_0_L2A,0.115572,0.015016,-0.181438,0.466261,1.265741,0.2734,0.216,0.31,0.0779,876,876,0.0,6.008,GOOD,1.0
2024-12-06,P02,S2C_30NXM_20241206_1_L2A,0.187752,0.036974,-0.222203,1.0,1.451488,0.2244,0.1546,0.24435,-0.03115,608,876,0.3059,50.859,GOOD,1.0
2024-12-11,P02,S2B_30NXM_20241211_0_L2A,0.131544,0.060855,-0.162766,0.472875,1.306633,0.3132,0.2397,0.3384,0.0826,304,876,0.653,33.949,ACCEPTABLE,0.8
2024-12-21,P02,S2B_30NXM_20241221_0_L2A,0.136324,0.019819,-0.232877,0.431113,1.318046,0.2644,0.2006,0.3212,0.079,876,876,0.0,0.682,GOOD,1.0
2024-12-26,P02,S2A_30NXM_20241226_0_L2A,0.088672,0.03061,-0.170248,0.458276,1.190401,0.3026,0.2542,0.354,0.09405,120,876,0.863,25.724,LOW_QUALITY,0.64
2024-12-31,P02,S2B_30NXM_20241231_0_L2A,0.104651,0.0243,-0.211424,0.357779,1.235944,0.2462,0.1992,0.3055,0.0937,876,876,0.0,47.038,GOOD,1.0
2025-01-05,P02,S2A_30NXM_20250105_0_L2A,0.107346,0.025084,-0.188736,0.30352,1.248863,0.2745,0.2198,0.3199,0.1165,876,876,0.0,5.948,GOOD,1.0
2025-01-10,P02,S2B_30NXM_20250110_0_L2A,0.035509,0.026069,-0.113533,0.253608,1.07072,0.162,0.1513,0.1858,0.0903,352,876,0.5982,36.804,ACCEPTABLE,0.92
2025-01-15,P02,S2A_30NXM_20250115_0_L2A,0.095376,0.024265,-0.196401,0.314691,1.200409,0.2348,0.1956,0.2928,0.0978,876,876,0.0,34.785,GOOD,1.0
2025-01-25,P02,S2C_30NXM_20250125_0_L2A,0.086953,0.071596,-0.206502,1.0,1.178571,0.0825,0.07,0.1062,-0.0001,84,876,0.9041,48.582,LOW_QUALITY,0.52
2025-01-30,P02,S2B_30NXM_20250130_0_L2A,0.022755,0.019833,-0.124529,-0.13088,1.044248,0.354,0.339,0.4684,0.4757,144,876,0.8356,18.559,ACCEPTABLE,0.72
2025-02-04,P02,S2C_30NXM_20250204_0_L2A,0.194366,0.071343,-0.318726,0.960549,1.444445,0.1482,0.1026,0.19775,0.002,876,876,0.0,0.121,ACCEPTABLE,0.88
2025-02-24,P02,S2C_30NXM_20250224_0_L2A,0.139047,0.123052,-0.502322,-0.016748,1.520891,0.0546,0.0359,0.1289,0.0335,12,876,0.9863,59.796,LOW_QUALITY,0.25
2025-03-06,P02,S2C_30NXM_20250306_0_L2A,0.159677,0.030975,-0.184865,1.0,1.387658,0.1754,0.1264,0.1866,-0.0099,68,876,0.9224,73.18,LOW_QUALITY,0.64
2025-04-05,P02,S2C_30NXM_20250405_0_L2A,0.085639,0.015867,-0.075145,0.539307,1.190294,0.3728,0.3132,0.3651,0.0943,508,876,0.4201,52.196,GOOD,1.0
2025-04-10,P02,S2B_30NXM_20250410_0_L2A,0.097225,0.015417,-0.147667,0.410901,1.217971,0.2833,0.2326,0.31435,0.09815,272,876,0.6895,81.736,ACCEPTABLE,0.92
2025-04-17,P02,S2A_30NXM_20250417_0_L2A,0.087359,0.028381,-0.049894,0.610991,1.194555,0.4212,0.3526,0.3898,0.0857,300,876,0.6575,55.667,ACCEPTABLE,0.92
2025-04-30,P02,S2B_30NXM_20250430_0_L2A,0.083063,0.02081,-0.076241,0.52087,1.177984,0.3296,0.2798,0.3296,0.0886,876,876,0.0,56.239,GOOD,1.0
2025-05-05,P02,S2C_30NXM_20250505_0_L2A,0.07546,0.008523,-0.06856,0.482858,1.153897,0.3494,0.3028,0.3506,0.09815,24,876,0.9726,71.497,LOW_QUALITY,0.49
2025-05-15,P02,S2C_30NXM_20250515_0_L2A,0.098599,0.018648,-0.056187,0.713513,1.222222,0.3784,0.3096,0.3476,0.0528,212,876,0.758,43.06,ACCEPTABLE,0.92
2025-06-06,P02,S2A_30NXM_20250606_0_L2A,0.105214,0.018538,-0.089478,0.676397,1.237027,0.3528,0.2852,0.3416,0.0549,876,876,0.0,47.91,GOOD,1.0
2025-07-14,P02,S2C_30NXM_20250714_0_L2A,0.132176,0.018278,-0.12356,0.73646,1.306341,0.342,0.2618,0.3365,0.0389,812,876,0.0731,57.547,GOOD,1.0
2025-07-16,P02,S2A_30NXM_20250716_0_L2A,0.11394,0.025168,-0.099925,0.670114,1.256552,0.3644,0.29,0.35605,0.059,68,876,0.9224,78.024,LOW_QUALITY,0.64
2025-09-04,P02,S2A_30NXM_20250904_0_L2A,0.105576,0.015794,-0.078945,0.663146,1.24036,0.386,0.3112,0.36465,0.0625,500,876,0.4292,67.479,GOOD,1.0
2025-10-07,P02,S2B_30NXM_20251007_1_L2A,0.117856,0.00985,-0.076271,0.761212,1.271155,0.4116,0.3238,0.3784,0.0443,260,876,0.7032,74.506,ACCEPTABLE,0.92
2025-10-12,P02,S2C_30NXM_20251012_0_L2A,0.067798,0.03519,-0.143992,0.316709,1.129359,0.3012,0.2667,0.3576,0.1336,524,876,0.4018,73.126,GOOD,1.0
2025-10-14,P02,S2A_30NXM_20251014_0_L2A,0.074029,0.038758,-0.161896,0.279403,1.116006,0.2761,0.2474,0.339,0.1371,364,876,0.5845,74.496,ACCEPTABLE,0.92
2025-10-17,P02,S2B_30NXM_20251017_0_L2A,0.118225,0.023689,-0.109323,0.682847,1.274298,0.354,0.2778,0.35,0.0539,328,876,0.6256,58.493,ACCEPTABLE,0.92
2025-10-27,P02,S2B_30NXM_20251027_0_L2A,0.11703,0.014513,-0.072178,0.738332,1.263729,0.3728,0.295,0.342,0.045,744,876,0.1507,68.213,GOOD,1.0
2025-11-11,P02,S2C_30NXM_20251111_0_L2A,0.136,0.017192,-0.099834,0.744226,1.327163,0.3728,0.2809,0.3478,0.0409,276,876,0.6849,63.346,ACCEPTABLE,0.92
2025-11-16,P02,S2B_30NXM_20251116_0_L2A,0.108166,0.012675,-0.119672,0.575726,1.24527,0.3554,0.2854,0.3658,0.0765,248,876,0.7169,64.471,ACCEPTABLE,0.92
2025-11-21,P02,S2C_30NXM_20251121_0_L2A,0.120801,0.01952,-0.102947,0.665271,1.277361,0.3408,0.2668,0.32985,0.0524,588,876,0.3288,72.815,GOOD,1.0
2025-12-01,P02,S2C_30NXM_20251201_0_L2A,0.102964,0.016932,-0.107556,0.580777,1.225622,0.3004,0.2451,0.3043,0.0627,60,876,0.9315,69.856,LOW_QUALITY,0.64
2025-12-06,P02,S2B_30NXM_20251206_0_L2A,0.099826,0.032282,-0.150647,0.478839,1.205118,0.3061,0.254,0.35035,0.08205,216,876,0.7534,61.443,ACCEPTABLE,0.92
2025-12-16,P02,S2B_30NXM_20251216_0_L2A,0.137287,0.027306,-0.171992,0.551054,1.322959,0.2933,0.2217,0.31535,0.06175,144,876,0.8356,27.14,ACCEPTABLE,0.72
2025-12-23,P02,S2A_30NXM_20251223_0_L2A,0.132632,0.018229,-0.137829,0.585912,1.310855,0.3188,0.2432,0.3209,0.0641,876,876,0.0,47.61,GOOD,1.0
2025-12-26,P02,S2B_30NXM_20251226_0_L2A,0.114303,0.017602,-0.129161,0.496324,1.267581,0.356,0.28085,0.3664,0.09465,856,876,0.0228,82.951,GOOD,1.0
2026-01-05,P02,S2B_30NXM_20260105_0_L2A,0.134105,0.024086,-0.151559,0.690297,1.315191,0.3238,0.2462,0.33365,0.0441,876,876,0.0,47.091,GOOD,1.0
2026-01-25,P02,S2B_30NXM_20260125_0_L2A,0.155141,0.018427,-0.245361,0.406494,1.373083,0.2418,0.1761,0.2913,0.0736,876,876,0.0,0.471,GOOD,1.0
2026-01-30,P02,S2C_30NXM_20260130_0_L2A,0.11002,0.01435,-0.215555,0.19029,1.250251,0.2493,0.1994,0.3096,0.1338,284,876,0.6758,42.601,ACCEPTABLE,0.92
2026-03-01,P02,S2C_30NXM_20260301_0_L2A,0.084326,0.027965,-0.163727,0.285028,1.186896,0.3315,0.2793,0.3926,0.1531,356,876,0.5936,53.89,ACCEPTABLE,0.92
2026-03-26,P02,S2B_30NXM_20260326_0_L2A,0.098152,0.023025,-0.103371,0.521099,1.222463,0.3385,0.2769,0.3483,0.0851,440,876,0.4977,52.249,GOOD,1.0
2026-03-31,P02,S2C_30NXM_20260331_0_L2A,0.017405,0.026468,-0.265386,-0.138284,1.039193,0.1803,0.1735,0.3082,0.233,104,876,0.8813,59.662,LOW_QUALITY,0.64
2026-04-02,P02,S2A_30NXM_20260402_0_L2A,0.0529,0.023671,-0.162011,0.19727,1.105239,0.24155,0.21855,0.3076,0.1509,756,876,0.137,37.426,GOOD,1.0
2026-04-10,P02,S2C_30NXM_20260410_0_L2A,0.117864,0.020821,-0.115243,0.655741,1.268695,0.3003,0.2367,0.29925,0.05,876,876,0.0,17.865,GOOD,1.0
2026-04-12,P02,S2A_30NXM_20260412_0_L2A,0.077123,0.013898,-0.127089,0.437045,1.170202,0.33655,0.2876,0.37155,0.11305,424,876,0.516,67.371,ACCEPTABLE,0.92
2026-04-15,P02,S2B_30NXM_20260415_0_L2A,0.11,0.020334,-0.159813,0.536211,1.251945,0.2897,0.2314,0.32095,0.0685,312,876,0.6438,11.277,ACCEPTABLE,0.92
2026-04-22,P02,S2A_30NXM_20260422_0_L2A,0.090194,0.019546,-0.135348,0.507542,1.201817,0.3043,0.2532,0.3336,0.0821,876,876,0.0,30.427,GOOD,1.0
2026-05-12,P02,S2A_30NXM_20260512_0_L2A,0.111796,0.025483,-0.092166,0.64877,1.256902,0.3733,0.297,0.35905,0.0627,584,876,0.3333,48.451,GOOD,1.0
2026-05-30,P02,S2C_30NXM_20260530_0_L2A,0.104405,0.035919,-0.063529,0.615116,1.246976,0.38145,0.3059,0.35115,0.0735,48,876,0.9452,66.369,LOW_QUALITY,0.64
2026-06-01,P02,S2A_30NXM_20260601_0_L2A,0.105108,0.019726,-0.080069,0.691002,1.235971,0.3546,0.2869,0.33795,0.0525,876,876,0.0,42.636,GOOD,1.0
2026-09-02,P02,S2B_30NXM_20260902_0_L2A,0.085444,0.02488,-0.026343,0.701109,1.197044,0.2916,0.2436,0.26075,0.0403,44,876,0.9498,86.834,LOW_QUALITY,0.64
2017-01-27,P03,S2A_30NXL_20170127_0_L2A,0.072524,0.032304,-0.256107,-0.125673,1.1523,0.2179,0.1891,0.3496,0.2609,184,900,0.7956,13.445,ACCEPTABLE,0.92
2017-03-08,P03,S2A_30NXL_20170308_0_L2A,0.014173,0.03015,-0.210724,-0.027091,0.986018,0.1622,0.1645,0.2724,0.1689,20,900,0.9778,16.484,LOW_QUALITY,0.49
2017-03-18,P03,S2A_30NXL_20170318_0_L2A,0.045975,0.05064,-0.085486,-0.033872,1.004292,0.1638,0.1631,0.2241,0.2144,50,900,0.9444,55.25,LOW_QUALITY,0.64
2017-03-28,P03,S2A_30NXL_20170328_0_L2A,0.007498,0.023366,-0.229806,-0.131137,1.038082,0.2317,0.2232,0.3665,0.29,48,900,0.9467,16.766,LOW_QUALITY,0.64
2017-04-17,P03,S2A_30NXL_20170417_0_L2A,0.007287,0.035052,-0.25274,-0.194865,1.019413,0.2258,0.2215,0.3867,0.313,40,900,0.9556,13.69,LOW_QUALITY,0.64
2017-07-11,P03,S2B_30NXL_20170711_0_L2A,0.12118,0.026745,0.048131,0.787624,1.277138,0.2106,0.1649,0.1506,0.0198,822,900,0.0867,10.295,GOOD,1.0
2017-08-15,P03,S2A_30NXL_20170815_0_L2A,0.094568,0.02178,0.002241,0.640889,1.208469,0.2226,0.1842,0.1835,0.041,670,900,0.2556,65.816,GOOD,1.0
2017-08-20,P03,S2B_30NXL_20170820_0_L2A,0.104009,0.037745,0.078069,0.697655,1.24,0.2697,0.2175,0.1882,0.0368,520,900,0.4222,19.154,GOOD,1.0
2017-10-09,P03,S2B_30NXL_20171009_0_L2A,0.113591,0.030527,0.039199,0.699604,1.259009,0.2236,0.1776,0.1648,0.0316,758,900,0.1578,28.443,GOOD,1.0
2017-10-24,P03,S2A_30NXL_20171024_0_L2A,0.108366,0.015713,0.100767,0.683292,1.243402,0.2544,0.2046,0.167,0.0384,692,900,0.2311,26.802,GOOD,1.0
2017-10-29,P03,S2B_30NXL_20171029_0_L2A,0.125486,0.019653,0.069018,0.700634,1.290579,0.2274,0.1762,0.154,0.031,746,900,0.1711,45.094,GOOD,1.0
2017-11-03,P03,S2A_30NXL_20171103_0_L2A,0.047278,0.020267,0.013356,0.345974,1.102834,0.1362,0.1235,0.1203,0.0605,164,900,0.8178,17.962,ACCEPTABLE,0.92
2017-11-08,P03,S2B_30NXL_20171108_0_L2A,0.066006,0.030644,-0.056716,0.305542,1.144315,0.157,0.1372,0.1587,0.0762,128,900,0.8578,16.765,LOW_QUALITY,0.64
2017-11-13,P03,S2A_30NXL_20171113_0_L2A,0.135275,0.023692,0.051144,0.660254,1.32112,0.2596,0.1965,0.1788,0.0387,650,900,0.2778,17.355,GOOD,1.0
2017-11-18,P03,S2B_30NXL_20171118_0_L2A,0.02933,0.021483,0.043355,0.425329,1.066378,0.1478,0.1386,0.1268,0.0562,252,900,0.72,31.986,ACCEPTABLE,0.92
2017-11-28,P03,S2B_30NXL_20171128_0_L2A,0.077594,0.047208,0.013995,0.556152,1.142033,0.1584,0.1387,0.1517,0.042,482,900,0.4644,16.465,GOOD,1.0
2017-12-03,P03,S2A_30NXL_20171203_0_L2A,0.128379,0.032186,0.023245,0.679344,1.29628,0.2857,0.2204,0.2097,0.042,336,900,0.6267,27.847,ACCEPTABLE,0.92
2017-12-13,P03,S2A_30NXL_20171213_1_L2A,0.03125,0.011431,-0.193112,0.136448,1.065816,0.2089,0.196,0.2896,0.1491,888,900,0.0133,32.24,GOOD,1.0
2017-12-18,P03,S2B_30NXL_20171218_0_L2A,0.073175,0.035003,-0.215043,0.049546,1.176236,0.1475,0.1254,0.2092,0.1144,30,900,0.9667,21.186,LOW_QUALITY,0.49
2017-12-28,P03,S2B_30NXL_20171228_1_L2A,0.032611,0.012101,-0.202999,0.141126,1.069231,0.2224,0.208,0.3164,0.15785,888,900,0.0133,30.237,GOOD,1.0
2018-01-02,P03,S2A_30NXL_20180102_1_L2A,0.015866,0.008755,-0.091879,-0.044876,1.034069,0.431,0.4168,0.5072,0.4605,160,900,0.8222,6.359,ACCEPTABLE,0.92
2018-01-17,P03,S2B_30NXL_20180117_0_L2A,0.12126,0.020905,-0.156627,0.321672,1.281519,0.1789,0.1396,0.1915,0.0717,770,900,0.1444,1.186,GOOD,1.0
2018-01-22,P03,S2A_30NXL_20180122_0_L2A,0.08787,0.028724,-0.054736,0.241779,1.199251,0.1601,0.1335,0.1496,0.0778,342,900,0.62,11.396,ACCEPTABLE,0.92
2018-01-27,P03,S2B_30NXL_20180127_0_L2A,0.029666,0.004154,-0.217745,-0.239266,1.058362,0.243,0.2296,0.3566,0.3698,26,900,0.9711,42.232,LOW_QUALITY,0.49
2018-02-01,P03,S2A_30NXL_20180201_0_L2A,0.002386,0.018123,-0.164898,0.114357,1.010782,0.15,0.1484,0.2053,0.1168,54,900,0.94,9.7,LOW_QUALITY,0.64
2018-03-03,P03,S2A_30NXL_20180303_1_L2A,0.11126,0.034281,0.027592,0.599881,1.257018,0.3448,0.2743,0.2602,0.0679,414,900,0.54,29.263,ACCEPTABLE,0.92
2018-03-08,P03,S2B_30NXL_20180308_0_L2A,0.001852,0.031134,-0.013109,0.347794,1.000646,0.155,0.1549,0.1585,0.073,68,900,0.9244,38.889,LOW_QUALITY,0.64
2018-04-12,P03,S2A_30NXL_20180412_0_L2A,-0.02924,0.079297,-0.360131,-0.024097,0.919028,0.1362,0.1482,0.3179,0.15755,12,900,0.9867,35.035,LOW_QUALITY,0.37
2018-04-17,P03,S2B_30NXL_20180417_0_L2A,0.013684,0.024384,-0.136759,0.156738,1.030389,0.1458,0.1415,0.1838,0.1029,24,900,0.9733,29.374,LOW_QUALITY,0.49
2018-04-27,P03,S2B_30NXL_20180427_0_L2A,0.069994,0.09193,-0.230801,0.111321,1.174371,0.1448,0.1233,0.2306,0.1087,60,900,0.9333,12.821,LOW_QUALITY,0.52
2018-05-07,P03,S2B_30NXL_20180507_0_L2A,0.028996,0.078172,-0.288415,0.028559,1.001502,0.1334,0.1332,0.2532,0.12575,12,900,0.9867,41.493,LOW_QUALITY,0.37
2018-05-12,P03,S2A_30NXL_20180512_0_L2A,0.10263,0.044975,-0.060662,0.394171,1.07732,0.1881,0.1746,0.1834,0.0503,190,900,0.7889,18.959,ACCEPTABLE,0.92
2018-05-22,P03,S2A_30NXL_20180522_0_L2A,0.049614,0.017833,-0.055769,0.270658,1.114729,0.1438,0.129,0.1466,0.0751,230,900,0.7444,58.457,ACCEPTABLE,0.92
2018-06-01,P03,S2A_30NXL_20180601_1_L2A,0.105325,0.028121,0.087316,0.683751,1.234234,0.3836,0.3108,0.2617,0.056,92,900,0.8978,81.562,LOW_QUALITY,0.64
2018-06-06,P03,S2B_30NXL_20180606_0_L2A,0.113099,0.060713,0.015053,0.64431,1.260366,0.3374,0.2677,0.2623,0.0587,62,900,0.9311,80.28,LOW_QUALITY,0.52
2018-06-11,P03,S2A_30NXL_20180611_0_L2A,0.128686,0.026458,0.113113,0.794643,1.293057,0.2868,0.2218,0.1772,0.02555,752,900,0.1644,39.13,GOOD,1.0
2018-07-26,P03,S2B_30NXL_20180726_1_L2A,0.110715,0.018974,0.006468,0.648195,1.245311,0.2523,0.2026,0.2004,0.0429,754,900,0.1622,80.903,GOOD,1.0
2018-07-31,P03,S2A_30NXL_20180731_1_L2A,0.131585,0.039587,0.052717,0.730492,1.305726,0.2554,0.1956,0.177,0.0307,872,900,0.0311,26.666,GOOD,1.0
2018-08-05,P03,S2B_30NXL_20180805_0_L2A,0.117917,0.055794,-0.06123,0.353444,1.224798,0.243,0.1984,0.2147,0.0895,812,900,0.0978,11.265,GOOD,1.0
2018-09-14,P03,S2B_30NXL_20180914_0_L2A,0.098111,0.017361,0.060639,0.67593,1.225993,0.2962,0.2416,0.2154,0.0445,262,900,0.7089,37.564,ACCEPTABLE,0.92
2018-09-29,P03,S2A_30NXL_20180929_0_L2A,-0.022474,0.031188,-0.170175,0.057037,0.961832,0.1512,0.1572,0.2185,0.1376,44,900,0.9511,48.211,LOW_QUALITY,0.64
2018-10-04,P03,S2B_30NXL_20181004_0_L2A,0.006109,0.026886,-0.007406,0.355408,1.030864,0.1336,0.1296,0.1293,0.0613,332,900,0.6311,77.647,ACCEPTABLE,0.92
2018-10-19,P03,S2A_30NXL_20181019_1_L2A,0.126754,0.033225,0.14477,0.76463,1.294177,0.2578,0.1992,0.1497,0.02715,888,900,0.0133,28.861,GOOD,1.0
2018-10-24,P03,S2B_30NXL_20181024_0_L2A,0.00838,0.066128,0.14643,0.628781,1.003287,0.1526,0.1521,0.1426,0.0357,442,900,0.5089,69.358,ACCEPTABLE,0.8
2018-11-03,P03,S2B_30NXL_20181103_0_L2A,0.111111,0.029164,0.087057,0.729763,1.251656,0.3024,0.2416,0.2057,0.0384,712,900,0.2089,26.263,GOOD,1.0
2018-11-18,P03,S2A_30NXL_20181118_0_L2A,0.114093,0.025262,0.05399,0.685835,1.252064,0.2578,0.2059,0.1881,0.0376,424,900,0.5289,34.131,ACCEPTABLE,0.92
2018-11-23,P03,S2B_30NXL_20181123_0_L2A,0.117647,0.018538,0.042118,0.740333,1.268137,0.2587,0.204,0.1882,0.0307,866,900,0.0378,15.289,GOOD,1.0
2018-11-28,P03,S2A_30NXL_20181128_0_L2A,-0.003726,0.029574,-0.034028,0.228152,0.992685,0.1357,0.1367,0.1452,0.08445,204,900,0.7733,31.081,ACCEPTABLE,0.92
2018-12-03,P03,S2B_30NXL_20181203_0_L2A,0.125194,0.042489,-0.004148,0.692602,1.289447,0.2566,0.199,0.2004,0.0362,370,900,0.5889,53.329,ACCEPTABLE,0.92
2018-12-08,P03,S2A_30NXL_20181208_0_L2A,0.014457,0.007501,-0.150755,-0.141683,1.032857,0.4338,0.42,0.5696,0.5664,238,900,0.7356,42.294,ACCEPTABLE,0.92
2018-12-18,P03,S2A_30NXL_20181218_0_L2A,0.090811,0.038181,-0.056158,0.58271,1.192821,0.1163,0.0975,0.1093,0.0268,888,900,0.0133,59.577,GOOD,1.0
2018-12-23,P03,S2B_30NXL_20181223_0_L2A,0.059937,0.017509,-0.140486,0.317413,1.137148,0.2504,0.2202,0.2928,0.1143,788,900,0.1244,17.421,GOOD,1.0
2019-01-02,P03,S2B_30NXL_20190102_0_L2A,0.029391,0.026182,-0.107672,0.310754,1.062547,0.1427,0.1343,0.1672,0.0727,188,900,0.7911,13.712,ACCEPTABLE,0.92
2019-01-17,P03,S2A_30NXL_20190117_0_L2A,0.066733,0.059626,-0.195902,0.025194,1.142283,0.1421,0.1244,0.1993,0.0966,86,900,0.9044,68.665,LOW_QUALITY,0.64
2019-01-22,P03,S2B_30NXL_20190122_0_L2A,0.052433,0.034434,-0.079096,0.175013,1.109532,0.1327,0.1196,0.1381,0.07215,56,900,0.9378,54.717,LOW_QUALITY,0.64
2019-01-27,P03,S2A_30NXL_20190127_0_L2A,0.036436,0.023221,-0.241307,-0.059937,1.086331,0.1208,0.1112,0.1843,0.12695,100,900,0.8889,68.66,LOW_QUALITY,0.64
2019-02-11,P03,S2B_30NXL_20190211_0_L2A,0.02424,0.006844,-0.165588,-0.18158,1.037706,0.3963,0.3819,0.5318,0.5492,48,900,0.9467,24.13,LOW_QUALITY,0.64
2019-02-16,P03,S2A_30NXL_20190216_0_L2A,0.036918,0.010899,-0.166217,-0.085869,1.085079,0.2538,0.2339,0.3216,0.2634,10,900,0.9889,23.371,LOW_QUALITY,0.49
2019-02-26,P03,S2A_30NXL_20190226_0_L2A,0.033765,0.027122,-0.055942,0.269073,1.075617,0.1394,0.1296,0.14405,0.0743,804,900,0.1067,8.851,GOOD,1.0
2019-03-08,P03,S2A_30NXL_20190308_0_L2A,0.012387,0.07187,-0.341159,-0.102006,1.038058,0.1582,0.1524,0.291,0.15775,16,900,0.9822,38.327,LOW_QUALITY,0.37
2019-03-18,P03,S2A_30NXL_20190318_0_L2A,-0.03772,0.053148,-0.386723,-0.166586,0.919948,0.1425,0.1549,0.354,0.2263,34,900,0.9622,83.34,LOW_QUALITY,0.49
2019-03-28,P03,S2A_30NXL_20190328_1_L2A,0.102817,0.022542,-0.028257,0.454387,1.228696,0.31,0.2523,0.26795,0.0948,200,900,0.7778,57.068,ACCEPTABLE,0.92
2019-04-02,P03,S2B_30NXL_20190402_0_L2A,0.005747,0.012107,-0.199887,-0.132647,1.011923,0.2716,0.2684,0.4019,0.3517,102,900,0.8867,21.885,LOW_QUALITY,0.64
2019-04-22,P03,S2B_30NXL_20190422_0_L2A,-0.029942,0.016957,-0.297232,-0.143036,0.974798,0.1934,0.1984,0.3642,0.2487,12,900,0.9867,18.704,LOW_QUALITY,0.49
2019-05-02,P03,S2B_30NXL_20190502_0_L2A,-0.015084,0.016135,-0.138447,-0.098458,0.970244,0.3652,0.3764,0.4947,0.4603,63,900,0.93,62.479,LOW_QUALITY,0.64
2019-05-07,P03,S2A_30NXL_20190507_0_L2A,-0.015272,0.03909,-0.316451,-0.07128,0.972518,0.1734,0.1783,0.3463,0.2068,10,900,0.9889,25.446,LOW_QUALITY,0.49
2019-05-12,P03,S2B_30NXL_20190512_1_L2A,0.087591,0.02261,-0.076237,0.355226,1.196748,0.2944,0.246,0.2872,0.1182,888,900,0.0133,53.132,GOOD,1.0
2019-05-17,P03,S2A_30NXL_20190517_0_L2A,0.098532,0.058975,-0.062179,0.373217,1.061761,0.1616,0.1522,0.2333,0.05735,888,900,0.0133,21.514,GOOD,1.0
2019-06-21,P03,S2B_30NXL_20190621_0_L2A,-0.027208,0.030944,-0.293609,0.010082,0.929752,0.135,0.1452,0.2608,0.1344,26,900,0.9711,49.755,LOW_QUALITY,0.49
2019-07-01,P03,S2B_30NXL_20190701_1_L2A,0.1187,0.025815,0.025585,0.726288,1.273381,0.2478,0.1946,0.1854,0.03105,888,900,0.0133,50.157,GOOD,1.0
2019-07-26,P03,S2A_30NXL_20190726_0_L2A,-0.003339,0.024889,-0.074683,0.297787,1.018473,0.2867,0.2815,0.3277,0.15715,104,900,0.8844,66.569,LOW_QUALITY,0.64
2019-07-31,P03,S2B_30NXL_20190731_0_L2A,-0.009549,0.019512,-0.127123,0.265359,0.980133,0.148,0.151,0.1991,0.092,274,900,0.6956,41.525,ACCEPTABLE,0.92
2019-08-05,P03,S2A_30NXL_20190805_1_L2A,0.083578,0.024521,-0.050165,0.470701,1.18921,0.3042,0.2558,0.2857,0.0924,388,900,0.5689,68.344,ACCEPTABLE,0.92
2019-08-15,P03,S2A_30NXL_20190815_0_L2A,0.093909,0.010545,0.049572,0.757903,1.190288,0.3309,0.278,0.251,0.0408,40,900,0.9556,28.374,LOW_QUALITY,0.64
2019-08-30,P03,S2B_30NXL_20190830_1_L2A,0.101845,0.033741,-0.133745,0.628108,1.22758,0.2546,0.2074,0.279,0.047,872,900,0.0311,56.579,GOOD,1.0
2019-09-24,P03,S2A_30NXL_20190924_0_L2A,-0.022366,0.01091,-0.086755,0.070225,0.952643,0.2595,0.2724,0.3253,0.24105,24,900,0.9733,40.774,LOW_QUALITY,0.49
2019-10-29,P03,S2B_30NXL_20191029_0_L2A,0.116825,0.052312,0.015367,0.466456,1.247428,0.2546,0.2041,0.1928,0.0705,888,900,0.0133,42.51,GOOD,1.0
2019-11-08,P03,S2B_30NXL_20191108_0_L2A,0.108193,0.037706,0.093479,0.735995,1.251506,0.2493,0.1992,0.1666,0.03015,440,900,0.5111,17.614,ACCEPTABLE,0.92
2019-11-13,P03,S2A_30NXL_20191113_1_L2A,0.111849,0.048613,0.075059,0.43897,1.241675,0.2461,0.1982,0.16925,0.0463,574,900,0.3622,71.939,GOOD,1.0
2019-11-18,P03,S2B_30NXL_20191118_1_L2A,0.141469,0.035287,0.005241,0.719002,1.332063,0.2796,0.2099,0.2084,0.0348,680,900,0.2444,19.922,GOOD,1.0
2019-11-23,P03,S2A_30NXL_20191123_0_L2A,0.113091,0.040547,-0.01664,0.58793,1.222914,0.2946,0.2409,0.25025,0.058,834,900,0.0733,23.695,GOOD,1.0
2019-11-28,P03,S2B_30NXL_20191128_0_L2A,0.050533,0.050637,-0.018536,0.61025,1.118134,0.1893,0.1693,0.2081,0.0295,366,900,0.5933,25.91,ACCEPTABLE,0.92
2019-12-03,P03,S2A_30NXL_20191203_0_L2A,0.115461,0.043078,-0.043838,0.669918,1.258814,0.3142,0.2496,0.2707,0.0483,434,900,0.5178,22.167,ACCEPTABLE,0.92
2019-12-08,P03,S2B_30NXL_20191208_0_L2A,0.117218,0.053806,-0.083802,0.614703,1.261307,0.3012,0.2388,0.2816,0.05565,264,900,0.7067,34.935,ACCEPTABLE,0.92
2019-12-13,P03,S2A_30NXL_20191213_0_L2A,0.030532,0.043136,0.005076,0.561136,1.052525,0.1042,0.099,0.09785,0.0305,470,900,0.4778,15.373,GOOD,1.0
2019-12-18,P03,S2B_30NXL_20191218_0_L2A,0.128988,0.03501,-0.066901,0.583669,1.310621,0.2616,0.1996,0.241,0.0415,888,900,0.0133,25.177,GOOD,1.0
2019-12-23,P03,S2A_30NXL_20191223_0_L2A,0.051234,0.027778,-0.079438,0.501617,1.106412,0.1622,0.1466,0.17675,0.05345,192,900,0.7867,14.994,ACCEPTABLE,0.92
2019-12-28,P03,S2B_30NXL_20191228_1_L2A,0.126139,0.030522,-0.116058,0.616951,1.29294,0.2454,0.1898,0.2398,0.0456,888,900,0.0133,4.451,GOOD,1.0
2020-01-02,P03,S2A_30NXL_20200102_1_L2A,0.085556,0.046362,-0.130713,0.254979,1.233362,0.2854,0.2314,0.3102,0.1242,350,900,0.6111,36.641,ACCEPTABLE,0.92
2020-01-07,P03,S2B_30NXL_20200107_1_L2A,0.151468,0.018065,-0.237488,0.128697,1.363747,0.2242,0.1644,0.2668,0.1275,888,900,0.0133,0.112,GOOD,1.0
2020-01-12,P03,S2A_30NXL_20200112_1_L2A,0.117021,0.018583,-0.129683,0.379287,1.270448,0.2128,0.1675,0.2186,0.0766,888,900,0.0133,5.465,GOOD,1.0
2020-01-17,P03,S2B_30NXL_20200117_0_L2A,0.032781,0.032846,-0.146602,0.280475,1.082631,0.1926,0.1779,0.2626,0.0902,680,900,0.2444,12.158,GOOD,1.0
2020-01-22,P03,S2A_30NXL_20200122_1_L2A,0.128124,0.018395,-0.179008,0.120966,1.300587,0.2436,0.1873,0.2696,0.1472,888,900,0.0133,58.815,GOOD,1.0
2020-01-27,P03,S2B_30NXL_20200127_1_L2A,0.217952,0.024925,-0.28925,0.158478,1.574548,0.2091,0.1328,0.2398,0.0967,888,900,0.0133,7.911,GOOD,1.0
2020-02-01,P03,S2A_30NXL_20200201_0_L2A,-0.002765,0.027505,-0.069843,0.361106,1.002204,0.1819,0.1815,0.2108,0.0864,62,900,0.9311,22.851,LOW_QUALITY,0.64
2020-02-06,P03,S2B_30NXL_20200206_0_L2A,0.041304,0.033208,-0.154813,0.110434,1.132881,0.2336,0.2062,0.2816,0.15875,388,900,0.5689,13.937,ACCEPTABLE,0.92
2020-02-16,P03,S2B_30NXL_20200216_1_L2A,0.055174,0.015177,-0.179131,0.206349,1.117848,0.2286,0.2045,0.2938,0.1356,888,900,0.0133,22.854,GOOD,1.0
2020-03-02,P03,S2A_30NXL_20200302_0_L2A,0.051434,0.023635,-0.153509,0.18393,1.148356,0.2655,0.2312,0.3231,0.1483,720,900,0.2,31.485,GOOD,1.0
2020-03-12,P03,S2A_30NXL_20200312_0_L2A,-0.021698,0.026733,-0.271006,-0.06728,0.985595,0.2121,0.2152,0.3977,0.2195,10,900,0.9889,26.004,LOW_QUALITY,0.49
2020-03-22,P03,S2A_30NXL_20200322_1_L2A,0.093655,0.022278,-0.098672,0.419723,1.21257,0.3029,0.2498,0.3068,0.10075,884,900,0.0178,24.284,GOOD,1.0
2020-04-11,P03,S2A_30NXL_20200411_0_L2A,0.079802,0.046209,-0.104746,0.396847,1.15053,0.3042,0.2644,0.3275,0.10575,248,900,0.7244,34.894,ACCEPTABLE,0.92
2020-04-21,P03,S2A_30NXL_20200421_1_L2A,0.096733,0.044034,-0.113632,0.435012,1.206964,0.2461,0.2039,0.27,0.05825,888,900,0.0133,13.839,GOOD,1.0
2020-05-06,P03,S2B_30NXL_20200506_0_L2A,0.099653,0.021848,-0.081466,0.594914,1.214919,0.329,0.2708,0.3206,0.0701,26,900,0.9711,24.101,LOW_QUALITY,0.49
2020-05-21,P03,S2A_30NXL_20200521_1_L2A,0.023804,0.045386,-0.179941,0.212458,1.043103,0.1573,0.1508,0.2302,0.0998,260,900,0.7111,61.869,ACCEPTABLE,0.92
2020-05-26,P03,S2B_30NXL_20200526_0_L2A,0.12762,0.026795,-0.052935,0.758007,1.297843,0.2828,0.2179,0.2492,0.0281,888,900,0.0133,16.032,GOOD,1.0
2020-05-31,P03,S2A_30NXL_20200531_1_L2A,0.102638,0.040364,-0.128984,0.339582,1.231506,0.283,0.2298,0.29875,0.1131,646,900,0.2822,37.262,GOOD,1.0
2020-07-25,P03,S2B_30NXL_20200725_1_L2A,0.1221,0.02749,-0.051214,0.744196,1.281665,0.2894,0.2258,0.2502,0.03365,888,900,0.0133,19.304,GOOD,1.0
2020-07-30,P03,S2A_30NXL_20200730_0_L2A,0.087279,0.048308,-0.041214,0.638156,1.202928,0.2383,0.1981,0.2482,0.0441,670,900,0.2556,27.911,GOOD,1.0
2020-08-04,P03,S2B_30NXL_20200804_0_L2A,0.135833,0.027903,-0.058455,0.806504,1.318267,0.28,0.2124,0.2397,0.0225,888,900,0.0133,19.781,GOOD,1.0
2020-08-09,P03,S2A_30NXL_20200809_1_L2A,0.064899,0.059695,-0.082037,0.721354,1.098983,0.3242,0.295,0.3552,0.042,246,900,0.7267,24.522,ACCEPTABLE,0.92
2020-08-19,P03,S2A_30NXL_20200819_0_L2A,0.103829,0.041658,-0.114978,0.573052,1.239247,0.3227,0.2604,0.3343,0.0654,420,900,0.5333,47.26,ACCEPTABLE,0.92
2020-09-18,P03,S2A_30NXL_20200918_0_L2A,-0.017699,0.007944,-0.090496,-0.00122,0.954716,0.4069,0.4262,0.5128,0.4255,16,900,0.9822,35.297,LOW_QUALITY,0.49
2020-10-03,P03,S2B_30NXL_20201003_0_L2A,-0.016949,0.026974,-0.168109,0.079669,0.971861,0.1796,0.1848,0.2501,0.1456,54,900,0.94,41.987,LOW_QUALITY,0.64
2020-10-18,P03,S2A_30NXL_20201018_0_L2A,0.06244,0.027911,0.05259,0.721472,1.131614,0.08555,0.0756,0.07045,0.0129,730,900,0.1889,44.839,GOOD,1.0
2020-10-23,P03,S2B_30NXL_20201023_0_L2A,-0.042637,0.028556,-0.177294,0.193889,0.906332,0.1374,0.1516,0.2121,0.1085,10,900,0.9889,33.053,LOW_QUALITY,0.49
2020-10-28,P03,S2A_30NXL_20201028_0_L2A,0.006834,0.021624,-0.112492,0.221717,1.018838,0.1298,0.1274,0.1596,0.08,868,900,0.0356,57.019,GOOD,1.0
2020-11-02,P03,S2B_30NXL_20201102_0_L2A,0.092338,0.02708,-0.060897,0.549055,1.2,0.2286,0.1905,0.2213,0.0553,374,900,0.5844,53.939,ACCEPTABLE,0.92
2020-11-07,P03,S2A_30NXL_20201107_1_L2A,0.092125,0.027456,-0.021787,0.566147,1.215501,0.2572,0.2116,0.228,0.0588,264,900,0.7067,45.886,ACCEPTABLE,0.92
2020-11-12,P03,S2B_30NXL_20201112_0_L2A,0.028782,0.058265,-0.139665,0.007964,1.246154,0.324,0.26,0.382,0.2466,323,900,0.6411,23.193,ACCEPTABLE,0.92
2020-11-22,P03,S2B_30NXL_20201122_0_L2A,-0.002091,0.014907,0.00563,0.467441,0.9993,0.1427,0.1428,0.142,0.0524,270,900,0.7,96.546,ACCEPTABLE,0.92
2020-12-02,P03,S2B_30NXL_20201202_0_L2A,0.064316,0.050977,-0.111641,0.502109,1.140358,0.2738,0.2401,0.3147,0.0651,780,900,0.1333,27.427,GOOD,1.0
2020-12-07,P03,S2A_30NXL_20201207_0_L2A,0.032907,0.030815,-0.084624,0.363635,1.070163,0.1571,0.1468,0.17395,0.0608,74,900,0.9178,20.764,LOW_QUALITY,0.64
2020-12-12,P03,S2B_30NXL_20201212_0_L2A,0.040451,0.047524,-0.097146,0.549355,1.086739,0.2393,0.2202,0.27905,0.0609,286,900,0.6822,19.335,ACCEPTABLE,0.92
2020-12-22,P03,S2B_30NXL_20201222_0_L2A,0.089762,0.040493,-0.154384,0.321834,1.159225,0.2752,0.2374,0.32755,0.1151,558,900,0.38,18.33,GOOD,1.0
2020-12-27,P03,S2A_30NXL_20201227_1_L2A,0.165746,0.025331,-0.16372,0.614466,1.401005,0.2788,0.199,0.2785,0.04865,888,900,0.0133,22.383,GOOD,1.0
2021-01-01,P03,S2B_30NXL_20210101_1_L2A,0.152637,0.02061,-0.170063,0.478938,1.366682,0.3019,0.2209,0.31125,0.0788,888,900,0.0133,84.475,GOOD,1.0
2021-01-11,P03,S2B_30NXL_20210111_0_L2A,0.026441,0.028902,-0.037854,0.500958,1.052342,0.1146,0.1089,0.11455,0.03855,284,900,0.6844,20.453,ACCEPTABLE,0.92
2021-01-16,P03,S2A_30NXL_20210116_1_L2A,0.148373,0.024245,-0.066177,0.707235,1.353038,0.3296,0.2436,0.279,0.04185,764,900,0.1511,25.003,GOOD,1.0
2021-01-21,P03,S2B_30NXL_20210121_1_L2A,0.054461,0.027206,-0.18804,0.27997,1.112026,0.2025,0.1821,0.278,0.1033,514,900,0.4289,38.967,GOOD,1.0
2021-01-26,P03,S2A_30NXL_20210126_1_L2A,0.158313,0.016382,-0.232573,0.200001,1.378151,0.2624,0.1904,0.3052,0.1282,888,900,0.0133,4.276,GOOD,1.0
2021-01-31,P03,S2B_30NXL_20210131_1_L2A,0.088441,0.027455,-0.216858,0.286177,1.199903,0.2479,0.2066,0.3208,0.1159,184,900,0.7956,25.938,ACCEPTABLE,0.92
2021-02-05,P03,S2A_30NXL_20210205_0_L2A,0.080849,0.023072,-0.193913,0.180338,1.174513,0.09355,0.07965,0.1189,0.0554,596,900,0.3378,83.563,GOOD,1.0
2021-02-10,P03,S2B_30NXL_20210210_0_L2A,0.119294,0.019581,-0.157992,0.47735,1.276106,0.2884,0.226,0.312,0.0808,888,900,0.0133,17.176,GOOD,1.0
2021-02-15,P03,S2A_30NXL_20210215_0_L2A,0.046388,0.034526,-0.170637,0.156396,1.087118,0.2346,0.2158,0.3083,0.1406,558,900,0.38,17.055,GOOD,1.0
2021-02-25,P03,S2A_30NXL_20210225_0_L2A,0.070391,0.029346,-0.177368,-0.186777,1.203034,0.2696,0.2241,0.3336,0.3331,12,900,0.9867,25.971,LOW_QUALITY,0.49
2021-03-02,P03,S2B_30NXL_20210302_0_L2A,-0.009706,0.019097,-0.186499,0.185119,0.989218,0.1468,0.1484,0.218,0.1003,102,900,0.8867,43.345,LOW_QUALITY,0.64
2021-03-12,P03,S2B_30NXL_20210312_2_L2A,0.095113,0.029102,-0.090715,0.575162,1.215916,0.4156,0.3418,0.4128,0.0921,628,900,0.3022,53.237,GOOD,1.0
2021-04-11,P03,S2B_30NXL_20210411_0_L2A,0.065968,0.047628,-0.167166,0.118415,1.083927,0.1369,0.1263,0.19055,0.09715,832,900,0.0756,10.844,GOOD,1.0
2021-04-16,P03,S2A_30NXL_20210416_0_L2A,0.018075,0.035234,-0.16286,0.033936,1.019265,0.2275,0.2232,0.3232,0.2125,782,900,0.1311,33.798,GOOD,1.0
2021-04-26,P03,S2A_30NXL_20210426_1_L2A,0.104955,0.031766,-0.050378,0.70009,1.240481,0.3714,0.2994,0.33355,0.051,888,900,0.0133,21.206,GOOD,1.0
2021-05-01,P03,S2B_30NXL_20210501_0_L2A,0.116803,0.031209,-0.06548,0.7184,1.268927,0.3218,0.2536,0.2912,0.0421,888,900,0.0133,51.62,GOOD,1.0
2021-05-11,P03,S2B_30NXL_20210511_0_L2A,0.155471,0.037535,-0.109708,0.778773,1.37239,0.3549,0.2586,0.3265,0.0323,884,900,0.0178,16.089,GOOD,1.0
2021-05-21,P03,S2B_30NXL_20210521_0_L2A,-0.053889,0.043991,-0.104444,0.068689,0.91401,0.3784,0.414,0.4936,0.3412,11,900,0.9878,43.731,LOW_QUALITY,0.49
2021-05-26,P03,S2A_30NXL_20210526_1_L2A,0.101197,0.033811,0.007762,0.640463,1.234013,0.3512,0.2846,0.2834,0.0633,544,900,0.3956,32.972,GOOD,1.0
2021-06-10,P03,S2B_30NXL_20210610_2_L2A,0.112204,0.037982,0.086572,0.645994,1.22675,0.2559,0.2086,0.1982,0.02845,888,900,0.0133,85.454,GOOD,1.0
2021-06-25,P03,S2A_30NXL_20210625_1_L2A,0.111079,0.03847,-0.011794,0.544386,1.246901,0.2515,0.2017,0.2131,0.0607,60,900,0.9333,71.486,LOW_QUALITY,0.64
2021-07-05,P03,S2A_30NXL_20210705_0_L2A,0.111414,0.064543,-0.054758,0.610499,1.264966,0.2578,0.2038,0.225,0.05,184,900,0.7956,28.911,ACCEPTABLE,0.8
2021-07-10,P03,S2B_30NXL_20210710_0_L2A,0.083547,0.056007,-0.045816,0.555556,1.123648,0.1454,0.1294,0.17745,0.03255,884,900,0.0178,19.784,GOOD,1.0
2021-07-25,P03,S2A_30NXL_20210725_0_L2A,0.010744,0.033717,-0.175828,-0.048726,1.037946,0.186,0.1792,0.2851,0.2268,515,900,0.4278,22.482,GOOD,1.0
2021-07-30,P03,S2B_30NXL_20210730_0_L2A,0.122484,0.039891,-0.119725,0.492829,1.274918,0.2328,0.1826,0.2308,0.0617,862,900,0.0422,34.762,GOOD,1.0
2021-08-09,P03,S2B_30NXL_20210809_0_L2A,-0.026546,0.021248,-0.108636,0.131292,0.934346,0.1722,0.1843,0.2286,0.13945,244,900,0.7289,39.098,ACCEPTABLE,0.92
2021-09-03,P03,S2A_30NXL_20210903_0_L2A,0.022232,0.026099,-0.122196,0.320575,1.046944,0.2364,0.2258,0.2945,0.1156,114,900,0.8733,68.041,LOW_QUALITY,0.64
2021-09-13,P03,S2A_30NXL_20210913_0_L2A,-0.021478,0.047501,-0.151844,0.054305,1.063699,0.3106,0.292,0.4218,0.2855,26,900,0.9711,40.174,LOW_QUALITY,0.49
2021-09-18,P03,S2B_30NXL_20210918_0_L2A,0.133495,0.027294,0.074905,0.815058,1.312676,0.2796,0.213,0.1846,0.0221,888,900,0.0133,64.364,GOOD,1.0
2021-09-23,P03,S2A_30NXL_20210923_0_L2A,-0.003857,0.02915,-0.009882,0.305849,0.998654,0.1484,0.1486,0.15195,0.076,28,900,0.9689,27.629,LOW_QUALITY,0.49
2021-10-03,P03,S2A_30NXL_20211003_0_L2A,-0.019256,0.012707,-0.155705,-0.029305,0.977308,0.2498,0.2556,0.3557,0.2671,26,900,0.9711,48.89,LOW_QUALITY,0.49
2021-10-13,P03,S2A_30NXL_20211013_1_L2A,0.130398,0.025574,-0.012912,0.684786,1.301793,0.2614,0.2008,0.2066,0.0383,888,900,0.0133,30.371,GOOD,1.0
2021-10-18,P03,S2B_30NXL_20211018_0_L2A,0.057565,0.027943,0.061961,0.612932,1.121588,0.1356,0.1209,0.11125,0.0286,734,900,0.1844,35.975,GOOD,1.0
2021-11-07,P03,S2B_30NXL_20211107_0_L2A,0.066547,0.042487,-0.068708,0.066923,1.152461,0.192,0.1666,0.2058,0.1137,293,900,0.6744,68.868,ACCEPTABLE,0.92
2021-11-17,P03,S2B_30NXL_20211117_0_L2A,0.125779,0.046994,-0.023299,0.754332,1.295268,0.3312,0.2557,0.2766,0.0285,884,900,0.0178,22.654,GOOD,1.0
2021-12-02,P03,S2A_30NXL_20211202_1_L2A,0.124626,0.031239,-0.040897,0.751863,1.286041,0.3372,0.2622,0.2841,0.0377,888,900,0.0133,28.526,GOOD,1.0
2021-12-07,P03,S2B_30NXL_20211207_1_L2A,0.123592,0.026553,-0.146903,0.499918,1.285714,0.2934,0.2282,0.3056,0.0769,650,900,0.2778,35.777,GOOD,1.0
2021-12-12,P03,S2A_30NXL_20211212_1_L2A,0.089212,0.018045,-0.170433,0.385618,1.203525,0.2868,0.2383,0.3384,0.105,350,900,0.6111,33.924,ACCEPTABLE,0.92
2021-12-17,P03,S2B_30NXL_20211217_0_L2A,0.00303,0.031269,-0.162073,0.102786,1.057999,0.166,0.1569,0.2166,0.1062,66,900,0.9267,71.397,LOW_QUALITY,0.64
2021-12-22,P03,S2A_30NXL_20211222_0_L2A,0.138069,0.01885,-0.127014,0.51369,1.325952,0.2994,0.2258,0.2919,0.0727,888,900,0.0133,14.592,GOOD,1.0
2021-12-27,P03,S2B_30NXL_20211227_1_L2A,0.124203,0.027374,-0.131672,0.603556,1.287614,0.368,0.2858,0.37245,0.0709,254,900,0.7178,66.046,ACCEPTABLE,0.92
2022-01-01,P03,S2A_30NXL_20220101_0_L2A,0.015562,0.018704,-0.089009,0.358915,1.029244,0.1443,0.1402,0.1698,0.0664,484,900,0.4622,28.296,GOOD,1.0
2022-01-06,P03,S2B_30NXL_20220106_0_L2A,0.063275,0.036986,-0.195103,0.294314,1.134168,0.1902,0.1677,0.2565,0.0962,686,900,0.2378,12.48,GOOD,1.0
2022-01-21,P03,S2A_30NXL_20220121_0_L2A,0.142252,0.019207,-0.167488,0.440806,1.337945,0.2708,0.2024,0.284,0.0783,888,900,0.0133,4.467,GOOD,1.0
2022-01-26,P03,S2B_30NXL_20220126_0_L2A,0.191573,0.028151,-0.212983,0.58365,1.479482,0.274,0.1852,0.2855,0.0485,888,900,0.0133,0.819,GOOD,1.0
2022-02-10,P03,S2A_30NXL_20220210_0_L2A,0.125253,0.038233,-0.369349,0.314382,1.299526,0.1371,0.1055,0.2288,0.0529,152,900,0.8311,23.776,ACCEPTABLE,0.92
2022-03-02,P03,S2A_30NXL_20220302_0_L2A,0.125403,0.021599,-0.112994,0.464771,1.289137,0.3228,0.2504,0.3144,0.0917,852,900,0.0533,77.38,GOOD,1.0
2022-03-07,P03,S2B_30NXL_20220307_0_L2A,0.116683,0.032676,-0.125845,0.521948,1.268081,0.2928,0.2309,0.3006,0.0715,338,900,0.6244,39.942,ACCEPTABLE,0.92
2022-04-11,P03,S2A_30NXL_20220411_0_L2A,0.117501,0.0327,-0.065591,0.634329,1.273138,0.3384,0.2658,0.3065,0.0598,618,900,0.3133,30.222,GOOD,1.0
2022-06-05,P03,S2B_30NXL_20220605_0_L2A,0.117668,0.035197,0.024178,0.664847,1.268834,0.32,0.2522,0.2405,0.05115,888,900,0.0133,45.411,GOOD,1.0
2022-07-20,P03,S2A_30NXL_20220720_0_L2A,0.12642,0.024133,-0.096812,0.709645,1.295117,0.305,0.2355,0.2878,0.0411,322,900,0.6422,21.126,ACCEPTABLE,0.92
2022-10-08,P03,S2A_30NXL_20221008_0_L2A,0.11746,0.034284,0.007653,0.829363,1.269036,0.35,0.2758,0.2724,0.0257,846,900,0.06,32.537,GOOD,1.0
2022-10-13,P03,S2B_30NXL_20221013_0_L2A,0.08712,0.021163,-0.013059,0.459785,1.17378,0.231,0.1968,0.2089,0.064,200,900,0.7778,45.076,ACCEPTABLE,0.92
2022-10-18,P03,S2A_30NXL_20221018_0_L2A,0.106526,0.037087,0.068753,0.665509,1.249108,0.35,0.2802,0.2478,0.0571,888,900,0.0133,27.981,GOOD,1.0
2022-10-23,P03,S2B_30NXL_20221023_0_L2A,-0.006262,0.025075,-0.123015,0.066842,0.989494,0.1507,0.1523,0.1953,0.1336,42,900,0.9533,73.995,LOW_QUALITY,0.64
2022-10-28,P03,S2A_30NXL_20221028_0_L2A,0.168158,0.048845,0.075833,1.0,1.40922,0.2476,0.1757,0.1524,-0.057,888,900,0.0133,29.526,GOOD,1.0
2022-11-12,P03,S2B_30NXL_20221112_0_L2A,0.124325,0.023126,-0.008021,0.787063,1.283812,0.3664,0.2854,0.2912,0.0338,338,900,0.6244,82.506,ACCEPTABLE,0.92
2022-11-17,P03,S2A_30NXL_20221117_0_L2A,0.007258,0.04122,-0.039969,0.409333,1.00692,0.1164,0.1156,0.1268,0.0501,104,900,0.8844,36.253,LOW_QUALITY,0.64
2022-11-22,P03,S2B_30NXL_20221122_0_L2A,0.054118,0.050057,-0.02814,0.632934,1.100464,0.1424,0.1294,0.17515,0.0318,110,900,0.8778,32.064,LOW_QUALITY,0.64
2022-12-17,P03,S2A_30NXL_20221217_0_L2A,0.118474,0.023931,-0.059929,0.68928,1.27342,0.3344,0.2626,0.298,0.047,384,900,0.5733,62.676,ACCEPTABLE,0.92
2022-12-27,P03,S2A_30NXL_20221227_0_L2A,0.118778,0.03762,-0.14134,0.550245,1.280657,0.2496,0.1949,0.2687,0.0488,888,900,0.0133,0.404,GOOD,1.0
2023-01-01,P03,S2B_30NXL_20230101_0_L2A,0.123213,0.023042,-0.192904,0.477423,1.285167,0.2686,0.209,0.30855,0.0742,888,900,0.0133,0.143,GOOD,1.0
2023-01-11,P03,S2B_30NXL_20230111_0_L2A,0.102031,0.032879,-0.169041,0.445843,1.2253,0.2654,0.2166,0.3082,0.07295,552,900,0.3867,20.614,GOOD,1.0
2023-01-16,P03,S2A_30NXL_20230116_0_L2A,0.105845,0.021445,-0.195535,0.383079,1.239754,0.242,0.1952,0.2902,0.0878,888,900,0.0133,16.014,GOOD,1.0
2023-01-31,P03,S2B_30NXL_20230131_0_L2A,0.116029,0.035456,-0.130151,0.638566,1.260159,0.3008,0.2387,0.3142,0.0516,206,900,0.7711,31.894,ACCEPTABLE,0.92
2023-02-10,P03,S2B_30NXL_20230210_0_L2A,0.108084,0.033818,-0.133264,0.513501,1.238039,0.2096,0.1693,0.22745,0.0526,458,900,0.4911,12.679,GOOD,1.0
2023-02-25,P03,S2A_30NXL_20230225_0_L2A,0.102969,0.018374,-0.131947,0.375978,1.235155,0.312,0.2526,0.3295,0.114,888,900,0.0133,48.405,GOOD,1.0
2023-03-17,P03,S2A_30NXL_20230317_0_L2A,0.022584,0.05218,-0.078898,0.396031,1.023581,0.1389,0.1357,0.1802,0.0567,108,900,0.88,33.879,LOW_QUALITY,0.64
2023-04-01,P03,S2B_30NXL_20230401_1_L2A,0.071381,0.025272,-0.166083,0.376716,1.15665,0.2348,0.203,0.2843,0.09165,888,900,0.0133,29.453,GOOD,1.0
2023-04-06,P03,S2A_30NXL_20230406_0_L2A,0.07833,0.01937,-0.09153,0.538226,1.174349,0.3516,0.2994,0.35935,0.0882,654,900,0.2733,23.013,GOOD,1.0
2023-04-11,P03,S2B_30NXL_20230411_0_L2A,0.015092,0.062459,-0.418924,-0.040269,1.042046,0.1487,0.1427,0.374,0.1608,10,900,0.9889,19.559,LOW_QUALITY,0.37
2023-04-16,P03,S2A_30NXL_20230416_0_L2A,0.001238,0.054929,-0.274809,-0.075551,0.911644,0.1558,0.1709,0.2952,0.2059,14,900,0.9844,59.382,LOW_QUALITY,0.49
2023-04-21,P03,S2B_30NXL_20230421_0_L2A,0.100722,0.033798,-0.138723,0.581967,1.229856,0.29,0.2358,0.3143,0.0635,880,900,0.0222,6.069,GOOD,1.0
2023-05-06,P03,S2A_30NXL_20230506_0_L2A,0.063576,0.056352,-0.145028,0.439965,1.005745,0.2276,0.2263,0.33665,0.0799,710,900,0.2111,32.469,GOOD,1.0
2023-05-26,P03,S2A_30NXL_20230526_0_L2A,0.10799,0.039977,-0.027144,0.746414,1.246827,0.3536,0.2836,0.3018,0.0417,888,900,0.0133,42.622,GOOD,1.0
2023-06-30,P03,S2B_30NXL_20230630_0_L2A,0.126271,0.043772,-0.051257,0.748019,1.292225,0.3374,0.2611,0.2898,0.0376,102,900,0.8867,21.653,LOW_QUALITY,0.64
2023-07-15,P03,S2A_30NXL_20230715_0_L2A,0.086442,0.041934,-0.017099,0.725297,1.187223,0.2676,0.2254,0.2399,0.0314,586,900,0.3489,54.48,GOOD,1.0
2023-10-18,P03,S2B_30NXL_20231018_0_L2A,0.12251,0.031614,-0.050029,0.76449,1.282804,0.3148,0.2454,0.273,0.03215,888,900,0.0133,26.532,GOOD,1.0
2023-10-28,P03,S2B_30NXL_20231028_0_L2A,0.012871,0.043606,-0.074809,0.423347,1.033432,0.1051,0.1017,0.1151,0.04095,120,900,0.8667,28.732,LOW_QUALITY,0.64
2023-11-02,P03,S2A_30NXL_20231102_0_L2A,0.118793,0.025958,-0.053205,0.690482,1.266965,0.3398,0.2682,0.30005,0.04955,112,900,0.8756,37.464,LOW_QUALITY,0.64
2023-11-12,P03,S2A_30NXL_20231112_0_L2A,0.122818,0.024173,-0.081983,0.731602,1.285923,0.3526,0.2742,0.3299,0.0405,620,900,0.3111,25.495,GOOD,1.0
2023-11-17,P03,S2B_30NXL_20231117_0_L2A,0.087311,0.021729,-0.133704,0.546123,1.191074,0.3416,0.2868,0.3756,0.0841,132,900,0.8533,33.798,LOW_QUALITY,0.64
2023-11-27,P03,S2B_30NXL_20231127_0_L2A,0.001196,0.052327,-0.304947,-0.12527,1.039315,0.1639,0.1577,0.2932,0.2077,58,900,0.9356,77.8,LOW_QUALITY,0.64
2023-12-02,P03,S2A_30NXL_20231202_0_L2A,0.124649,0.045454,-0.069099,0.723251,1.293706,0.333,0.2574,0.2965,0.0391,434,900,0.5178,44.173,ACCEPTABLE,0.92
2023-12-17,P03,S2B_30NXL_20231217_0_L2A,0.108746,0.022796,-0.153639,0.443434,1.242385,0.2855,0.2298,0.3115,0.08895,720,900,0.2,18.609,GOOD,1.0
2023-12-22,P03,S2A_30NXL_20231222_0_L2A,0.131806,0.0281,-0.185162,0.542902,1.312115,0.2556,0.1948,0.2832,0.0586,888,900,0.0133,11.902,GOOD,1.0
2023-12-27,P03,S2B_30NXL_20231227_0_L2A,0.10932,0.048954,-0.142632,0.545366,1.243222,0.3118,0.2508,0.3296,0.06935,544,900,0.3956,37.871,GOOD,1.0
2024-01-01,P03,S2A_30NXL_20240101_0_L2A,0.089583,0.022472,-0.179831,0.440235,1.203021,0.2708,0.2251,0.3248,0.0893,190,900,0.7889,28.38,ACCEPTABLE,0.92
2024-01-06,P03,S2B_30NXL_20240106_0_L2A,-0.037785,0.038076,-0.172082,0.249678,0.930622,0.1556,0.1672,0.218,0.0981,38,900,0.9578,28.68,LOW_QUALITY,0.49
2024-01-21,P03,S2A_30NXL_20240121_0_L2A,0.113712,0.037147,-0.211944,0.479037,1.255394,0.2153,0.1715,0.2787,0.0562,396,900,0.56,18.529,ACCEPTABLE,0.92
2024-01-26,P03,S2B_30NXL_20240126_0_L2A,0.086333,0.036288,-0.247613,0.113414,1.219689,0.2193,0.1798,0.2964,0.1309,888,900,0.0133,22.868,GOOD,1.0
2024-01-31,P03,S2A_30NXL_20240131_0_L2A,0.157122,0.041536,-0.376519,0.03117,1.371369,0.1983,0.1446,0.3206,0.1382,426,900,0.5267,5.135,ACCEPTABLE,0.92
2024-02-20,P03,S2A_30NXL_20240220_0_L2A,0.081839,0.018957,-0.222383,0.219467,1.177273,0.259,0.22,0.3472,0.1407,142,900,0.8422,77.415,ACCEPTABLE,0.72
2024-03-11,P03,S2A_30NXL_20240311_0_L2A,0.03279,0.044579,-0.181811,-0.095599,1.083176,0.1719,0.1587,0.24155,0.1905,90,900,0.9,21.226,LOW_QUALITY,0.64
2024-03-16,P03,S2B_30NXL_20240316_0_L2A,0.093244,0.048057,-0.153791,0.357862,1.232175,0.2696,0.2188,0.32495,0.0854,74,900,0.9178,50.599,LOW_QUALITY,0.64
2024-03-21,P03,S2A_30NXL_20240321_0_L2A,0.092706,0.022319,-0.155417,0.414743,1.208882,0.294,0.2432,0.3332,0.1011,544,900,0.3956,15.597,GOOD,1.0
2024-03-26,P03,S2B_30NXL_20240326_0_L2A,0.099372,0.021801,-0.109158,0.559953,1.223556,0.3262,0.2666,0.332,0.0764,886,900,0.0156,21.576,GOOD,1.0
2024-03-31,P03,S2A_30NXL_20240331_0_L2A,0.101247,0.027936,-0.144517,0.495694,1.231486,0.2777,0.2255,0.3022,0.0775,888,900,0.0133,13.264,GOOD,1.0
2024-04-15,P03,S2B_30NXL_20240415_0_L2A,0.114734,0.039849,-0.093146,0.680013,1.26173,0.3442,0.2728,0.3332,0.0535,498,900,0.4467,45.916,GOOD,1.0
2024-04-30,P03,S2A_30NXL_20240430_0_L2A,0.007197,0.026109,-0.315035,-0.071449,0.990548,0.1572,0.1587,0.28495,0.1683,18,900,0.98,35.833,LOW_QUALITY,0.49
2024-05-05,P03,S2B_30NXL_20240505_0_L2A,0.091356,0.035172,-0.096146,0.580356,1.202899,0.3652,0.3036,0.3872,0.0689,888,900,0.0133,41.726,GOOD,1.0
2024-05-15,P03,S2B_30NXL_20240515_0_L2A,0.104477,0.035674,-0.085726,0.680083,1.238548,0.2866,0.2314,0.2757,0.0449,888,900,0.0133,65.782,GOOD,1.0
2024-05-20,P03,S2A_30NXL_20240520_0_L2A,0.037341,0.024686,-0.134865,0.321712,1.085014,0.1506,0.1388,0.1795,0.0711,198,900,0.78,55.608,ACCEPTABLE,0.92
2024-05-30,P03,S2A_30NXL_20240530_0_L2A,0.094681,0.029538,-0.128285,0.560203,1.213613,0.3352,0.2762,0.35715,0.0779,318,900,0.6467,39.195,ACCEPTABLE,0.92
2024-06-19,P03,S2A_30NXL_20240619_0_L2A,0.098105,0.036119,-0.045382,0.649933,1.218543,0.3312,0.2718,0.2976,0.0586,888,900,0.0133,69.692,GOOD,1.0
2024-07-04,P03,S2B_30NXL_20240704_0_L2A,-0.030635,0.020569,0.056579,0.732638,0.945612,0.153,0.1618,0.1476,0.0259,478,900,0.4689,56.425,GOOD,1.0
2024-10-27,P03,S2A_30NXL_20241027_0_L2A,0.109806,0.04518,-0.085641,0.613462,1.235591,0.343,0.2776,0.3433,0.06165,888,900,0.0133,34.203,GOOD,1.0
2024-11-01,P03,S2B_30NXL_20241101_0_L2A,0.091781,0.036877,-0.066853,0.642624,1.19651,0.3428,0.2865,0.3406,0.0587,258,900,0.7133,31.541,ACCEPTABLE,0.92
2024-11-11,P03,S2B_30NXL_20241111_0_L2A,-0.04498,0.026327,-0.21611,0.049163,0.915254,0.1242,0.1357,0.2188,0.1266,98,900,0.8911,21.539,LOW_QUALITY,0.64
2024-11-16,P03,S2A_30NXL_20241116_0_L2A,-0.033012,0.025961,-0.216781,0.015941,0.9358,0.172,0.1838,0.292,0.1751,16,900,0.9822,29.225,LOW_QUALITY,0.49
2024-11-26,P03,S2A_30NXL_20241126_0_L2A,0.116644,0.02896,-0.160121,0.567351,1.2568,0.3142,0.25,0.36995,0.0703,540,900,0.4,21.713,GOOD,1.0
2024-12-01,P03,S2B_30NXL_20241201_0_L2A,0.1213,0.025184,-0.167104,0.538358,1.278777,0.2844,0.2224,0.3108,0.0671,888,900,0.0133,3.047,GOOD,1.0
2024-12-06,P03,S2C_30NXL_20241206_1_L2A,-0.158018,0.139054,-0.380657,1.0,0.699752,0.0564,0.0806,0.1793,-0.0055,18,900,0.98,48.424,LOW_QUALITY,0.25
2024-12-16,P03,S2C_30NXL_20241216_1_L2A,-0.006129,0.285759,-0.416126,0.212796,1.012876,0.0472,0.0466,0.1343,0.0339,24,900,0.9733,15.138,LOW_QUALITY,0.25
2024-12-21,P03,S2B_30NXL_20241221_0_L2A,0.145719,0.027577,-0.19918,0.532987,1.347641,0.2857,0.212,0.3175,0.0648,888,900,0.0133,11.854,GOOD,1.0
2024-12-26,P03,S2A_30NXL_20241226_0_L2A,0.069809,0.033825,-0.208226,0.336663,1.168612,0.2003,0.1714,0.2726,0.0878,220,900,0.7556,23.518,ACCEPTABLE,0.92
2024-12-31,P03,S2B_30NXL_20241231_0_L2A,-0.022198,0.015463,-0.119156,0.243774,0.956183,0.1593,0.1666,0.2138,0.1034,16,900,0.9822,25.268,LOW_QUALITY,0.49
2025-01-05,P03,S2A_30NXL_20250105_0_L2A,0.070978,0.026941,-0.231782,0.248662,1.161255,0.2146,0.1848,0.3012,0.1089,790,900,0.1222,18.19,GOOD,1.0
2025-01-10,P03,S2B_30NXL_20250110_0_L2A,0.014125,0.007012,-0.138718,-0.109139,1.015711,0.4784,0.471,0.6204,0.5862,10,900,0.9889,27.152,LOW_QUALITY,0.49
2025-01-15,P03,S2A_30NXL_20250115_0_L2A,0.125644,0.027404,-0.229336,0.33744,1.293456,0.253,0.1956,0.3132,0.0959,886,900,0.0156,36.913,GOOD,1.0
2025-01-20,P03,S2B_30NXL_20250120_0_L2A,0.164106,0.037055,-0.197784,0.465539,1.389444,0.2922,0.2103,0.32315,0.07,648,900,0.28,38.062,GOOD,1.0
2025-01-25,P03,S2C_30NXL_20250125_0_L2A,-0.089915,0.082616,-0.262008,0.689214,0.8202,0.0739,0.0901,0.15625,0.0211,58,900,0.9356,28.067,LOW_QUALITY,0.52
2025-01-30,P03,S2B_30NXL_20250130_0_L2A,0.133656,0.039098,-0.136014,0.437495,1.306762,0.2918,0.2233,0.2989,0.0838,414,900,0.54,16.806,ACCEPTABLE,0.92
2025-02-04,P03,S2C_30NXL_20250204_0_L2A,0.212945,0.079645,-0.285903,1.0,1.518615,0.1754,0.1155,0.204,-0.019,244,900,0.7289,19.553,ACCEPTABLE,0.8
2025-02-24,P03,S2C_30NXL_20250224_0_L2A,0.170648,0.076227,-0.334868,0.881228,1.396096,0.1216,0.0871,0.1813,0.0057,886,900,0.0156,84.898,ACCEPTABLE,0.88
2025-03-06,P03,S2C_30NXL_20250306_0_L2A,0.047619,0.064513,-0.397367,-0.224757,1.077372,0.0738,0.0685,0.1914,0.1112,68,900,0.9244,41.977,LOW_QUALITY,0.52
2025-03-11,P03,S2B_30NXL_20250311_0_L2A,-0.038759,0.04192,-0.178769,0.145444,0.918235,0.1415,0.1541,0.23,0.1175,32,900,0.9644,39.227,LOW_QUALITY,0.49
2025-03-26,P03,S2C_30NXL_20250326_0_L2A,0.082913,0.027626,-0.043227,0.607179,1.186766,0.3838,0.3234,0.35475,0.0787,258,900,0.7133,67.538,ACCEPTABLE,0.92
2025-04-10,P03,S2B_30NXL_20250410_0_L2A,0.089029,0.031903,-0.190771,0.479253,1.1973,0.3016,0.2519,0.3708,0.0888,454,900,0.4956,87.545,GOOD,1.0
2025-04-17,P03,S2A_30NXL_20250417_0_L2A,0.070849,0.02859,-0.102764,0.531822,1.156682,0.4016,0.3472,0.4264,0.1065,570,900,0.3667,63.651,GOOD,1.0
2025-04-20,P03,S2B_30NXL_20250420_0_L2A,0.096873,0.03554,-0.074051,0.578664,1.221067,0.3524,0.2886,0.3376,0.077,888,900,0.0133,71.727,GOOD,1.0
2025-04-25,P03,S2C_30NXL_20250425_0_L2A,0.097284,0.035277,-0.047497,0.671051,1.21875,0.3978,0.3264,0.36385,0.058,714,900,0.2067,43.675,GOOD,1.0
2025-05-05,P03,S2C_30NXL_20250505_0_L2A,0.081117,0.032786,-0.085831,0.531987,1.180328,0.3168,0.2684,0.3196,0.0829,888,900,0.0133,38.277,GOOD,1.0
2025-05-07,P03,S2A_30NXL_20250507_0_L2A,0.087224,0.032065,-0.059178,0.598907,1.194769,0.3472,0.2906,0.3284,0.0733,888,900,0.0133,64.64,GOOD,1.0
2025-05-15,P03,S2C_30NXL_20250515_0_L2A,0.105388,0.044042,-0.074786,0.690272,1.241744,0.376,0.3028,0.3541,0.0563,646,900,0.2822,68.866,GOOD,1.0
2025-05-20,P03,S2B_30NXL_20250520_0_L2A,0.00646,0.047123,-0.26584,0.052101,1.000732,0.1367,0.1366,0.2814,0.1298,24,900,0.9733,24.972,LOW_QUALITY,0.49
2025-05-25,P03,S2C_30NXL_20250525_0_L2A,0.084833,0.031838,-0.169268,0.410403,1.188318,0.236,0.1986,0.285,0.0855,530,900,0.4111,72.206,GOOD,1.0
2025-06-29,P03,S2B_30NXL_20250629_0_L2A,0.063501,0.064185,-0.134365,0.611235,1.137143,0.199,0.175,0.2334,0.0544,68,900,0.9244,90.859,LOW_QUALITY,0.52
2025-07-06,P03,S2A_30NXL_20250706_0_L2A,0.120132,0.042136,-0.076392,0.789088,1.275733,0.3396,0.2662,0.3094,0.0316,888,900,0.0133,48.626,GOOD,1.0
2025-07-16,P03,S2A_30NXL_20250716_0_L2A,0.119074,0.036221,-0.086906,0.76864,1.271513,0.3428,0.2696,0.3208,0.0352,888,900,0.0133,67.32,GOOD,1.0
2025-07-29,P03,S2B_30NXL_20250729_0_L2A,0.010518,0.007588,-0.137382,-0.108186,1.017751,0.4816,0.4732,0.6172,0.566,23,900,0.9744,64.231,LOW_QUALITY,0.49
2025-09-04,P03,S2A_30NXL_20250904_0_L2A,0.124829,0.042958,-0.088815,0.708241,1.289713,0.3686,0.2858,0.3452,0.0481,484,900,0.4622,54.881,GOOD,1.0
2025-10-07,P03,S2B_30NXL_20251007_0_L2A,0.048491,0.041305,-0.093854,0.49528,1.097859,0.1436,0.1308,0.1593,0.0527,114,900,0.8733,43.413,LOW_QUALITY,0.64
2025-10-14,P03,S2A_30NXL_20251014_0_L2A,0.021341,0.040671,-0.098437,0.29773,1.031191,0.1091,0.1058,0.12805,0.062,102,900,0.8867,68.535,LOW_QUALITY,0.64
2025-10-17,P03,S2B_30NXL_20251017_0_L2A,0.092963,0.033419,-0.082371,0.719505,1.213537,0.2546,0.2098,0.2502,0.0357,40,900,0.9556,41.249,LOW_QUALITY,0.64
2025-11-01,P03,S2C_30NXL_20251101_0_L2A,0.002668,0.032153,-0.212451,-0.006061,0.999322,0.1473,0.1474,0.2305,0.1521,26,900,0.9711,35.857,LOW_QUALITY,0.49
2025-11-03,P03,S2A_30NXL_20251103_0_L2A,0.105238,0.054577,-0.117508,0.660642,1.244882,0.3162,0.254,0.32845,0.0508,60,900,0.9333,24.459,LOW_QUALITY,0.64
2025-11-21,P03,S2C_30NXL_20251121_0_L2A,0.048836,0.052382,-0.099542,0.441209,1.099654,0.1589,0.1445,0.1772,0.05475,160,900,0.8222,39.119,ACCEPTABLE,0.92
2025-12-03,P03,S2A_30NXL_20251203_0_L2A,0.010407,0.053812,-0.084592,0.610226,1.020155,0.1316,0.129,0.1505,0.0309,150,900,0.8333,37.233,ACCEPTABLE,0.92
2025-12-06,P03,S2B_30NXL_20251206_0_L2A,0.068291,0.05611,-0.110443,0.509892,1.157573,0.227,0.1961,0.2527,0.0645,32,900,0.9644,44.554,LOW_QUALITY,0.49
2025-12-21,P03,S2C_30NXL_20251221_0_L2A,0.128306,0.039867,-0.182671,0.51105,1.285329,0.2856,0.2222,0.3256,0.07255,888,900,0.0133,43.779,GOOD,1.0
2025-12-23,P03,S2A_30NXL_20251223_0_L2A,0.126396,0.025887,-0.148993,0.619646,1.291402,0.3049,0.2361,0.33,0.0547,98,900,0.8911,29.91,LOW_QUALITY,0.64
2025-12-31,P03,S2C_30NXL_20251231_0_L2A,0.132755,0.037498,-0.134937,0.7091,1.307623,0.3628,0.27745,0.37165,0.0454,268,900,0.7022,35.124,ACCEPTABLE,0.92
2026-01-05,P03,S2B_30NXL_20260105_0_L2A,-0.029186,0.045628,-0.314944,-0.058469,0.896762,0.1468,0.1637,0.33595,0.1948,14,900,0.9844,29.008,LOW_QUALITY,0.49
2026-01-15,P03,S2B_30NXL_20260115_0_L2A,0.060187,0.0187,-0.15466,0.365983,1.133252,0.3708,0.3272,0.448,0.1538,532,900,0.4089,39.875,GOOD,1.0
2026-01-25,P03,S2B_30NXL_20260125_0_L2A,0.112613,0.062233,-0.224495,0.358053,1.401835,0.3056,0.218,0.3529,0.0831,275,900,0.6944,4.027,ACCEPTABLE,0.8
2026-01-30,P03,S2C_30NXL_20260130_0_L2A,0.1082,0.037152,-0.196959,0.34192,1.251489,0.2941,0.235,0.35615,0.1133,288,900,0.68,59.688,ACCEPTABLE,0.92
2026-02-04,P03,S2B_30NXL_20260204_0_L2A,0.105288,0.025228,-0.133722,0.565189,1.23861,0.3208,0.259,0.3408,0.0729,888,900,0.0133,66.506,GOOD,1.0
2026-03-01,P03,S2C_30NXL_20260301_0_L2A,-0.022996,0.034724,-0.240508,0.051402,0.961965,0.1606,0.16695,0.25935,0.14885,12,900,0.9867,54.895,LOW_QUALITY,0.49
2026-03-13,P03,S2A_30NXL_20260313_0_L2A,0.126396,0.039581,-0.128908,0.683945,1.292958,0.3213,0.2485,0.3223,0.0472,888,900,0.0133,24.151,GOOD,1.0
2026-03-21,P03,S2C_30NXL_20260321_0_L2A,-0.020235,0.077022,-0.272673,-0.100385,0.997187,0.17725,0.17775,0.3158,0.17895,12,900,0.9867,31.943,LOW_QUALITY,0.37
2026-03-31,P03,S2C_30NXL_20260331_0_L2A,-0.009509,0.041449,-0.314427,-0.136862,0.973976,0.1628,0.16715,0.3175,0.21815,92,900,0.8978,15.864,LOW_QUALITY,0.64
2026-04-02,P03,S2A_30NXL_20260402_0_L2A,0.041667,0.0303,-0.110009,0.312566,1.088009,0.14155,0.1301,0.16315,0.0679,94,900,0.8956,56.502,LOW_QUALITY,0.64
2026-04-05,P03,S2B_30NXL_20260405_0_L2A,0.005523,0.016901,-0.320594,-0.053121,1.023649,0.1818,0.1776,0.3459,0.2043,454,900,0.4956,79.407,GOOD,1.0
2026-04-10,P03,S2C_30NXL_20260410_0_L2A,0.106937,0.035641,-0.053605,0.66132,1.247544,0.3301,0.2646,0.2971,0.0546,888,900,0.0133,19.98,GOOD,1.0
2026-04-15,P03,S2B_30NXL_20260415_0_L2A,0.111111,0.033831,-0.143609,0.587656,1.253527,0.2932,0.2339,0.3132,0.0623,888,900,0.0133,6.38,GOOD,1.0
2026-04-22,P03,S2A_30NXL_20260422_0_L2A,0.093215,0.028611,-0.134484,0.533809,1.209691,0.2896,0.2394,0.3145,0.0738,888,900,0.0133,18.105,GOOD,1.0
2026-04-30,P03,S2C_30NXL_20260430_0_L2A,0.120047,0.038251,-0.126139,0.631047,1.276224,0.292,0.2288,0.2959,0.0526,888,900,0.0133,5.442,GOOD,1.0
2026-05-02,P03,S2A_30NXL_20260502_0_L2A,-0.071185,0.059873,-0.072365,0.303407,0.866176,0.18835,0.21745,0.2601,0.1219,30,900,0.9667,32.122,LOW_QUALITY,0.49
2026-05-10,P03,S2C_30NXL_20260510_0_L2A,0.071261,0.030902,-0.109546,0.473201,1.143075,0.2245,0.1964,0.26415,0.0697,362,900,0.5978,58.649,ACCEPTABLE,0.92
2026-05-12,P03,S2A_30NXL_20260512_0_L2A,0.109429,0.039081,-0.097722,0.662359,1.250252,0.37245,0.2979,0.3623,0.0611,394,900,0.5622,22.337,ACCEPTABLE,0.92
2026-06-01,P03,S2A_30NXL_20260601_0_L2A,0.103377,0.035982,-0.074004,0.700147,1.233902,0.3181,0.2578,0.3003,0.0456,888,900,0.0133,69.091,GOOD,1.0
2026-08-20,P03,S2A_30NXL_20260820_0_L2A,0.127926,0.037868,-0.168763,0.704012,1.286636,0.39905,0.31015,0.4358,0.0541,34,900,0.9622,49.578,LOW_QUALITY,0.49
2017-01-07,P04,S2A_30NXL_20170107_0_L2A,-0.022268,0.023658,-0.32902,-0.085525,0.957462,0.1328,0.1387,0.2807,0.1673,66,980,0.9327,23.008,LOW_QUALITY,0.64
2017-01-27,P04,S2A_30NXL_20170127_0_L2A,0.081958,0.046834,-0.099697,0.313619,1.187605,0.1418,0.1194,0.1471,0.0583,368,980,0.6245,13.445,ACCEPTABLE,0.92
2017-02-06,P04,S2A_30NXL_20170206_0_L2A,-0.034792,0.018297,-0.331643,-0.088183,0.937068,0.1355,0.1446,0.2902,0.181,64,980,0.9347,18.868,LOW_QUALITY,0.64
2017-02-16,P04,S2A_30NXL_20170216_0_L2A,-0.051708,0.015548,-0.320149,-0.097611,0.895244,0.1393,0.1556,0.3037,0.1943,50,980,0.949,30.154,LOW_QUALITY,0.64
2017-03-08,P04,S2A_30NXL_20170308_0_L2A,0.104964,0.073387,0.01096,0.660858,1.241922,0.3075,0.2476,0.243,0.0506,256,980,0.7388,16.484,ACCEPTABLE,0.8
2017-03-18,P04,S2A_30NXL_20170318_0_L2A,0.034331,0.077088,-0.289224,0.074572,1.075529,0.1424,0.1324,0.261,0.1101,98,980,0.9,55.25,LOW_QUALITY,0.52
2017-03-28,P04,S2A_30NXL_20170328_0_L2A,0.003111,0.06718,-0.419575,-0.157882,1.021689,0.1319,0.1291,0.3118,0.18135,140,980,0.8571,16.766,LOW_QUALITY,0.52
2017-04-17,P04,S2A_30NXL_20170417_0_L2A,0.007316,0.059799,-0.27579,-0.210812,1.032416,0.1688,0.1635,0.3249,0.2405,142,980,0.8551,13.69,LOW_QUALITY,0.64
2017-04-27,P04,S2A_30NXL_20170427_0_L2A,0.079203,0.087772,-0.104247,0.199368,1.176764,0.1418,0.1205,0.1594,0.0828,282,980,0.7122,25.903,ACCEPTABLE,0.8
2017-06-06,P04,S2A_30NXL_20170606_0_L2A,-0.117943,0.065095,-0.303838,-0.05227,0.798265,0.1472,0.1844,0.3477,0.20035,16,980,0.9837,80.067,LOW_QUALITY,0.37
2017-07-01,P04,S2B_30NXL_20170701_0_L2A,0.09615,0.091662,-0.006622,0.600355,1.220629,0.2639,0.2162,0.2316,0.0578,78,980,0.9204,66.944,LOW_QUALITY,0.52
2017-07-11,P04,S2B_30NXL_20170711_0_L2A,0.122019,0.069611,0.040619,0.759958,1.281172,0.2055,0.1604,0.148,0.02185,764,980,0.2204,10.295,ACCEPTABLE,0.88
2017-08-20,P04,S2B_30NXL_20170820_0_L2A,0.094925,0.06636,0.071256,0.69356,1.212506,0.2773,0.2287,0.2047,0.0376,770,980,0.2143,19.154,ACCEPTABLE,0.88
2017-10-09,P04,S2B_30NXL_20171009_0_L2A,0.121604,0.053709,0.048402,0.718757,1.280992,0.217,0.1694,0.1538,0.0277,854,980,0.1286,28.443,GOOD,1.0
2017-10-19,P04,S2B_30NXL_20171019_0_L2A,-0.060254,0.016704,-0.283795,-0.0082,0.892402,0.1609,0.1803,0.3292,0.1868,14,980,0.9857,80.007,LOW_QUALITY,0.49
2017-10-24,P04,S2A_30NXL_20171024_0_L2A,0.106541,0.048228,0.096937,0.686747,1.240997,0.2688,0.2166,0.1786,0.0403,754,980,0.2306,26.802,GOOD,1.0
2017-10-29,P04,S2B_30NXL_20171029_0_L2A,0.122763,0.038508,0.076587,0.699194,1.282735,0.2214,0.1726,0.1478,0.0307,834,980,0.149,45.094,GOOD,1.0
2017-11-03,P04,S2A_30NXL_20171103_0_L2A,0.033397,0.059771,0.026854,0.409925,0.973597,0.118,0.1212,0.1432,0.0504,640,980,0.3469,17.962,GOOD,1.0
2017-11-08,P04,S2B_30NXL_20171108_0_L2A,-0.032733,0.027781,-0.297165,-0.126584,0.929129,0.1547,0.1665,0.3293,0.2018,18,980,0.9816,16.765,LOW_QUALITY,0.49
2017-11-13,P04,S2A_30NXL_20171113_0_L2A,0.13472,0.050399,0.0478,0.686756,1.316177,0.2864,0.2176,0.198,0.0403,700,980,0.2857,17.355,GOOD,1.0
2017-11-18,P04,S2B_30NXL_20171118_0_L2A,0.128378,0.038338,0.057171,0.644628,1.303609,0.2456,0.1884,0.1683,0.0392,662,980,0.3245,31.986,GOOD,1.0
2017-11-28,P04,S2B_30NXL_20171128_0_L2A,0.116945,0.039865,0.009281,0.637419,1.281676,0.263,0.2052,0.2042,0.0473,320,980,0.6735,16.465,ACCEPTABLE,0.92
2017-12-03,P04,S2A_30NXL_20171203_0_L2A,0.130112,0.048947,0.048343,0.697781,1.305637,0.2687,0.2058,0.1883,0.0367,702,980,0.2837,27.847,GOOD,1.0
2017-12-08,P04,S2B_30NXL_20171208_0_L2A,0.020458,0.02014,-0.138943,-0.172016,1.044279,0.3797,0.3636,0.4898,0.5237,18,980,0.9816,85.23,LOW_QUALITY,0.49
2017-12-18,P04,S2B_30NXL_20171218_0_L2A,0.060984,0.046055,-0.215846,0.047279,1.096094,0.1403,0.128,0.2079,0.11805,80,980,0.9184,21.186,LOW_QUALITY,0.64
2017-12-28,P04,S2B_30NXL_20171228_1_L2A,0.006212,0.022713,-0.235646,0.045026,1.011521,0.2195,0.217,0.3508,0.1983,12,980,0.9878,30.237,LOW_QUALITY,0.49
2018-01-02,P04,S2A_30NXL_20180102_1_L2A,0.016133,0.006227,-0.062272,-0.034118,1.039096,0.4784,0.4604,0.52325,0.498,60,980,0.9388,6.359,LOW_QUALITY,0.64
2018-01-12,P04,S2A_30NXL_20180112_0_L2A,0.091514,0.04192,-0.049449,0.31171,1.20607,0.151,0.1252,0.145,0.0624,884,980,0.098,23.652,GOOD,1.0
2018-01-17,P04,S2B_30NXL_20180117_0_L2A,0.08182,0.036332,-0.152464,0.207999,1.186556,0.1571,0.1324,0.1911,0.0829,812,980,0.1714,1.186,GOOD,1.0
2018-01-22,P04,S2A_30NXL_20180122_0_L2A,0.023851,0.034552,-0.17996,-0.052083,1.097917,0.1581,0.144,0.2268,0.1336,148,980,0.849,11.396,ACCEPTABLE,0.72
2018-01-27,P04,S2B_30NXL_20180127_0_L2A,0.030683,0.005546,-0.194421,-0.232755,1.063847,0.2616,0.2459,0.3654,0.3919,82,980,0.9163,42.232,LOW_QUALITY,0.64
2018-02-01,P04,S2A_30NXL_20180201_0_L2A,-0.015852,0.029912,-0.149425,0.101608,0.966667,0.1508,0.156,0.2138,0.1182,107,980,0.8908,9.7,LOW_QUALITY,0.64
2018-02-06,P04,S2B_30NXL_20180206_0_L2A,-0.006842,0.038828,-0.337273,-0.114782,0.978981,0.1211,0.1237,0.2606,0.164,72,980,0.9265,30.198,LOW_QUALITY,0.64
2018-02-11,P04,S2A_30NXL_20180211_1_L2A,0.099081,0.019085,-0.02292,0.473686,1.219019,0.2833,0.2324,0.2432,0.0836,108,980,0.8898,32.993,LOW_QUALITY,0.64
2018-03-03,P04,S2A_30NXL_20180303_1_L2A,0.109257,0.061157,0.043985,0.593358,1.244715,0.3062,0.246,0.2278,0.0561,574,980,0.4143,29.263,ACCEPTABLE,0.88
2018-03-08,P04,S2B_30NXL_20180308_0_L2A,0.026504,0.045577,0.016462,0.492992,1.037709,0.1486,0.1432,0.147,0.0502,454,980,0.5367,38.889,ACCEPTABLE,0.92
2018-03-13,P04,S2A_30NXL_20180313_0_L2A,-0.001369,0.021635,-0.051871,0.197352,1.002805,0.143,0.1426,0.1577,0.0907,266,980,0.7286,31.843,ACCEPTABLE,0.92
2018-04-12,P04,S2A_30NXL_20180412_0_L2A,0.003691,0.032134,-0.249545,-0.008391,0.986915,0.1433,0.1452,0.2266,0.1383,10,980,0.9898,35.035,LOW_QUALITY,0.49
2018-04-22,P04,S2A_30NXL_20180422_0_L2A,-0.037841,0.04806,-0.244569,0.095265,0.906297,0.1209,0.1334,0.2151,0.10895,132,980,0.8653,42.749,LOW_QUALITY,0.64
2018-04-27,P04,S2B_30NXL_20180427_0_L2A,0.050847,0.091828,-0.296636,0.074481,1.145354,0.1245,0.1087,0.2501,0.1238,190,980,0.8061,12.821,ACCEPTABLE,0.8
2018-05-07,P04,S2B_30NXL_20180507_0_L2A,0.032539,0.046056,-0.157415,0.029652,1.090909,0.1296,0.1188,0.1777,0.10315,228,980,0.7673,41.493,ACCEPTABLE,0.92
2018-05-12,P04,S2A_30NXL_20180512_0_L2A,0.100208,0.086953,-0.067826,0.382105,1.059517,0.1798,0.1697,0.1988,0.0505,486,980,0.5041,18.959,ACCEPTABLE,0.8
2018-05-22,P04,S2A_30NXL_20180522_0_L2A,-0.043113,0.076917,-0.503222,-0.186137,0.879167,0.1055,0.12,0.3543,0.1755,116,980,0.8816,58.457,LOW_QUALITY,0.52
2018-06-01,P04,S2A_30NXL_20180601_0_L2A,-0.028198,0.006269,0.051947,0.470457,0.9455,0.458,0.4844,0.4374,0.1735,120,980,0.8776,72.312,LOW_QUALITY,0.64
2018-06-06,P04,S2B_30NXL_20180606_0_L2A,-0.018773,0.055514,-0.359224,-0.096173,0.97884,0.1249,0.1276,0.283,0.15295,52,980,0.9469,80.28,LOW_QUALITY,0.64
2018-06-11,P04,S2A_30NXL_20180611_0_L2A,-0.036553,0.097251,-0.295474,-0.144143,1.038725,0.2119,0.204,0.3883,0.2267,38,980,0.9612,39.13,LOW_QUALITY,0.37
2018-07-11,P04,S2A_30NXL_20180711_0_L2A,-0.061195,0.044318,-0.395542,-0.063235,0.872222,0.1256,0.144,0.3423,0.1659,22,980,0.9776,46.398,LOW_QUALITY,0.49
2018-07-31,P04,S2A_30NXL_20180731_1_L2A,0.137145,0.074507,0.068971,0.720285,1.325714,0.232,0.175,0.1544,0.02885,980,980,0.0,26.666,ACCEPTABLE,0.88
2018-08-05,P04,S2B_30NXL_20180805_0_L2A,0.091355,0.059249,0.058116,0.676471,1.197088,0.1151,0.09615,0.0992,0.0202,974,980,0.0061,11.265,GOOD,1.0
2018-09-09,P04,S2A_30NXL_20180909_0_L2A,-0.037817,0.076347,-0.420033,-0.154584,0.916025,0.1309,0.1429,0.3293,0.1947,100,980,0.898,54.243,LOW_QUALITY,0.52
2018-09-14,P04,S2B_30NXL_20180914_0_L2A,0.077706,0.034131,0.089648,0.650082,1.171584,0.1509,0.1288,0.1144,0.0285,826,980,0.1571,37.564,GOOD,1.0
2018-09-19,P04,S2A_30NXL_20180919_0_L2A,0.060068,0.066032,0.064074,0.569572,1.112481,0.1444,0.1298,0.1296,0.0404,356,980,0.6367,56.062,ACCEPTABLE,0.8
2018-10-14,P04,S2B_30NXL_20181014_0_L2A,-0.042329,0.01104,-0.231724,0.008562,0.904854,0.1398,0.1545,0.2434,0.1486,14,980,0.9857,74.942,LOW_QUALITY,0.49
2018-10-19,P04,S2A_30NXL_20181019_1_L2A,0.126824,0.047587,0.142198,0.77798,1.294178,0.2534,0.1958,0.1484,0.0248,970,980,0.0102,28.861,GOOD,1.0
2018-10-24,P04,S2B_30NXL_20181024_0_L2A,-0.021571,0.029806,0.102887,0.520548,0.947787,0.167,0.1762,0.1399,0.056,54,980,0.9449,69.358,LOW_QUALITY,0.64
2018-11-03,P04,S2B_30NXL_20181103_0_L2A,0.113589,0.037416,0.09808,0.756481,1.257885,0.2712,0.2156,0.1772,0.03005,828,980,0.1551,26.263,GOOD,1.0
2018-11-23,P04,S2B_30NXL_20181123_0_L2A,0.110833,0.032878,0.038006,0.723474,1.253447,0.2636,0.2103,0.1956,0.0341,954,980,0.0265,15.289,GOOD,1.0
2018-11-28,P04,S2A_30NXL_20181128_0_L2A,0.087204,0.052021,0.058692,0.666461,1.203696,0.3126,0.2597,0.2408,0.0497,522,980,0.4673,31.081,GOOD,1.0
2018-12-03,P04,S2B_30NXL_20181203_0_L2A,0.119119,0.046426,0.003733,0.677621,1.285253,0.2388,0.1858,0.186,0.03585,324,980,0.6694,53.329,ACCEPTABLE,0.92
2018-12-08,P04,S2A_30NXL_20181208_0_L2A,-0.017887,0.036539,-0.35705,-0.107342,0.978428,0.127,0.1298,0.2803,0.1604,86,980,0.9122,42.294,LOW_QUALITY,0.64
2018-12-23,P04,S2B_30NXL_20181223_0_L2A,0.051561,0.025573,-0.129923,0.254032,1.130133,0.2119,0.1875,0.2474,0.1103,318,980,0.6755,17.421,ACCEPTABLE,0.92
2018-12-28,P04,S2A_30NXL_20181228_0_L2A,-0.030743,0.013899,-0.315295,-0.062815,0.93725,0.1404,0.1498,0.288,0.1729,90,980,0.9082,0.899,LOW_QUALITY,0.64
2019-01-02,P04,S2B_30NXL_20190102_0_L2A,0.067362,0.028895,-0.093765,0.416368,1.151905,0.2237,0.1942,0.2344,0.0795,532,980,0.4571,13.712,GOOD,1.0
2019-01-17,P04,S2A_30NXL_20190117_0_L2A,0.068811,0.052967,-0.31902,-0.018131,1.16819,0.1278,0.1094,0.218,0.1142,190,980,0.8061,68.665,ACCEPTABLE,0.92
2019-01-22,P04,S2B_30NXL_20190122_0_L2A,0.049534,0.02675,-0.107924,0.170889,1.120862,0.1456,0.1299,0.15785,0.08025,332,980,0.6612,54.717,ACCEPTABLE,0.92
2019-02-01,P04,S2B_30NXL_20190201_0_L2A,-0.054997,0.018137,-0.051026,0.276757,0.889618,0.1491,0.1676,0.1826,0.0912,54,980,0.9449,71.813,LOW_QUALITY,0.64
2019-02-11,P04,S2B_30NXL_20190211_0_L2A,-0.006905,0.034387,-0.30561,-0.030658,0.997072,0.1362,0.1366,0.2693,0.1538,52,980,0.9469,24.13,LOW_QUALITY,0.64
2019-02-16,P04,S2A_30NXL_20190216_0_L2A,-0.030619,0.02193,-0.317503,-0.070045,0.936185,0.1379,0.1473,0.2842,0.177,54,980,0.9449,23.371,LOW_QUALITY,0.64
2019-02-26,P04,S2A_30NXL_20190226_0_L2A,0.10103,0.053491,-0.02503,0.576177,1.224969,0.2924,0.2387,0.2554,0.06155,980,980,0.0,8.851,GOOD,1.0
2019-03-13,P04,S2B_30NXL_20190313_0_L2A,0.058829,0.041349,-0.128705,0.144517,1.144853,0.1557,0.136,0.16615,0.0919,198,980,0.798,26.539,ACCEPTABLE,0.92
2019-03-28,P04,S2A_30NXL_20190328_0_L2A,-0.055111,0.047311,-0.409698,-0.225776,0.883994,0.1204,0.1362,0.3435,0.2179,66,980,0.9327,45.833,LOW_QUALITY,0.64
2019-04-02,P04,S2B_30NXL_20190402_1_L2A,0.096884,0.038365,-0.06163,0.453019,1.224037,0.2923,0.2388,0.273,0.09315,976,980,0.0041,24.795,GOOD,1.0
2019-05-02,P04,S2B_30NXL_20190502_0_L2A,0.107034,0.053766,-0.04469,0.600992,1.242658,0.3216,0.2588,0.2836,0.0504,966,980,0.0143,62.479,GOOD,1.0
2019-05-07,P04,S2A_30NXL_20190507_0_L2A,0.015355,0.039352,-0.131816,0.130048,1.055944,0.151,0.143,0.1872,0.1031,246,980,0.749,25.446,ACCEPTABLE,0.92
2019-05-12,P04,S2B_30NXL_20190512_1_L2A,0.077632,0.041455,-0.110912,0.325664,1.177914,0.288,0.2445,0.3104,0.1243,352,980,0.6408,53.132,ACCEPTABLE,0.92
2019-06-11,P04,S2B_30NXL_20190611_1_L2A,0.094773,0.062371,-0.007488,0.584143,1.216703,0.2768,0.2275,0.2374,0.0595,634,980,0.3531,43.337,ACCEPTABLE,0.88
2019-07-01,P04,S2B_30NXL_20190701_0_L2A,0.105041,0.049005,-0.055486,0.644236,1.237325,0.2294,0.1854,0.21,0.0393,918,980,0.0633,43.407,GOOD,1.0
2019-07-21,P04,S2B_30NXL_20190721_0_L2A,0.101933,0.05511,0.056905,0.730558,1.242124,0.276,0.2222,0.2053,0.0305,686,980,0.3,36.68,GOOD,1.0
2019-07-26,P04,S2A_30NXL_20190726_0_L2A,-0.017523,0.049019,-0.083574,0.228331,0.98932,0.2779,0.2809,0.3352,0.1672,100,980,0.898,66.569,LOW_QUALITY,0.64
2019-07-31,P04,S2B_30NXL_20190731_0_L2A,-0.04155,0.024561,-0.146435,0.194429,0.934586,0.1443,0.1544,0.2035,0.09735,140,980,0.8571,41.525,LOW_QUALITY,0.64
2019-08-05,P04,S2A_30NXL_20190805_1_L2A,0.061583,0.033876,-0.024149,0.556687,1.132484,0.3556,0.314,0.33,0.09005,180,980,0.8163,68.344,ACCEPTABLE,0.92
2019-08-15,P04,S2A_30NXL_20190815_0_L2A,0.063757,0.022505,0.016419,0.642435,1.140872,0.2956,0.2591,0.2579,0.0571,40,980,0.9592,28.374,LOW_QUALITY,0.64
2019-08-30,P04,S2B_30NXL_20190830_0_L2A,0.000942,0.02134,-0.083161,0.259056,0.996624,0.2657,0.2666,0.3174,0.1613,118,980,0.8796,52.195,LOW_QUALITY,0.64
2019-09-09,P04,S2B_30NXL_20190909_0_L2A,0.059225,0.043811,-0.054851,0.348131,1.131334,0.2188,0.1934,0.2207,0.09475,280,980,0.7143,84.971,ACCEPTABLE,0.92
2019-10-14,P04,S2A_30NXL_20191014_0_L2A,-0.036384,0.037276,-0.083986,0.201565,0.959085,0.1383,0.1442,0.1719,0.0957,70,980,0.9286,59.799,LOW_QUALITY,0.64
2019-10-24,P04,S2A_30NXL_20191024_0_L2A,0.058205,0.048607,0.098397,0.593841,1.091514,0.1312,0.1202,0.1072,0.033,648,980,0.3388,61.273,GOOD,1.0
2019-10-29,P04,S2B_30NXL_20191029_0_L2A,0.129667,0.053886,0.094794,0.69147,1.284125,0.254,0.1978,0.1628,0.03505,980,980,0.0,42.51,GOOD,1.0
2019-11-08,P04,S2B_30NXL_20191108_0_L2A,0.011316,0.037378,-0.071763,0.212494,1.003658,0.1372,0.1367,0.1753,0.0967,800,980,0.1837,17.614,GOOD,1.0
2019-11-18,P04,S2B_30NXL_20191118_0_L2A,0.135369,0.033981,0.00842,0.689537,1.320773,0.2734,0.207,0.2047,0.03905,968,980,0.0122,13.388,GOOD,1.0
2019-11-23,P04,S2A_30NXL_20191123_0_L2A,0.113335,0.060481,-0.002462,0.660865,1.254378,0.2865,0.2284,0.24805,0.0385,642,980,0.3449,23.695,ACCEPTABLE,0.88
2019-11-28,P04,S2B_30NXL_20191128_0_L2A,0.025934,0.060387,0.035773,0.646873,1.03629,0.1028,0.0992,0.0992,0.0255,788,980,0.1959,25.91,ACCEPTABLE,0.88
2019-12-03,P04,S2A_30NXL_20191203_0_L2A,0.113391,0.04991,-0.025672,0.653761,1.253788,0.2979,0.2376,0.2519,0.0458,980,980,0.0,22.167,GOOD,1.0
2019-12-08,P04,S2B_30NXL_20191208_0_L2A,0.032157,0.044336,-0.129019,0.19006,1.142857,0.2288,0.2002,0.2508,0.1164,225,980,0.7704,34.935,ACCEPTABLE,0.92
2019-12-13,P04,S2A_30NXL_20191213_0_L2A,0.109533,0.05397,-0.041737,0.722828,1.251981,0.316,0.2524,0.27655,0.0409,980,980,0.0,15.373,GOOD,1.0
2019-12-18,P04,S2B_30NXL_20191218_0_L2A,0.07704,0.03744,-0.06319,0.501208,1.167702,0.1504,0.1288,0.1462,0.0437,678,980,0.3082,25.177,GOOD,1.0
2019-12-23,P04,S2A_30NXL_20191223_0_L2A,-0.033823,0.020895,-0.196384,0.018739,0.930006,0.1621,0.1743,0.2569,0.1666,22,980,0.9776,14.994,LOW_QUALITY,0.49
2019-12-28,P04,S2B_30NXL_20191228_1_L2A,0.128459,0.039742,-0.121221,0.617269,1.298851,0.2486,0.1914,0.244,0.04555,980,980,0.0,4.451,GOOD,1.0
2020-01-02,P04,S2A_30NXL_20200102_0_L2A,0.041562,0.031961,-0.064134,0.486943,1.082331,0.117,0.1081,0.12465,0.03965,272,980,0.7224,19.565,ACCEPTABLE,0.92
2020-01-07,P04,S2B_30NXL_20200107_1_L2A,0.154133,0.01932,-0.253085,0.101001,1.372436,0.2141,0.156,0.2618,0.1289,980,980,0.0,0.112,GOOD,1.0
2020-01-12,P04,S2A_30NXL_20200112_1_L2A,0.102242,0.026,-0.148288,0.390717,1.23619,0.2596,0.21,0.28385,0.0929,702,980,0.2837,5.465,GOOD,1.0
2020-01-17,P04,S2B_30NXL_20200117_0_L2A,0.028367,0.016547,-0.148879,-0.155758,1.04794,0.3891,0.3713,0.5046,0.5323,104,980,0.8939,12.158,LOW_QUALITY,0.64
2020-01-22,P04,S2A_30NXL_20200122_1_L2A,0.086306,0.015881,-0.11729,0.152915,1.187034,0.271,0.2283,0.294,0.1638,172,980,0.8245,58.815,ACCEPTABLE,0.92
2020-01-27,P04,S2B_30NXL_20200127_1_L2A,0.209223,0.031391,-0.28187,0.219428,1.548048,0.2062,0.1332,0.2369,0.08555,980,980,0.0,7.911,GOOD,1.0
2020-02-01,P04,S2A_30NXL_20200201_0_L2A,0.096273,0.039644,-0.10429,0.501468,1.218353,0.2974,0.2441,0.3048,0.0777,780,980,0.2041,22.851,GOOD,1.0
2020-02-06,P04,S2B_30NXL_20200206_0_L2A,0.024563,0.025478,-0.165734,-0.154847,1.028708,0.258,0.2508,0.3695,0.3709,282,980,0.7122,13.937,ACCEPTABLE,0.92
2020-02-16,P04,S2B_30NXL_20200216_1_L2A,0.05127,0.020113,-0.172428,0.185617,1.112563,0.2214,0.199,0.2836,0.1387,910,980,0.0714,22.854,GOOD,1.0
2020-02-21,P04,S2A_30NXL_20200221_1_L2A,0.060877,0.030608,-0.168689,0.198881,1.134123,0.2393,0.211,0.2974,0.1421,468,980,0.5224,53.293,ACCEPTABLE,0.92
2020-03-02,P04,S2A_30NXL_20200302_0_L2A,-0.030425,0.024193,-0.141267,0.078785,0.944159,0.1471,0.1558,0.2096,0.1201,150,980,0.8469,31.485,ACCEPTABLE,0.92
2020-03-12,P04,S2A_30NXL_20200312_0_L2A,-0.000665,0.041711,-0.136561,0.264988,1.034788,0.1517,0.1466,0.182,0.0878,38,980,0.9612,26.004,LOW_QUALITY,0.49
2020-03-22,P04,S2A_30NXL_20200322_0_L2A,-0.0173,0.031885,-0.323181,-0.137532,0.984145,0.1738,0.1766,0.3643,0.2375,70,980,0.9286,21.559,LOW_QUALITY,0.64
2020-04-11,P04,S2A_30NXL_20200411_0_L2A,0.028354,0.049613,-0.120013,0.168956,1.07772,0.1456,0.1351,0.1701,0.0891,402,980,0.5898,34.894,ACCEPTABLE,0.92
2020-04-21,P04,S2A_30NXL_20200421_0_L2A,0.109199,0.06921,-0.101292,0.623642,1.250232,0.2698,0.2158,0.266,0.04995,980,980,0.0,11.798,ACCEPTABLE,0.88
2020-05-06,P04,S2B_30NXL_20200506_1_L2A,0.097767,0.051363,-0.031926,0.665988,1.222739,0.3678,0.3008,0.3212,0.0605,854,980,0.1286,30.071,GOOD,1.0
2020-05-11,P04,S2A_30NXL_20200511_0_L2A,-0.050573,0.045815,-0.40856,-0.113883,0.895585,0.1501,0.1676,0.4344,0.2078,56,980,0.9429,88.356,LOW_QUALITY,0.64
2020-05-26,P04,S2B_30NXL_20200526_0_L2A,0.12806,0.064111,-0.070011,0.679905,1.281099,0.2657,0.2074,0.2402,0.03745,980,980,0.0,16.032,ACCEPTABLE,0.88
2020-05-31,P04,S2A_30NXL_20200531_0_L2A,0.000712,0.038795,-0.257485,-0.169991,0.977788,0.2069,0.2116,0.3796,0.29555,48,980,0.951,31.829,LOW_QUALITY,0.64
2020-06-20,P04,S2A_30NXL_20200620_0_L2A,-0.084681,0.075153,-0.398232,-0.041212,0.853467,0.1194,0.1399,0.32,0.15205,92,980,0.9061,67.976,LOW_QUALITY,0.52
2020-07-25,P04,S2B_30NXL_20200725_0_L2A,0.116947,0.086128,-0.095973,0.60551,1.279964,0.283,0.2211,0.2719,0.05505,76,980,0.9224,14.168,LOW_QUALITY,0.52
2020-07-30,P04,S2A_30NXL_20200730_0_L2A,0.107612,0.0654,-0.038858,0.687236,1.234212,0.2482,0.2011,0.2555,0.0301,756,980,0.2286,27.911,ACCEPTABLE,0.88
2020-08-04,P04,S2B_30NXL_20200804_0_L2A,0.135224,0.048882,-0.065353,0.783782,1.317829,0.272,0.2064,0.2357,0.0253,980,980,0.0,19.781,GOOD,1.0
2020-08-24,P04,S2B_30NXL_20200824_1_L2A,0.110149,0.053482,-0.11115,0.535987,1.228174,0.3095,0.252,0.32395,0.0747,810,980,0.1735,60.829,GOOD,1.0
2020-09-23,P04,S2B_30NXL_20200923_0_L2A,-0.019541,0.026268,-0.101678,-0.001612,0.961616,0.238,0.2475,0.2917,0.2617,14,980,0.9857,48.146,LOW_QUALITY,0.49
2020-10-08,P04,S2A_30NXL_20201008_0_L2A,0.085439,0.096379,-0.045212,0.739573,1.161759,0.3038,0.2615,0.3249,0.0407,206,980,0.7898,79.776,ACCEPTABLE,0.8
2020-10-18,P04,S2A_30NXL_20201018_0_L2A,0.119401,0.043985,-0.008792,0.815098,1.275849,0.3418,0.2679,0.2766,0.02775,980,980,0.0,44.839,GOOD,1.0
2020-10-23,P04,S2B_30NXL_20201023_0_L2A,-0.004069,0.062735,-0.176298,0.126453,0.983157,0.1576,0.1603,0.2417,0.1091,118,980,0.8796,33.053,LOW_QUALITY,0.52
2020-10-28,P04,S2A_30NXL_20201028_1_L2A,0.080012,0.053931,-0.089391,0.430956,1.178853,0.3144,0.2667,0.322,0.1057,620,980,0.3673,68.778,GOOD,1.0
2020-11-02,P04,S2B_30NXL_20201102_0_L2A,0.043918,0.046169,-0.101888,0.334151,1.0517,0.1485,0.1412,0.2224,0.0731,378,980,0.6143,53.939,ACCEPTABLE,0.92
2020-11-07,P04,S2A_30NXL_20201107_0_L2A,0.03143,0.033922,-0.066793,0.394818,1.074735,0.1625,0.1512,0.173,0.0652,234,980,0.7612,35.073,ACCEPTABLE,0.92
2020-11-12,P04,S2B_30NXL_20201112_0_L2A,0.120251,0.047183,-0.053252,0.599769,1.279279,0.284,0.222,0.2588,0.0466,930,980,0.051,23.193,GOOD,1.0
2020-11-17,P04,S2A_30NXL_20201117_0_L2A,-0.017258,0.050317,-0.246826,-0.082472,0.978673,0.1652,0.1688,0.2755,0.19025,20,980,0.9796,35.081,LOW_QUALITY,0.49
2020-11-27,P04,S2A_30NXL_20201127_0_L2A,0.025159,0.032629,-0.162927,0.071824,1.068198,0.1488,0.1393,0.1931,0.1127,250,980,0.7449,45.676,ACCEPTABLE,0.92
2020-12-02,P04,S2B_30NXL_20201202_0_L2A,0.11607,0.057279,-0.093536,0.70181,1.282722,0.3185,0.2483,0.307,0.031,698,980,0.2878,27.427,GOOD,1.0
2020-12-07,P04,S2A_30NXL_20201207_0_L2A,0.0,0.050193,-0.126208,0.220313,1.013919,0.1384,0.1365,0.1786,0.0892,378,980,0.6143,20.764,ACCEPTABLE,0.92
2020-12-12,P04,S2B_30NXL_20201212_1_L2A,0.126822,0.045346,-0.052862,0.762183,1.304976,0.3252,0.2492,0.27915,0.0352,980,980,0.0,25.142,GOOD,1.0
2020-12-17,P04,S2A_30NXL_20201217_0_L2A,0.001797,0.025557,-0.020489,0.401129,1.010145,0.1394,0.138,0.145,0.0578,352,980,0.6408,32.496,ACCEPTABLE,0.92
2020-12-22,P04,S2B_30NXL_20201222_0_L2A,0.008489,0.029353,-0.045907,0.394491,1.036335,0.1312,0.1266,0.13885,0.0569,162,980,0.8347,18.33,ACCEPTABLE,0.92
2020-12-27,P04,S2A_30NXL_20201227_0_L2A,0.150697,0.049902,-0.205373,0.507191,1.370637,0.2474,0.1805,0.2766,0.055,980,980,0.0,16.174,GOOD,1.0
2021-01-01,P04,S2B_30NXL_20210101_1_L2A,0.145401,0.029284,-0.156725,0.455266,1.35205,0.3034,0.2244,0.3116,0.08,980,980,0.0,84.475,GOOD,1.0
2021-01-16,P04,S2A_30NXL_20210116_1_L2A,0.15158,0.051056,-0.105753,0.713854,1.363171,0.3198,0.2346,0.288,0.0395,980,980,0.0,25.003,GOOD,1.0
2021-01-21,P04,S2B_30NXL_20210121_1_L2A,0.071533,0.037362,-0.208277,0.27067,1.160691,0.2622,0.2259,0.3476,0.1313,32,980,0.9673,38.967,LOW_QUALITY,0.49
2021-01-26,P04,S2A_30NXL_20210126_1_L2A,0.148479,0.019351,-0.256074,0.161788,1.357301,0.2454,0.1808,0.3054,0.1319,980,980,0.0,4.276,GOOD,1.0
2021-01-31,P04,S2B_30NXL_20210131_0_L2A,0.073523,0.031735,-0.208326,0.27617,1.157844,0.2406,0.2078,0.3184,0.11835,488,980,0.502,19.979,ACCEPTABLE,0.92
2021-02-10,P04,S2B_30NXL_20210210_0_L2A,0.113757,0.039973,-0.161881,0.453468,1.265165,0.292,0.2308,0.326,0.0811,980,980,0.0,17.176,GOOD,1.0
2021-02-15,P04,S2A_30NXL_20210215_0_L2A,0.067613,0.049067,-0.095134,0.502145,1.132065,0.2083,0.184,0.24135,0.0591,690,980,0.2959,17.055,GOOD,1.0
2021-02-25,P04,S2A_30NXL_20210225_0_L2A,0.089838,0.047261,-0.19606,0.326624,1.206078,0.254,0.2106,0.3156,0.1068,980,980,0.0,25.971,GOOD,1.0
2021-03-02,P04,S2B_30NXL_20210302_1_L2A,-0.057611,0.019692,-0.280688,0.042141,0.898977,0.1406,0.1564,0.2735,0.1424,34,980,0.9653,47.166,LOW_QUALITY,0.49
2021-03-12,P04,S2B_30NXL_20210312_2_L2A,-0.032103,0.025025,-0.323672,0.023271,0.905531,0.1457,0.1609,0.3072,0.15685,24,980,0.9755,53.237,LOW_QUALITY,0.49
2021-04-01,P04,S2B_30NXL_20210401_2_L2A,0.041404,0.023378,-0.192553,0.231976,1.091656,0.3454,0.3164,0.4684,0.1979,252,980,0.7429,41.445,ACCEPTABLE,0.92
2021-04-06,P04,S2A_30NXL_20210406_0_L2A,-0.040862,0.024893,-0.263975,-0.006084,0.911462,0.1328,0.1457,0.2416,0.138,84,980,0.9143,27.649,LOW_QUALITY,0.64
2021-04-11,P04,S2B_30NXL_20210411_0_L2A,0.121719,0.045632,-0.114119,0.51596,1.277305,0.345,0.2701,0.3426,0.0849,408,980,0.5837,10.844,ACCEPTABLE,0.92
2021-04-16,P04,S2A_30NXL_20210416_1_L2A,0.133063,0.072207,-0.058992,0.616447,1.313814,0.35,0.2664,0.3018,0.0638,980,980,0.0,31.176,ACCEPTABLE,0.88
2021-04-21,P04,S2B_30NXL_20210421_1_L2A,0.112224,0.064755,-0.104047,0.544558,1.265674,0.323,0.2552,0.3208,0.0772,272,980,0.7224,32.505,ACCEPTABLE,0.8
2021-04-26,P04,S2A_30NXL_20210426_0_L2A,0.027989,0.084511,-0.185872,-0.005388,1.092258,0.1693,0.155,0.2802,0.1278,246,980,0.749,15.969,ACCEPTABLE,0.8
2021-05-01,P04,S2B_30NXL_20210501_0_L2A,0.114453,0.06998,-0.088877,0.619586,1.264137,0.3398,0.2688,0.3244,0.0638,670,980,0.3163,51.62,ACCEPTABLE,0.88
2021-05-11,P04,S2B_30NXL_20210511_0_L2A,0.159034,0.070992,-0.125988,0.755472,1.383178,0.37,0.2675,0.347,0.03555,980,980,0.0,16.089,ACCEPTABLE,0.88
2021-05-26,P04,S2A_30NXL_20210526_0_L2A,-0.043737,0.070762,-0.463666,-0.122407,0.93956,0.1539,0.1638,0.4437,0.2074,12,980,0.9878,27.116,LOW_QUALITY,0.37
2021-06-25,P04,S2A_30NXL_20210625_0_L2A,0.017979,0.064521,-0.101628,0.28505,1.104418,0.33,0.2988,0.3992,0.1615,47,980,0.952,70.641,LOW_QUALITY,0.52
2021-07-05,P04,S2A_30NXL_20210705_1_L2A,0.117262,0.079201,-0.08099,0.544446,1.249788,0.2942,0.2354,0.2787,0.0704,612,980,0.3755,40.106,ACCEPTABLE,0.88
2021-07-10,P04,S2B_30NXL_20210710_0_L2A,-0.010343,0.037703,-0.119201,0.042523,1.011509,0.1582,0.1564,0.2126,0.1638,861,980,0.1214,19.784,GOOD,1.0
2021-07-25,P04,S2A_30NXL_20210725_0_L2A,0.126765,0.092323,0.002638,0.667749,1.290674,0.2491,0.193,0.20875,0.0355,972,980,0.0082,22.482,ACCEPTABLE,0.88
2021-07-30,P04,S2B_30NXL_20210730_0_L2A,0.115687,0.064695,-0.107791,0.595427,1.270037,0.206,0.1622,0.2056,0.0383,980,980,0.0,34.762,ACCEPTABLE,0.88
2021-08-24,P04,S2A_30NXL_20210824_1_L2A,0.028967,0.063399,-0.253609,-0.010373,1.059214,0.2075,0.1959,0.3304,0.193,946,980,0.0347,79.513,ACCEPTABLE,0.88
2021-09-03,P04,S2A_30NXL_20210903_1_L2A,0.089714,0.056401,-0.133562,0.428571,1.204217,0.3084,0.2561,0.3342,0.10245,60,980,0.9388,70.496,LOW_QUALITY,0.64
2021-09-13,P04,S2A_30NXL_20210913_0_L2A,-0.039637,0.02135,-0.114048,0.117386,0.936444,0.2107,0.225,0.2797,0.1805,28,980,0.9714,40.174,LOW_QUALITY,0.49
2021-09-18,P04,S2B_30NXL_20210918_0_L2A,0.133714,0.055207,0.047053,0.773965,1.315029,0.273,0.2076,0.191,0.02655,980,980,0.0,64.364,GOOD,1.0
2021-09-23,P04,S2A_30NXL_20210923_0_L2A,0.009687,0.048627,-0.129937,0.157961,1.044952,0.1418,0.1357,0.1601,0.0876,202,980,0.7939,27.629,ACCEPTABLE,0.92
2021-10-08,P04,S2B_30NXL_20211008_0_L2A,-0.043125,0.050703,-0.274093,0.141275,0.893773,0.122,0.1365,0.2221,0.0929,22,980,0.9776,48.657,LOW_QUALITY,0.49
2021-10-13,P04,S2A_30NXL_20211013_0_L2A,0.030059,0.069448,-0.213038,-0.014759,1.051298,0.166,0.1579,0.2508,0.1284,188,980,0.8082,21.046,ACCEPTABLE,0.8
2021-10-18,P04,S2B_30NXL_20211018_0_L2A,0.003277,0.046699,-0.067164,0.285382,0.984143,0.0962,0.09775,0.1172,0.058,734,980,0.251,35.975,GOOD,1.0
2021-10-23,P04,S2A_30NXL_20211023_0_L2A,0.108143,0.057864,0.008666,0.690772,1.264918,0.3328,0.2631,0.2774,0.045,560,980,0.4286,74.977,GOOD,1.0
2021-11-07,P04,S2B_30NXL_20211107_0_L2A,0.07675,0.042906,-0.026776,0.480438,1.150573,0.1406,0.1222,0.1488,0.0499,674,980,0.3122,68.868,GOOD,1.0
2021-11-12,P04,S2A_30NXL_20211112_0_L2A,0.055857,0.058959,-0.020098,0.555372,1.127385,0.2186,0.1939,0.2408,0.0563,22,980,0.9776,35.251,LOW_QUALITY,0.49
2021-11-17,P04,S2B_30NXL_20211117_0_L2A,-0.005069,0.023273,-0.231516,-0.06531,1.0,0.2337,0.2337,0.3897,0.2607,46,980,0.9531,22.654,LOW_QUALITY,0.64
2021-12-02,P04,S2A_30NXL_20211202_0_L2A,0.056513,0.056447,-0.046208,0.621386,1.068655,0.1541,0.1442,0.167,0.0306,636,980,0.351,25.313,GOOD,1.0
2021-12-07,P04,S2B_30NXL_20211207_0_L2A,-0.03295,0.029563,-0.351225,-0.036452,0.964514,0.1658,0.1719,0.3721,0.1855,22,980,0.9776,27.629,LOW_QUALITY,0.49
2021-12-12,P04,S2A_30NXL_20211212_1_L2A,0.09214,0.032967,-0.187162,0.35119,1.202912,0.2644,0.2198,0.3188,0.107,980,980,0.0,33.924,GOOD,1.0
2021-12-17,P04,S2B_30NXL_20211217_0_L2A,-0.026071,0.039123,-0.247762,0.10838,0.938323,0.1354,0.1443,0.229,0.1057,62,980,0.9367,71.397,LOW_QUALITY,0.64
2021-12-22,P04,S2A_30NXL_20211222_0_L2A,0.138177,0.027084,-0.130323,0.51608,1.329464,0.2978,0.224,0.2898,0.0718,980,980,0.0,14.592,GOOD,1.0
2021-12-27,P04,S2B_30NXL_20211227_0_L2A,-0.015423,0.036678,-0.279479,0.140731,0.958101,0.1372,0.1432,0.2213,0.0998,60,980,0.9388,46.802,LOW_QUALITY,0.64
2022-01-01,P04,S2A_30NXL_20220101_0_L2A,-0.023384,0.058104,-0.382968,-0.051619,0.952782,0.113,0.1186,0.2756,0.12945,96,980,0.902,28.296,LOW_QUALITY,0.64
2022-01-06,P04,S2B_30NXL_20220106_0_L2A,0.041519,0.035177,-0.181226,0.148281,1.071069,0.2125,0.1984,0.2924,0.13715,420,980,0.5714,12.48,ACCEPTABLE,0.92
2022-01-21,P04,S2A_30NXL_20220121_0_L2A,0.138555,0.032714,-0.163292,0.46316,1.333499,0.2691,0.2018,0.2799,0.07445,976,980,0.0041,4.467,GOOD,1.0
2022-01-26,P04,S2B_30NXL_20220126_0_L2A,0.182851,0.038207,-0.209233,0.602775,1.455531,0.2684,0.1844,0.2812,0.046,980,980,0.0,0.819,GOOD,1.0
2022-01-31,P04,S2A_30NXL_20220131_0_L2A,0.08649,0.044709,-0.21103,0.353471,1.191002,0.3124,0.2623,0.4038,0.1239,410,980,0.5816,22.698,ACCEPTABLE,0.92
2022-02-05,P04,S2B_30NXL_20220205_0_L2A,-0.032072,0.026381,-0.281184,-0.034965,0.919082,0.1522,0.1656,0.2969,0.171,24,980,0.9755,31.506,LOW_QUALITY,0.49
2022-02-10,P04,S2A_30NXL_20220210_0_L2A,0.146852,0.079073,-0.391753,0.555758,1.354994,0.1126,0.0831,0.1902,0.0243,822,980,0.1612,23.776,ACCEPTABLE,0.88
2022-03-02,P04,S2A_30NXL_20220302_0_L2A,0.030304,0.031277,-0.189697,-0.123815,1.085094,0.1798,0.1657,0.3238,0.2149,46,980,0.9531,77.38,LOW_QUALITY,0.64
2022-03-07,P04,S2B_30NXL_20220307_0_L2A,0.119834,0.053909,-0.123701,0.558968,1.281278,0.2888,0.2254,0.2965,0.0539,832,980,0.151,39.942,GOOD,1.0
2022-04-11,P04,S2A_30NXL_20220411_0_L2A,-0.035022,0.027311,-0.280729,-0.132449,0.945742,0.1377,0.1456,0.26055,0.1923,114,980,0.8837,30.222,LOW_QUALITY,0.64
2022-07-10,P04,S2A_30NXL_20220710_0_L2A,0.080609,0.082162,-0.10587,0.422624,1.170916,0.248,0.2118,0.31335,0.0752,156,980,0.8408,38.17,ACCEPTABLE,0.8
2022-07-20,P04,S2A_30NXL_20220720_0_L2A,0.132406,0.053387,-0.116406,0.703805,1.312867,0.2908,0.2215,0.2814,0.0369,330,980,0.6633,21.126,ACCEPTABLE,0.92
2022-08-24,P04,S2B_30NXL_20220824_0_L2A,0.117994,0.050294,-0.096325,0.706346,1.271685,0.3548,0.279,0.344,0.0498,896,980,0.0857,63.014,GOOD,1.0
2022-10-03,P04,S2B_30NXL_20221003_0_L2A,-0.078788,0.092378,-0.522876,-0.139496,0.8591,0.0439,0.0511,0.1605,0.0706,40,980,0.9592,39.764,LOW_QUALITY,0.52
2022-10-23,P04,S2B_30NXL_20221023_0_L2A,0.097342,0.011382,-0.001219,0.56875,1.209202,0.3075,0.2543,0.2589,0.06655,84,980,0.9143,73.995,LOW_QUALITY,0.64
2022-10-28,P04,S2A_30NXL_20221028_0_L2A,0.160298,0.082902,0.065632,1.0,1.386667,0.2496,0.18,0.1591,-0.0631,238,980,0.7571,29.526,ACCEPTABLE,0.8
2022-11-02,P04,S2B_30NXL_20221102_0_L2A,-0.024382,0.035561,-0.159992,0.121491,0.950916,0.1453,0.1528,0.20635,0.11725,52,980,0.9469,44.098,LOW_QUALITY,0.64
2022-11-22,P04,S2B_30NXL_20221122_0_L2A,0.110883,0.065081,-0.084782,0.720545,1.256954,0.3796,0.302,0.3633,0.0496,166,980,0.8306,32.064,ACCEPTABLE,0.8
2022-11-27,P04,S2A_30NXL_20221127_0_L2A,0.122652,0.047571,-0.044649,0.751195,1.286179,0.3164,0.246,0.269,0.0351,980,980,0.0,42.91,GOOD,1.0
2022-12-17,P04,S2A_30NXL_20221217_0_L2A,0.108978,0.040277,-0.070746,0.724158,1.249825,0.3572,0.2858,0.3296,0.0459,838,980,0.1449,62.676,GOOD,1.0
2022-12-27,P04,S2A_30NXL_20221227_0_L2A,0.124434,0.040306,-0.148283,0.601436,1.289784,0.2626,0.2036,0.2724,0.0505,980,980,0.0,0.404,GOOD,1.0
2023-01-01,P04,S2B_30NXL_20230101_0_L2A,0.109073,0.027358,-0.174969,0.487462,1.250465,0.2691,0.2152,0.305,0.0742,980,980,0.0,0.143,GOOD,1.0
2023-01-06,P04,S2A_30NXL_20230106_0_L2A,0.014895,0.043766,-0.377245,-0.063991,1.039353,0.1479,0.1423,0.31,0.1535,14,980,0.9857,62.232,LOW_QUALITY,0.49
2023-01-16,P04,S2A_30NXL_20230116_0_L2A,0.101274,0.031514,-0.19039,0.408787,1.232474,0.2391,0.194,0.2844,0.0818,980,980,0.0,16.014,GOOD,1.0
2023-01-26,P04,S2A_30NXL_20230126_0_L2A,0.124128,0.057356,-0.130189,0.612579,1.294779,0.3224,0.249,0.3256,0.0597,273,980,0.7214,21.085,ACCEPTABLE,0.92
2023-01-31,P04,S2B_30NXL_20230131_0_L2A,0.025552,0.02305,-0.228845,0.069802,1.081215,0.1531,0.1416,0.19915,0.10915,28,980,0.9714,31.894,LOW_QUALITY,0.49
2023-02-10,P04,S2B_30NXL_20230210_0_L2A,0.114242,0.049587,-0.120178,0.544286,1.240577,0.2666,0.2149,0.2962,0.0512,622,980,0.3653,12.679,GOOD,1.0
2023-02-25,P04,S2A_30NXL_20230225_0_L2A,0.081053,0.038768,-0.144185,0.349107,1.181746,0.2978,0.252,0.3448,0.12335,472,980,0.5184,48.405,ACCEPTABLE,0.92
2023-04-01,P04,S2B_30NXL_20230401_1_L2A,0.013317,0.026018,-0.236407,0.002967,1.023333,0.1535,0.15,0.25205,0.1496,18,980,0.9816,29.453,LOW_QUALITY,0.49
2023-04-06,P04,S2A_30NXL_20230406_0_L2A,0.072906,0.038162,-0.081554,0.554834,1.168224,0.35,0.2996,0.35565,0.0864,682,980,0.3041,23.013,GOOD,1.0
2023-04-16,P04,S2A_30NXL_20230416_0_L2A,0.072086,0.055418,-0.126734,0.435991,1.15778,0.3192,0.2757,0.37685,0.1109,246,980,0.749,59.382,ACCEPTABLE,0.92
2023-04-21,P04,S2B_30NXL_20230421_0_L2A,0.102543,0.045651,-0.14652,0.584435,1.233544,0.2736,0.2218,0.2988,0.0584,980,980,0.0,6.069,GOOD,1.0
2023-05-06,P04,S2A_30NXL_20230506_0_L2A,0.113874,0.077495,-0.077378,0.75854,1.263554,0.3356,0.2656,0.312,0.0365,480,980,0.5102,32.469,ACCEPTABLE,0.8
2023-05-16,P04,S2A_30NXL_20230516_0_L2A,0.110844,0.062031,-0.129615,0.568712,1.25523,0.27,0.2151,0.2805,0.0595,980,980,0.0,30.65,ACCEPTABLE,0.88
2023-06-30,P04,S2B_30NXL_20230630_0_L2A,0.124076,0.04899,-0.062923,0.791447,1.288253,0.3334,0.2588,0.3001,0.029,748,980,0.2367,21.653,GOOD,1.0
2023-07-05,P04,S2A_30NXL_20230705_0_L2A,-0.001802,0.017651,-0.336358,-0.126003,0.999405,0.1679,0.168,0.3466,0.209,28,980,0.9714,42.546,LOW_QUALITY,0.49
2023-09-08,P04,S2B_30NXL_20230908_0_L2A,-0.043246,0.026144,-0.190776,0.064702,0.898855,0.1413,0.1572,0.2377,0.1372,14,980,0.9857,47.799,LOW_QUALITY,0.49
2023-10-18,P04,S2B_30NXL_20231018_0_L2A,0.113819,0.034875,-0.079554,0.593096,1.258173,0.3002,0.2386,0.2806,0.0609,980,980,0.0,26.532,GOOD,1.0
2023-10-28,P04,S2B_30NXL_20231028_0_L2A,0.106695,0.053117,-0.037955,0.767523,1.235082,0.3084,0.2497,0.2792,0.0316,116,980,0.8816,28.732,LOW_QUALITY,0.64
2023-11-12,P04,S2A_30NXL_20231112_0_L2A,0.121684,0.029372,-0.076534,0.695585,1.278546,0.3236,0.2531,0.31275,0.0421,406,980,0.5857,25.495,ACCEPTABLE,0.92
2023-11-22,P04,S2A_30NXL_20231122_0_L2A,0.077694,0.034753,-0.092036,0.527378,1.171429,0.2337,0.1995,0.25565,0.05975,116,980,0.8816,51.55,LOW_QUALITY,0.64
2023-12-02,P04,S2A_30NXL_20231202_0_L2A,0.125779,0.04822,-0.079349,0.702506,1.294118,0.3344,0.2584,0.30625,0.0451,654,980,0.3327,44.173,GOOD,1.0
2023-12-12,P04,S2A_30NXL_20231212_0_L2A,0.084691,0.04949,-0.275728,0.285532,1.196771,0.2372,0.1982,0.3558,0.1061,18,980,0.9816,48.449,LOW_QUALITY,0.49
2023-12-17,P04,S2B_30NXL_20231217_0_L2A,0.109077,0.018824,-0.168033,0.429244,1.24734,0.2814,0.2256,0.31275,0.0908,980,980,0.0,18.609,GOOD,1.0
2023-12-22,P04,S2A_30NXL_20231222_0_L2A,0.130416,0.0336,-0.191014,0.536946,1.304348,0.252,0.1932,0.2823,0.05855,980,980,0.0,11.902,GOOD,1.0
2023-12-27,P04,S2B_30NXL_20231227_0_L2A,0.133008,0.035598,-0.127612,0.685439,1.313029,0.3104,0.2364,0.3049,0.044,980,980,0.0,37.871,GOOD,1.0
2024-01-01,P04,S2A_30NXL_20240101_0_L2A,0.096013,0.033703,-0.182845,0.435532,1.216868,0.2626,0.2158,0.3124,0.0867,908,980,0.0735,28.38,GOOD,1.0
2024-01-06,P04,S2B_30NXL_20240106_0_L2A,0.037392,0.042475,-0.068398,0.598546,1.076495,0.1548,0.1438,0.16555,0.0406,198,980,0.798,28.68,ACCEPTABLE,0.92
2024-01-11,P04,S2A_30NXL_20240111_0_L2A,0.033887,0.025597,-0.038132,0.604149,1.075826,0.1433,0.1332,0.14225,0.0321,24,980,0.9755,40.221,LOW_QUALITY,0.49
2024-01-21,P04,S2A_30NXL_20240121_0_L2A,0.039755,0.029196,-0.170097,0.260581,1.073153,0.1511,0.1408,0.20055,0.0797,90,980,0.9082,18.529,LOW_QUALITY,0.64
2024-01-26,P04,S2B_30NXL_20240126_0_L2A,0.01126,0.032435,-0.154402,0.290617,1.034014,0.152,0.147,0.1969,0.0821,306,980,0.6878,22.868,ACCEPTABLE,0.92
2024-03-16,P04,S2B_30NXL_20240316_0_L2A,0.086691,0.049104,-0.177882,0.352108,1.205589,0.302,0.2505,0.36205,0.1187,272,980,0.7224,50.599,ACCEPTABLE,0.92
2024-03-31,P04,S2A_30NXL_20240331_0_L2A,0.102627,0.044127,-0.151644,0.51104,1.232258,0.2674,0.217,0.2958,0.0712,980,980,0.0,13.264,GOOD,1.0
2024-04-20,P04,S2A_30NXL_20240420_0_L2A,0.092136,0.059116,-0.097059,0.566206,1.210271,0.3488,0.2882,0.35275,0.07905,184,980,0.8122,26.124,ACCEPTABLE,0.92
2024-04-30,P04,S2A_30NXL_20240430_0_L2A,0.085001,0.048282,-0.137553,0.48812,1.193144,0.362,0.3034,0.40125,0.1054,438,980,0.5531,35.833,ACCEPTABLE,0.92
2024-05-15,P04,S2B_30NXL_20240515_0_L2A,0.099868,0.050198,-0.112677,0.636727,1.225252,0.2921,0.2384,0.30105,0.05355,236,980,0.7592,65.782,ACCEPTABLE,0.92
2024-05-30,P04,S2A_30NXL_20240530_0_L2A,0.037638,0.076407,-0.157327,-0.026702,1.077087,0.2026,0.1881,0.2597,0.1906,12,980,0.9878,39.195,LOW_QUALITY,0.37
2024-06-09,P04,S2A_30NXL_20240609_0_L2A,-0.026254,0.032092,-0.267519,-0.051869,0.959763,0.1455,0.1516,0.2672,0.1656,362,980,0.6306,66.363,ACCEPTABLE,0.92
2024-06-19,P04,S2A_30NXL_20240619_0_L2A,0.090963,0.04106,-0.068256,0.630761,1.204287,0.3596,0.2986,0.34575,0.0681,332,980,0.6612,69.692,ACCEPTABLE,0.92
2024-06-24,P04,S2B_30NXL_20240624_0_L2A,-0.044858,0.026848,-0.224233,0.06411,0.92663,0.1364,0.1472,0.235,0.127,52,980,0.9469,78.137,LOW_QUALITY,0.64
2024-07-04,P04,S2B_30NXL_20240704_0_L2A,0.09167,0.055073,-0.106098,0.736697,1.207278,0.3052,0.2528,0.3352,0.0352,174,980,0.8224,56.425,ACCEPTABLE,0.92
2024-07-24,P04,S2B_30NXL_20240724_0_L2A,0.069024,0.049032,-0.088329,0.681224,1.147549,0.2341,0.204,0.2503,0.0398,358,980,0.6347,62.283,ACCEPTABLE,0.92
2024-10-22,P04,S2B_30NXL_20241022_0_L2A,0.113676,0.045604,-0.050031,0.825495,1.258824,0.3852,0.306,0.338,0.0296,926,980,0.0551,42.884,GOOD,1.0
2024-10-27,P04,S2A_30NXL_20241027_0_L2A,0.115699,0.045164,-0.067617,0.799008,1.264165,0.3436,0.2718,0.3104,0.0304,980,980,0.0,34.203,GOOD,1.0
2024-11-06,P04,S2A_30NXL_20241106_0_L2A,0.115163,0.034407,-0.124206,0.682902,1.264993,0.3628,0.2868,0.3698,0.05195,564,980,0.4245,18.815,GOOD,1.0
2024-11-16,P04,S2A_30NXL_20241116_0_L2A,0.123502,0.036023,-0.111479,0.744623,1.286107,0.374,0.2908,0.3634,0.0426,878,980,0.1041,29.225,GOOD,1.0
2024-11-21,P04,S2B_30NXL_20241121_0_L2A,0.049608,0.045083,-0.184928,0.345557,1.089482,0.2082,0.1911,0.2957,0.0909,82,980,0.9163,23.098,LOW_QUALITY,0.64
2024-11-26,P04,S2A_30NXL_20241126_0_L2A,0.010375,0.032243,-0.277541,-0.163633,0.977186,0.1542,0.1578,0.29325,0.2166,54,980,0.9449,21.713,LOW_QUALITY,0.64
2024-12-01,P04,S2B_30NXL_20241201_0_L2A,0.12179,0.031982,-0.163111,0.5646,1.283348,0.2944,0.2294,0.3168,0.0642,980,980,0.0,3.047,GOOD,1.0
2024-12-11,P04,S2B_30NXL_20241211_0_L2A,0.132414,0.056388,-0.195827,0.559977,1.311612,0.314,0.2394,0.3584,0.06165,728,980,0.2571,23.314,GOOD,1.0
2024-12-16,P04,S2A_30NXL_20241216_0_L2A,0.147363,0.044401,-0.17468,0.669752,1.355442,0.3188,0.2352,0.3355,0.04665,980,980,0.0,14.901,GOOD,1.0
2024-12-21,P04,S2B_30NXL_20241221_0_L2A,0.140929,0.032845,-0.209507,0.524063,1.333004,0.2698,0.2024,0.3078,0.0635,980,980,0.0,11.854,GOOD,1.0
2024-12-26,P04,S2A_30NXL_20241226_0_L2A,0.105353,0.033336,-0.218533,0.392833,1.238942,0.2577,0.208,0.324,0.09095,920,980,0.0612,23.518,GOOD,1.0
2024-12-31,P04,S2B_30NXL_20241231_0_L2A,0.003737,0.036699,-0.259196,0.035013,1.010115,0.1498,0.1483,0.2443,0.1329,62,980,0.9367,25.268,LOW_QUALITY,0.64
2025-01-05,P04,S2A_30NXL_20250105_0_L2A,0.081892,0.034626,-0.238753,0.27876,1.187197,0.2448,0.2062,0.3348,0.1178,804,980,0.1796,18.19,GOOD,1.0
2025-01-10,P04,S2B_30NXL_20250110_0_L2A,-0.026556,0.025314,-0.335139,-0.080638,0.953638,0.1625,0.1704,0.3424,0.20265,40,980,0.9592,27.152,LOW_QUALITY,0.64
2025-01-15,P04,S2A_30NXL_20250115_0_L2A,0.037519,0.018699,-0.259367,-0.201605,1.081026,0.2108,0.195,0.3456,0.3079,384,980,0.6082,36.913,ACCEPTABLE,0.92
2025-01-20,P04,S2B_30NXL_20250120_0_L2A,0.002612,0.049315,-0.186674,0.167176,0.983911,0.159,0.1616,0.2181,0.09095,80,980,0.9184,38.062,LOW_QUALITY,0.64
2025-01-25,P04,S2C_30NXL_20250125_0_L2A,0.080219,0.130026,-0.185551,1.0,1.158621,0.1176,0.1015,0.1459,-0.0181,342,980,0.651,28.067,LOW_QUALITY,0.68
2025-01-30,P04,S2B_30NXL_20250130_0_L2A,0.135301,0.045889,-0.147365,0.629934,1.312187,0.3144,0.2396,0.32255,0.0536,968,980,0.0122,16.806,GOOD,1.0
2025-02-04,P04,S2C_30NXL_20250204_0_L2A,0.219742,0.054887,-0.290534,1.0,1.577365,0.1784,0.1131,0.205,-0.0286,980,980,0.0,19.553,GOOD,1.0
2025-02-24,P04,S2C_30NXL_20250224_0_L2A,0.122951,0.110266,-0.280092,1.0,1.3,0.091,0.07,0.1331,-0.0223,898,980,0.0837,84.898,ACCEPTABLE,0.88
2025-03-01,P04,S2B_30NXL_20250301_0_L2A,0.017286,0.037925,-0.089192,0.683069,1.039813,0.3552,0.3416,0.41005,0.0651,96,980,0.902,31.297,LOW_QUALITY,0.64
2025-03-06,P04,S2C_30NXL_20250306_0_L2A,0.157479,0.065943,-0.086578,1.0,1.381132,0.2196,0.159,0.1905,-0.03705,980,980,0.0,41.977,ACCEPTABLE,0.88
2025-03-26,P04,S2C_30NXL_20250326_0_L2A,0.097854,0.0435,-0.077184,0.657159,1.218447,0.4016,0.3296,0.3863,0.0681,866,980,0.1163,67.538,GOOD,1.0
2025-03-28,P04,S2A_30NXL_20250328_0_L2A,0.10308,0.050511,-0.093904,0.626159,1.235172,0.3582,0.29,0.3537,0.066,608,980,0.3796,29.383,GOOD,1.0
2025-04-05,P04,S2C_30NXL_20250405_0_L2A,0.099125,0.04524,-0.137151,0.463018,1.221418,0.3376,0.2764,0.36945,0.10125,876,980,0.1061,17.448,GOOD,1.0
2025-04-10,P04,S2B_30NXL_20250410_0_L2A,0.092928,0.034892,-0.271729,0.253887,1.229615,0.2458,0.1999,0.35125,0.1134,14,980,0.9857,87.545,LOW_QUALITY,0.49
2025-04-20,P04,S2B_30NXL_20250420_0_L2A,0.083989,0.066588,-0.094198,0.5812,1.186856,0.3684,0.3104,0.3816,0.0829,190,980,0.8061,71.727,ACCEPTABLE,0.8
2025-04-25,P04,S2C_30NXL_20250425_0_L2A,0.094116,0.043911,-0.061905,0.711165,1.212379,0.3996,0.3296,0.37485,0.0565,266,980,0.7286,43.675,ACCEPTABLE,0.92
2025-05-07,P04,S2A_30NXL_20250507_0_L2A,0.082618,0.057363,-0.069702,0.59816,1.186577,0.3536,0.298,0.3484,0.0743,560,980,0.4286,64.64,GOOD,1.0
2025-05-15,P04,S2C_30NXL_20250515_0_L2A,0.104478,0.042881,-0.074035,0.748124,1.234825,0.4028,0.3262,0.37975,0.0468,236,980,0.7592,68.866,ACCEPTABLE,0.92
2025-05-25,P04,S2C_30NXL_20250525_0_L2A,0.081106,0.043979,-0.187212,0.369507,1.180036,0.1986,0.1683,0.2524,0.08175,808,980,0.1755,72.206,GOOD,1.0
2025-05-27,P04,S2A_30NXL_20250527_0_L2A,0.07546,0.0421,-0.141882,0.483732,1.169333,0.3508,0.3,0.402,0.1075,560,980,0.4286,46.123,GOOD,1.0
2025-05-30,P04,S2B_30NXL_20250530_0_L2A,-0.040167,0.037515,-0.268006,0.006864,0.930529,0.146,0.1569,0.26675,0.1505,102,980,0.8959,39.469,LOW_QUALITY,0.64
2025-06-19,P04,S2B_30NXL_20250619_0_L2A,0.102017,0.032093,-0.063618,0.779359,1.230568,0.3768,0.3062,0.3516,0.0375,568,980,0.4204,52.036,GOOD,1.0
2025-07-14,P04,S2C_30NXL_20250714_0_L2A,0.124384,0.030179,-0.157807,0.698406,1.276795,0.3824,0.2995,0.4112,0.0532,98,980,0.9,18.895,LOW_QUALITY,0.64
2025-07-29,P04,S2B_30NXL_20250729_0_L2A,0.110601,0.0641,-0.144935,0.766202,1.258236,0.3552,0.2823,0.3796,0.03785,200,980,0.7959,64.231,ACCEPTABLE,0.8
2025-10-07,P04,S2B_30NXL_20251007_0_L2A,0.110177,0.025529,-0.109196,0.651592,1.249037,0.3566,0.2855,0.37575,0.0571,200,980,0.7959,43.413,ACCEPTABLE,0.92
2025-10-12,P04,S2C_30NXL_20251012_0_L2A,0.109824,0.057396,-0.101624,0.618491,1.241402,0.3718,0.2995,0.3764,0.0694,710,980,0.2755,39.788,GOOD,1.0
2025-10-14,P04,S2A_30NXL_20251014_0_L2A,0.106851,0.029125,-0.050795,0.775829,1.242063,0.3756,0.3024,0.3356,0.0382,256,980,0.7388,68.535,ACCEPTABLE,0.92
2025-11-01,P04,S2C_30NXL_20251101_0_L2A,0.119737,0.037609,-0.072039,0.754822,1.275942,0.332,0.2602,0.3007,0.0372,980,980,0.0,35.857,GOOD,1.0
2025-11-03,P04,S2A_30NXL_20251103_0_L2A,0.110273,0.039143,-0.090117,0.719519,1.23682,0.2909,0.2352,0.2891,0.03735,320,980,0.6735,24.459,ACCEPTABLE,0.92
2025-11-16,P04,S2B_30NXL_20251116_0_L2A,0.092308,0.042613,-0.138459,0.57093,1.211757,0.3628,0.2994,0.3974,0.0814,182,980,0.8143,30.453,ACCEPTABLE,0.92
2025-11-21,P04,S2C_30NXL_20251121_0_L2A,0.106024,0.047934,-0.119198,0.60702,1.239213,0.3906,0.3152,0.3974,0.0762,222,980,0.7735,39.119,ACCEPTABLE,0.92
2025-11-23,P04,S2A_30NXL_20251123_1_L2A,0.118572,0.041575,-0.11045,0.687186,1.272349,0.3672,0.2886,0.3612,0.0537,980,980,0.0,71.659,GOOD,1.0
2025-12-03,P04,S2A_30NXL_20251203_0_L2A,0.1275,0.045708,-0.106517,0.733791,1.297583,0.3436,0.2648,0.3268,0.0416,980,980,0.0,37.233,GOOD,1.0
2025-12-16,P04,S2B_30NXL_20251216_0_L2A,0.131405,0.043525,-0.141521,0.671478,1.309341,0.3238,0.2473,0.3284,0.0491,646,980,0.3408,61.214,GOOD,1.0
2025-12-31,P04,S2C_30NXL_20251231_0_L2A,-0.016222,0.062768,-0.284095,0.200595,0.958699,0.1474,0.15375,0.2486,0.08405,28,980,0.9714,35.124,LOW_QUALITY,0.37
2026-01-05,P04,S2B_30NXL_20260105_0_L2A,0.129083,0.04476,-0.121758,0.764872,1.29912,0.3544,0.2728,0.3487,0.03565,624,980,0.3633,29.008,GOOD,1.0
2026-01-25,P04,S2B_30NXL_20260125_0_L2A,0.164075,0.040663,-0.24059,0.543181,1.400294,0.2858,0.2041,0.3332,0.0611,980,980,0.0,4.027,GOOD,1.0
2026-01-30,P04,S2C_30NXL_20260130_0_L2A,0.127406,0.041215,-0.207591,0.326773,1.30584,0.2549,0.1952,0.3028,0.0913,892,980,0.0898,59.688,GOOD,1.0
2026-02-04,P04,S2B_30NXL_20260204_0_L2A,0.033461,0.020022,-0.177873,0.394036,1.079617,0.2312,0.21415,0.3079,0.094,894,980,0.0878,66.506,GOOD,1.0
2026-02-09,P04,S2C_30NXL_20260209_0_L2A,0.005579,0.042573,-0.112084,0.169166,1.006013,0.1422,0.14135,0.17395,0.1104,114,980,0.8837,30.902,LOW_QUALITY,0.64
2026-02-19,P04,S2C_30NXL_20260219_0_L2A,0.078277,0.014193,-0.225294,0.16999,1.174005,0.2773,0.2362,0.373,0.16905,980,980,0.0,72.496,GOOD,1.0
2026-03-13,P04,S2A_30NXL_20260313_0_L2A,0.133755,0.004996,-0.139364,0.752353,1.310263,0.35875,0.2738,0.36115,0.0395,86,980,0.9122,24.151,LOW_QUALITY,0.64
2026-03-21,P04,S2C_30NXL_20260321_0_L2A,-0.042436,0.054058,-0.304732,0.008435,0.920431,0.1579,0.17155,0.3667,0.15015,12,980,0.9878,31.943,LOW_QUALITY,0.49
2026-03-26,P04,S2B_30NXL_20260326_0_L2A,0.113073,0.044198,-0.143328,0.694995,1.256227,0.38585,0.30715,0.40915,0.0557,246,980,0.749,25.585,ACCEPTABLE,0.92
2026-03-31,P04,S2C_30NXL_20260331_0_L2A,0.104518,0.040744,-0.127614,0.583469,1.237711,0.3223,0.2604,0.33805,0.0688,980,980,0.0,15.864,GOOD,1.0
2026-04-02,P04,S2A_30NXL_20260402_0_L2A,0.099277,0.064869,-0.139704,0.534526,1.226498,0.349,0.28455,0.38195,0.0861,142,980,0.8551,56.502,LOW_QUALITY,0.52
2026-04-05,P04,S2B_30NXL_20260405_0_L2A,-0.006918,0.031751,-0.319594,-0.104656,0.984095,0.1485,0.1509,0.2932,0.1801,446,980,0.5449,79.407,ACCEPTABLE,0.92
2026-04-10,P04,S2C_30NXL_20260410_0_L2A,0.106176,0.048851,-0.057592,0.707595,1.243006,0.34655,0.2788,0.31625,0.0488,952,980,0.0286,19.98,GOOD,1.0
2026-04-15,P04,S2B_30NXL_20260415_0_L2A,0.109503,0.050703,-0.151772,0.584477,1.249338,0.2831,0.2266,0.3093,0.0594,980,980,0.0,6.38,GOOD,1.0
2026-04-22,P04,S2A_30NXL_20260422_0_L2A,0.092779,0.049317,-0.15365,0.476787,1.211632,0.2854,0.23555,0.32755,0.0787,692,980,0.2939,18.105,GOOD,1.0
2026-04-30,P04,S2C_30NXL_20260430_0_L2A,0.119407,0.048874,-0.132962,0.631122,1.274967,0.2898,0.2273,0.2987,0.0517,912,980,0.0694,5.442,GOOD,1.0
2026-05-30,P04,S2C_30NXL_20260530_0_L2A,0.05317,0.054453,-0.175361,0.307933,1.040415,0.33595,0.3229,0.43045,0.1592,188,980,0.8082,20.629,ACCEPTABLE,0.92
2026-06-01,P04,S2A_30NXL_20260601_0_L2A,0.100486,0.076648,-0.099398,0.614655,1.22595,0.3307,0.26975,0.33405,0.0652,82,980,0.9163,69.091,LOW_QUALITY,0.52
2026-09-02,P04,S2B_30NXL_20260902_0_L2A,0.116709,0.06949,-0.134355,0.57867,1.266566,0.3364,0.2656,0.3486,0.071,330,980,0.6633,62.305,ACCEPTABLE,0.8
2017-01-07,P05,S2A_30NXL_20170107_0_L2A,-0.023981,0.008611,-0.262147,0.010352,0.946633,0.149,0.1574,0.264,0.1531,28,828,0.9662,23.008,LOW_QUALITY,0.49
2017-01-27,P05,S2A_30NXL_20170127_0_L2A,0.051965,0.034397,-0.269036,-0.171237,1.198648,0.2305,0.1923,0.383,0.25,158,828,0.8092,13.445,ACCEPTABLE,0.92
2017-02-06,P05,S2A_30NXL_20170206_0_L2A,-0.01418,0.022079,-0.330027,-0.121116,0.977591,0.1396,0.1428,0.2844,0.18,91,828,0.8901,18.868,LOW_QUALITY,0.64
2017-02-16,P05,S2A_30NXL_20170216_0_L2A,-0.031396,0.011584,-0.225541,0.005322,0.932115,0.1428,0.1532,0.2442,0.151,21,828,0.9746,30.154,LOW_QUALITY,0.49
2017-03-08,P05,S2A_30NXL_20170308_0_L2A,0.019507,0.057045,-0.287582,0.044834,1.046512,0.1485,0.1419,0.2328,0.1286,144,828,0.8261,16.484,ACCEPTABLE,0.72
2017-03-18,P05,S2A_30NXL_20170318_0_L2A,0.015003,0.045899,-0.32944,-0.062754,1.02086,0.1566,0.1534,0.3058,0.1694,82,828,0.901,55.25,LOW_QUALITY,0.64
2017-03-28,P05,S2A_30NXL_20170328_0_L2A,0.02557,0.02031,-0.061809,0.162861,1.055021,0.1534,0.1454,0.1638,0.0996,317,828,0.6171,16.766,ACCEPTABLE,0.92
2017-04-07,P05,S2A_30NXL_20170407_0_L2A,0.008433,0.048322,-0.354554,-0.000773,1.016414,0.161,0.1584,0.3303,0.1568,68,828,0.9179,94.975,LOW_QUALITY,0.64
2017-04-17,P05,S2A_30NXL_20170417_0_L2A,0.050031,0.029515,-0.132044,0.327083,1.103387,0.1238,0.1122,0.1473,0.0573,562,828,0.3213,13.69,GOOD,1.0
2017-07-11,P05,S2B_30NXL_20170711_0_L2A,0.11753,0.032728,0.025008,0.693321,1.274453,0.2215,0.1738,0.1669,0.0308,738,828,0.1087,10.295,GOOD,1.0
2017-07-21,P05,S2B_30NXL_20170721_0_L2A,-0.019839,0.043832,0.06,0.621524,0.962785,0.1604,0.1666,0.1488,0.04305,614,828,0.2585,37.383,GOOD,1.0
2017-08-20,P05,S2B_30NXL_20170820_0_L2A,0.116455,0.065182,0.089195,0.713946,1.272339,0.2677,0.2104,0.1766,0.0342,616,828,0.256,19.154,ACCEPTABLE,0.88
2017-10-09,P05,S2B_30NXL_20171009_0_L2A,0.119209,0.048955,0.047146,0.625179,1.278708,0.2138,0.1672,0.1556,0.0395,693,828,0.163,28.443,GOOD,1.0
2017-10-24,P05,S2A_30NXL_20171024_0_L2A,0.058589,0.045967,0.061684,0.540864,1.10723,0.1807,0.1632,0.1735,0.05095,460,828,0.4444,26.802,GOOD,1.0
2017-10-29,P05,S2B_30NXL_20171029_0_L2A,0.082818,0.073276,-0.061718,0.502579,1.153803,0.2078,0.1801,0.2313,0.06,158,828,0.8092,45.094,ACCEPTABLE,0.8
2017-11-03,P05,S2A_30NXL_20171103_0_L2A,0.04197,0.028008,0.057673,0.434351,1.085714,0.1444,0.133,0.123,0.0531,398,828,0.5193,17.962,ACCEPTABLE,0.92
2017-11-08,P05,S2B_30NXL_20171108_0_L2A,0.021434,0.033444,-0.076799,0.220986,1.067241,0.1238,0.116,0.1396,0.0753,827,828,0.0012,16.765,GOOD,1.0
2017-11-13,P05,S2A_30NXL_20171113_0_L2A,0.125589,0.043848,0.065894,0.683951,1.289912,0.2634,0.2042,0.1792,0.0382,613,828,0.2597,17.355,GOOD,1.0
2017-11-28,P05,S2B_30NXL_20171128_0_L2A,0.043352,0.022596,0.071676,0.546247,1.090588,0.0927,0.085,0.07355,0.025,450,828,0.4565,16.465,GOOD,1.0
2017-12-03,P05,S2A_30NXL_20171203_0_L2A,0.136933,0.052781,0.011685,0.676206,1.319959,0.2566,0.1944,0.1976,0.0341,665,828,0.1969,27.847,GOOD,1.0
2017-12-18,P05,S2B_30NXL_20171218_0_L2A,-0.027091,0.054373,-0.468226,-0.204884,0.945516,0.09805,0.1037,0.277,0.1497,128,828,0.8454,21.186,ACCEPTABLE,0.72
2017-12-28,P05,S2B_30NXL_20171228_1_L2A,0.034712,0.011723,-0.187134,0.154234,1.068868,0.2266,0.212,0.3078,0.1562,99,828,0.8804,30.237,LOW_QUALITY,0.64
2018-01-02,P05,S2A_30NXL_20180102_1_L2A,0.124181,0.027994,-0.18907,0.026501,1.290828,0.2308,0.1788,0.2584,0.1644,828,828,0.0,6.359,GOOD,1.0
2018-01-12,P05,S2A_30NXL_20180112_0_L2A,0.092086,0.033588,-0.092481,0.227593,1.189175,0.2219,0.1866,0.2242,0.10105,754,828,0.0894,23.652,GOOD,1.0
2018-01-17,P05,S2B_30NXL_20180117_0_L2A,0.109606,0.03223,-0.147929,0.176371,1.246066,0.1742,0.1398,0.1882,0.0961,717,828,0.1341,1.186,GOOD,1.0
2018-01-22,P05,S2A_30NXL_20180122_0_L2A,0.068164,0.02619,-0.028595,0.238097,1.150119,0.1448,0.1259,0.132,0.0752,384,828,0.5362,11.396,ACCEPTABLE,0.92
2018-01-27,P05,S2B_30NXL_20180127_0_L2A,-0.015838,0.016193,-0.31076,-0.116502,0.973648,0.1404,0.1442,0.2726,0.1831,56,828,0.9324,42.232,LOW_QUALITY,0.64
2018-02-01,P05,S2A_30NXL_20180201_0_L2A,-0.005377,0.020882,-0.198519,0.04397,0.996664,0.1494,0.1499,0.2153,0.13845,114,828,0.8623,9.7,LOW_QUALITY,0.64
2018-03-03,P05,S2A_30NXL_20180303_1_L2A,0.049414,0.049517,0.012417,0.407419,1.027132,0.1325,0.129,0.1403,0.0513,522,828,0.3696,29.263,GOOD,1.0
2018-03-08,P05,S2B_30NXL_20180308_1_L2A,0.104796,0.060934,0.0388,0.658377,1.240053,0.374,0.3016,0.2773,0.0629,187,828,0.7742,45.801,ACCEPTABLE,0.8
2018-03-18,P05,S2B_30NXL_20180318_0_L2A,0.032821,0.056074,-0.135616,0.227673,1.083808,0.2664,0.2458,0.3302,0.1521,76,828,0.9082,81.316,LOW_QUALITY,0.64
2018-04-12,P05,S2A_30NXL_20180412_0_L2A,0.023761,0.058013,-0.37061,-0.02203,1.015299,0.146,0.1438,0.3174,0.1527,33,828,0.9601,35.035,LOW_QUALITY,0.49
2018-04-17,P05,S2B_30NXL_20180417_0_L2A,-0.035979,0.038805,-0.221617,0.020868,0.941559,0.145,0.154,0.2424,0.1487,48,828,0.942,29.374,LOW_QUALITY,0.64
2018-04-22,P05,S2A_30NXL_20180422_0_L2A,0.114102,0.054022,-0.034297,0.629041,1.268345,0.3526,0.278,0.2956,0.0624,305,828,0.6316,42.749,ACCEPTABLE,0.92
2018-04-27,P05,S2B_30NXL_20180427_0_L2A,0.122807,0.055797,-0.053609,0.628805,1.286778,0.2764,0.2148,0.2412,0.0489,269,828,0.6751,12.821,ACCEPTABLE,0.92
2018-05-07,P05,S2B_30NXL_20180507_0_L2A,0.029372,0.038267,-0.160057,0.172691,1.049849,0.139,0.1324,0.1908,0.0937,231,828,0.721,41.493,ACCEPTABLE,0.92
2018-05-12,P05,S2A_30NXL_20180512_0_L2A,0.019791,0.065694,-0.353042,-0.08433,1.059471,0.1443,0.1362,0.2913,0.1637,152,828,0.8164,18.959,ACCEPTABLE,0.8
2018-05-22,P05,S2A_30NXL_20180522_0_L2A,0.102813,0.06916,-0.137085,0.241277,1.219653,0.211,0.173,0.2158,0.0953,167,828,0.7983,58.457,ACCEPTABLE,0.8
2018-07-11,P05,S2A_30NXL_20180711_0_L2A,-0.008014,0.014291,-0.057639,0.306174,0.990164,0.151,0.1525,0.178,0.0818,44,828,0.9469,46.398,LOW_QUALITY,0.64
2018-07-26,P05,S2B_30NXL_20180726_1_L2A,0.0439,0.037654,-0.11569,0.302189,1.120989,0.2585,0.2306,0.2898,0.1166,132,828,0.8406,80.903,ACCEPTABLE,0.72
2018-07-31,P05,S2A_30NXL_20180731_0_L2A,-0.001544,0.034154,0.111111,0.557912,1.007107,0.0992,0.0985,0.0781,0.0274,523,828,0.3684,21.109,GOOD,1.0
2018-08-05,P05,S2B_30NXL_20180805_0_L2A,0.031477,0.052948,-0.18457,-0.119648,1.034731,0.1728,0.167,0.261,0.236,47,828,0.9432,11.265,LOW_QUALITY,0.64
2018-09-09,P05,S2A_30NXL_20180909_0_L2A,-0.016784,0.021155,-0.315351,-0.131666,0.953409,0.1678,0.176,0.3316,0.2173,25,828,0.9698,54.243,LOW_QUALITY,0.49
2018-09-14,P05,S2B_30NXL_20180914_0_L2A,0.101161,0.085313,0.078207,0.63453,1.237559,0.286,0.2311,0.2026,0.0523,344,828,0.5845,37.564,ACCEPTABLE,0.8
2018-09-19,P05,S2A_30NXL_20180919_0_L2A,-0.017361,0.026619,-0.078947,0.278027,0.955665,0.1164,0.1218,0.1422,0.0704,167,828,0.7983,56.062,ACCEPTABLE,0.92
2018-09-29,P05,S2A_30NXL_20180929_0_L2A,0.030341,0.03226,0.060503,0.448997,1.053152,0.1704,0.1618,0.1484,0.0643,159,828,0.808,48.211,ACCEPTABLE,0.92
2018-10-19,P05,S2A_30NXL_20181019_1_L2A,0.11767,0.038754,0.12088,0.640202,1.274178,0.2714,0.213,0.1742,0.0497,650,828,0.215,28.861,GOOD,1.0
2018-11-03,P05,S2B_30NXL_20181103_0_L2A,0.111755,0.062444,0.106786,0.749698,1.257332,0.2658,0.2114,0.1726,0.0303,675,828,0.1848,26.263,ACCEPTABLE,0.88
2018-11-18,P05,S2A_30NXL_20181118_0_L2A,0.120385,0.050322,0.0767,0.743967,1.280037,0.277,0.2164,0.189,0.0262,707,828,0.1461,34.131,GOOD,1.0
2018-11-23,P05,S2B_30NXL_20181123_0_L2A,0.10996,0.060491,0.044481,0.695153,1.255929,0.2542,0.2024,0.1886,0.03785,828,828,0.0,15.289,ACCEPTABLE,0.88
2018-11-28,P05,S2A_30NXL_20181128_0_L2A,-0.033147,0.028403,-0.043399,0.208242,0.94368,0.1508,0.1598,0.1745,0.1021,246,828,0.7029,31.081,ACCEPTABLE,0.92
2018-12-03,P05,S2B_30NXL_20181203_0_L2A,0.098924,0.060986,-0.001908,0.630283,1.202055,0.2106,0.1752,0.205,0.0407,459,828,0.4457,53.329,ACCEPTABLE,0.88
2018-12-08,P05,S2A_30NXL_20181208_0_L2A,-0.011488,0.034122,-0.366334,-0.038917,0.933433,0.1248,0.1337,0.2969,0.1526,34,828,0.9589,42.294,LOW_QUALITY,0.49
2018-12-13,P05,S2B_30NXL_20181213_0_L2A,0.04624,0.044954,-0.166601,0.242385,1.092756,0.2474,0.2264,0.312,0.132,795,828,0.0399,47.433,GOOD,1.0
2018-12-18,P05,S2A_30NXL_20181218_0_L2A,0.038972,0.038769,0.014169,0.49114,1.084685,0.1204,0.111,0.10605,0.0383,770,828,0.07,59.577,GOOD,1.0
2018-12-23,P05,S2B_30NXL_20181223_0_L2A,0.073301,0.039149,-0.121782,0.260457,1.168306,0.2138,0.183,0.2373,0.1021,742,828,0.1039,17.421,GOOD,1.0
2018-12-28,P05,S2A_30NXL_20181228_0_L2A,-0.011892,0.015365,-0.335809,-0.031977,0.975415,0.1468,0.1505,0.3,0.1601,82,828,0.901,0.899,LOW_QUALITY,0.64
2019-01-02,P05,S2B_30NXL_20190102_0_L2A,0.069356,0.032403,-0.102544,0.288782,1.151867,0.2283,0.1982,0.2438,0.1092,828,828,0.0,13.712,GOOD,1.0
2019-01-17,P05,S2A_30NXL_20190117_0_L2A,0.087094,0.037461,-0.269296,0.007657,1.203451,0.1674,0.1391,0.25055,0.1396,140,828,0.8309,68.665,ACCEPTABLE,0.72
2019-01-22,P05,S2B_30NXL_20190122_0_L2A,0.005978,0.061177,-0.45275,-0.176658,1.014419,0.1196,0.1179,0.2948,0.1715,120,828,0.8551,54.717,LOW_QUALITY,0.52
2019-02-11,P05,S2B_30NXL_20190211_0_L2A,-0.017385,0.041977,-0.38826,-0.102564,0.971743,0.1238,0.1274,0.2808,0.1577,113,828,0.8635,24.13,LOW_QUALITY,0.64
2019-02-16,P05,S2A_30NXL_20190216_0_L2A,-0.026582,0.018481,-0.343284,-0.070684,0.94834,0.1542,0.1626,0.3272,0.1848,35,828,0.9577,23.371,LOW_QUALITY,0.49
2019-02-26,P05,S2A_30NXL_20190226_0_L2A,0.076164,0.029994,-0.083616,0.330918,1.158657,0.3038,0.2622,0.3062,0.1294,825,828,0.0036,8.851,GOOD,1.0
2019-03-08,P05,S2A_30NXL_20190308_0_L2A,-0.003831,0.05663,-0.394041,-0.103508,0.969957,0.1356,0.1398,0.302,0.1727,85,828,0.8973,38.327,LOW_QUALITY,0.64
2019-03-13,P05,S2B_30NXL_20190313_0_L2A,0.007531,0.051552,-0.39618,-0.077343,1.016321,0.137,0.1348,0.32415,0.1668,110,828,0.8671,26.539,LOW_QUALITY,0.64
2019-03-28,P05,S2A_30NXL_20190328_0_L2A,0.041096,0.032087,-0.070787,0.230266,1.083736,0.1346,0.1242,0.1433,0.0752,220,828,0.7343,45.833,ACCEPTABLE,0.92
2019-04-02,P05,S2B_30NXL_20190402_1_L2A,0.096595,0.041656,-0.061686,0.417524,1.224299,0.3144,0.2568,0.2928,0.1068,363,828,0.5616,24.795,ACCEPTABLE,0.92
2019-04-22,P05,S2B_30NXL_20190422_1_L2A,0.054376,0.028128,-0.124275,0.358117,1.119875,0.2868,0.2561,0.334,0.1184,572,828,0.3092,24.391,GOOD,1.0
2019-05-02,P05,S2B_30NXL_20190502_0_L2A,0.099734,0.057381,-0.052075,0.589241,1.216679,0.3195,0.2626,0.2955,0.07155,822,828,0.0072,62.479,GOOD,1.0
2019-05-17,P05,S2A_30NXL_20190517_0_L2A,0.048788,0.03043,-0.206944,0.201831,1.124644,0.1579,0.1404,0.215,0.0905,48,828,0.942,21.514,LOW_QUALITY,0.64
2019-06-06,P05,S2A_30NXL_20190606_0_L2A,0.035074,0.046403,-0.253619,0.097803,1.072485,0.145,0.1352,0.2244,0.1061,119,828,0.8563,64.719,LOW_QUALITY,0.64
2019-06-21,P05,S2B_30NXL_20190621_0_L2A,-0.030356,0.008243,0.056772,0.579568,0.938691,0.4532,0.4828,0.4308,0.1284,127,828,0.8466,49.755,ACCEPTABLE,0.72
2019-07-01,P05,S2B_30NXL_20190701_0_L2A,-0.012941,0.03066,-0.151016,0.160053,0.972125,0.1674,0.1722,0.2346,0.127,81,828,0.9022,43.407,LOW_QUALITY,0.64
2019-07-21,P05,S2B_30NXL_20190721_0_L2A,0.080402,0.05688,-0.043127,0.362972,1.151153,0.2894,0.2514,0.2638,0.1034,816,828,0.0145,36.68,GOOD,1.0
2019-08-10,P05,S2B_30NXL_20190810_0_L2A,0.017237,0.049898,-0.06821,0.414458,1.085834,0.1556,0.1433,0.1571,0.059,240,828,0.7101,57.384,ACCEPTABLE,0.92
2019-10-29,P05,S2B_30NXL_20191029_0_L2A,0.120831,0.069103,0.116657,0.751297,1.280188,0.2449,0.1913,0.155,0.02805,828,828,0.0,42.51,ACCEPTABLE,0.88
2019-11-18,P05,S2B_30NXL_20191118_0_L2A,0.060016,0.06139,0.006189,0.479419,1.096823,0.145,0.1322,0.1541,0.0479,803,828,0.0302,13.388,ACCEPTABLE,0.88
2019-11-23,P05,S2A_30NXL_20191123_0_L2A,0.053465,0.048959,-0.142379,0.094451,1.128594,0.2826,0.2504,0.2866,0.161,198,828,0.7609,23.695,ACCEPTABLE,0.92
2019-11-28,P05,S2B_30NXL_20191128_0_L2A,0.105884,0.056258,-0.014398,0.633908,1.23629,0.3066,0.248,0.27225,0.0524,486,828,0.413,25.91,GOOD,1.0
2019-12-03,P05,S2A_30NXL_20191203_0_L2A,0.107597,0.057944,-0.037986,0.539617,1.227191,0.2744,0.2236,0.2492,0.0661,557,828,0.3273,22.167,GOOD,1.0
2019-12-08,P05,S2B_30NXL_20191208_0_L2A,0.105273,0.047217,-0.004153,0.631422,1.212766,0.2622,0.2162,0.2265,0.0471,808,828,0.0242,34.935,GOOD,1.0
2019-12-13,P05,S2A_30NXL_20191213_0_L2A,0.105832,0.033275,-0.032958,0.678995,1.245599,0.2972,0.2386,0.2605,0.0459,719,828,0.1316,15.373,GOOD,1.0
2019-12-18,P05,S2B_30NXL_20191218_0_L2A,0.050089,0.032727,-0.017576,0.463284,1.119626,0.1198,0.107,0.1114,0.0392,543,828,0.3442,25.177,GOOD,1.0
2019-12-23,P05,S2A_30NXL_20191223_0_L2A,-0.024141,0.02844,-0.177192,0.148752,0.962756,0.1034,0.1074,0.15155,0.0802,234,828,0.7174,14.994,ACCEPTABLE,0.92
2019-12-28,P05,S2B_30NXL_20191228_1_L2A,0.126012,0.0364,-0.124596,0.522791,1.289559,0.2396,0.1858,0.24335,0.0572,828,828,0.0,4.451,GOOD,1.0
2020-01-02,P05,S2A_30NXL_20200102_1_L2A,0.066079,0.038979,-0.077255,0.428476,1.138743,0.1305,0.1146,0.1373,0.0484,828,828,0.0,36.641,GOOD,1.0
2020-01-07,P05,S2B_30NXL_20200107_0_L2A,0.037688,0.016713,-0.254457,0.076767,1.083333,0.1638,0.1512,0.2566,0.1287,828,828,0.0,0.326,GOOD,1.0
2020-01-12,P05,S2A_30NXL_20200112_1_L2A,0.103095,0.020141,-0.107263,0.325105,1.22945,0.2438,0.1983,0.24945,0.0984,828,828,0.0,5.465,GOOD,1.0
2020-01-17,P05,S2B_30NXL_20200117_0_L2A,0.092895,0.031457,-0.164767,0.264141,1.214286,0.2227,0.1834,0.2566,0.1061,796,828,0.0386,12.158,GOOD,1.0
2020-01-22,P05,S2A_30NXL_20200122_1_L2A,0.086863,0.015105,-0.167341,0.220786,1.183099,0.2856,0.2414,0.3384,0.1562,309,828,0.6268,58.815,ACCEPTABLE,0.92
2020-01-27,P05,S2B_30NXL_20200127_1_L2A,0.197137,0.031522,-0.267626,0.111384,1.507603,0.2082,0.1381,0.2416,0.1113,828,828,0.0,7.911,GOOD,1.0
2020-02-01,P05,S2A_30NXL_20200201_0_L2A,0.091563,0.032585,-0.103359,0.305819,1.203065,0.2512,0.2088,0.2602,0.1065,827,828,0.0012,22.851,GOOD,1.0
2020-02-06,P05,S2B_30NXL_20200206_0_L2A,-0.01791,0.022899,-0.314898,-0.143816,0.991281,0.1478,0.1491,0.2958,0.20195,22,828,0.9734,13.937,LOW_QUALITY,0.49
2020-02-16,P05,S2B_30NXL_20200216_1_L2A,0.042137,0.017704,-0.196265,0.04988,1.084948,0.2184,0.2013,0.2998,0.176,828,828,0.0,22.854,GOOD,1.0
2020-02-21,P05,S2A_30NXL_20200221_1_L2A,0.038962,0.017764,-0.152313,0.097111,1.079838,0.2394,0.2217,0.3052,0.1804,828,828,0.0,53.293,GOOD,1.0
2020-02-26,P05,S2B_30NXL_20200226_1_L2A,0.027074,0.030284,-0.13564,0.196385,1.05157,0.2712,0.2579,0.3548,0.1667,170,828,0.7947,51.905,ACCEPTABLE,0.92
2020-03-12,P05,S2A_30NXL_20200312_0_L2A,0.023333,0.037526,-0.01861,0.381429,1.054726,0.1484,0.1407,0.1547,0.0594,420,828,0.4928,26.004,GOOD,1.0
2020-03-22,P05,S2A_30NXL_20200322_0_L2A,0.000363,0.027459,-0.131863,0.146173,1.020349,0.1404,0.1376,0.17625,0.09935,90,828,0.8913,21.559,LOW_QUALITY,0.64
2020-03-27,P05,S2B_30NXL_20200327_1_L2A,0.1018,0.037834,-0.050758,0.616023,1.230117,0.348,0.2829,0.3152,0.0679,786,828,0.0507,59.318,GOOD,1.0
2020-04-21,P05,S2A_30NXL_20200421_0_L2A,0.111293,0.027343,-0.11818,0.588652,1.258079,0.2764,0.2197,0.28095,0.0565,828,828,0.0,11.798,GOOD,1.0
2020-05-21,P05,S2A_30NXL_20200521_0_L2A,0.008864,0.036761,-0.337878,0.048645,0.972554,0.163,0.1676,0.3364,0.1442,35,828,0.9577,53.844,LOW_QUALITY,0.49
2020-05-26,P05,S2B_30NXL_20200526_0_L2A,0.118062,0.060194,-0.059234,0.674556,1.279896,0.2954,0.2308,0.2647,0.04015,828,828,0.0,16.032,ACCEPTABLE,0.88
2020-05-31,P05,S2A_30NXL_20200531_1_L2A,0.130115,0.029534,-0.02526,0.668265,1.306467,0.2707,0.2072,0.221,0.0423,828,828,0.0,37.262,GOOD,1.0
2020-06-05,P05,S2B_30NXL_20200605_0_L2A,-0.005267,0.069505,-0.352332,-0.065492,0.97554,0.1356,0.139,0.2832,0.1472,107,828,0.8708,34.414,LOW_QUALITY,0.52
2020-06-15,P05,S2B_30NXL_20200615_0_L2A,0.035961,0.055529,-0.003019,0.548774,1.068475,0.1654,0.1548,0.173,0.0552,219,828,0.7355,38.611,ACCEPTABLE,0.92
2020-07-15,P05,S2B_30NXL_20200715_0_L2A,0.108832,0.039887,-0.007018,0.646396,1.251295,0.1932,0.1544,0.157,0.032,759,828,0.0833,53.654,GOOD,1.0
2020-07-25,P05,S2B_30NXL_20200725_0_L2A,0.037159,0.033875,-0.151708,0.260274,1.06258,0.1664,0.1566,0.2604,0.0965,203,828,0.7548,14.168,ACCEPTABLE,0.92
2020-08-04,P05,S2B_30NXL_20200804_1_L2A,0.138614,0.046689,-0.083618,0.679877,1.328996,0.286,0.2152,0.2574,0.0412,828,828,0.0,22.958,GOOD,1.0
2020-08-09,P05,S2A_30NXL_20200809_1_L2A,0.135267,0.036193,-0.082838,0.696,1.318292,0.3272,0.2482,0.2938,0.0447,601,828,0.2742,24.522,GOOD,1.0
2020-08-24,P05,S2B_30NXL_20200824_0_L2A,0.025985,0.0441,-0.232112,-0.074003,1.082077,0.2584,0.2388,0.3852,0.24735,828,828,0.0,40.728,GOOD,1.0
2020-08-29,P05,S2A_30NXL_20200829_0_L2A,0.036424,0.05416,-0.202791,-0.030298,1.025414,0.1856,0.181,0.2833,0.1762,32,828,0.9614,85.334,LOW_QUALITY,0.49
2020-10-08,P05,S2A_30NXL_20201008_0_L2A,0.006887,0.040495,-0.253872,0.067914,1.015906,0.1469,0.1446,0.2317,0.1139,56,828,0.9324,79.776,LOW_QUALITY,0.64
2020-10-13,P05,S2B_30NXL_20201013_0_L2A,-0.018295,0.025852,-0.078608,0.157097,0.963141,0.2404,0.2496,0.3088,0.1873,307,828,0.6292,58.487,ACCEPTABLE,0.92
2020-10-18,P05,S2A_30NXL_20201018_0_L2A,0.09286,0.059276,-0.020725,0.654102,1.197607,0.3303,0.2758,0.31785,0.0623,120,828,0.8551,44.839,LOW_QUALITY,0.64
2020-10-23,P05,S2B_30NXL_20201023_0_L2A,0.024963,0.054972,-0.093355,0.379164,1.078779,0.152,0.1409,0.1694,0.0618,178,828,0.785,33.053,ACCEPTABLE,0.92
2020-11-02,P05,S2B_30NXL_20201102_0_L2A,0.059987,0.048404,-0.159156,0.247417,1.127907,0.2619,0.2322,0.3175,0.1326,664,828,0.1981,53.939,GOOD,1.0
2020-11-07,P05,S2A_30NXL_20201107_0_L2A,0.091259,0.0478,-0.087161,0.538058,1.17598,0.282,0.2398,0.305,0.0684,785,828,0.0519,35.073,GOOD,1.0
2020-11-12,P05,S2B_30NXL_20201112_0_L2A,0.107894,0.05824,-0.045491,0.618215,1.237525,0.372,0.3006,0.3293,0.0699,224,828,0.7295,23.193,ACCEPTABLE,0.92
2020-11-17,P05,S2A_30NXL_20201117_0_L2A,0.011962,0.038673,-0.09583,0.236612,1.021591,0.1798,0.176,0.2234,0.1017,615,828,0.2572,35.081,GOOD,1.0
2020-12-02,P05,S2B_30NXL_20201202_0_L2A,0.121981,0.057969,-0.097177,0.720054,1.288149,0.3174,0.2464,0.3044,0.0378,533,828,0.3563,27.427,GOOD,1.0
2020-12-07,P05,S2A_30NXL_20201207_0_L2A,0.110526,0.04185,-0.053506,0.656866,1.250191,0.3278,0.2622,0.2944,0.05555,824,828,0.0048,20.764,GOOD,1.0
2020-12-12,P05,S2B_30NXL_20201212_0_L2A,-0.001045,0.030398,-0.075884,0.215642,0.995906,0.0973,0.0977,0.1147,0.0596,409,828,0.506,19.335,ACCEPTABLE,0.92
2020-12-17,P05,S2A_30NXL_20201217_0_L2A,-0.07138,0.022108,-0.182796,0.163408,0.879952,0.1466,0.1666,0.2312,0.1174,23,828,0.9722,32.496,LOW_QUALITY,0.49
2020-12-27,P05,S2A_30NXL_20201227_0_L2A,0.140632,0.053446,-0.173516,0.467077,1.339243,0.2266,0.1692,0.2525,0.0526,827,828,0.0012,16.174,GOOD,1.0
2021-01-11,P05,S2B_30NXL_20210111_0_L2A,0.059147,0.081235,-0.081109,0.48368,1.090909,0.156,0.143,0.2802,0.0497,221,828,0.7331,20.453,ACCEPTABLE,0.8
2021-01-21,P05,S2B_30NXL_20210121_0_L2A,0.022122,0.02656,-0.239543,-0.185511,1.049046,0.231,0.2202,0.3589,0.3434,40,828,0.9517,24.34,LOW_QUALITY,0.64
2021-01-26,P05,S2A_30NXL_20210126_1_L2A,0.135981,0.018752,-0.230718,0.157127,1.322071,0.2426,0.1835,0.2924,0.13525,828,828,0.0,4.276,GOOD,1.0
2021-01-31,P05,S2B_30NXL_20210131_0_L2A,-0.032616,0.016144,-0.368637,-0.123207,0.918075,0.1412,0.1538,0.3292,0.1966,23,828,0.9722,19.979,LOW_QUALITY,0.49
2021-02-20,P05,S2B_30NXL_20210220_0_L2A,0.034601,0.035583,-0.094933,0.2882,1.090016,0.1332,0.1222,0.14535,0.0632,586,828,0.2923,17.773,GOOD,1.0
2021-02-25,P05,S2A_30NXL_20210225_0_L2A,0.071534,0.026762,-0.180018,0.211612,1.154815,0.2566,0.2222,0.321,0.1438,764,828,0.0773,25.971,GOOD,1.0
2021-03-12,P05,S2B_30NXL_20210312_0_L2A,-0.020226,0.053167,-0.365271,-0.185933,0.933165,0.148,0.1586,0.3417,0.2273,46,828,0.9444,55.373,LOW_QUALITY,0.64
2021-04-06,P05,S2A_30NXL_20210406_0_L2A,-0.017664,0.02775,-0.254787,0.055237,0.980051,0.1523,0.1554,0.2523,0.1297,36,828,0.9565,27.649,LOW_QUALITY,0.49
2021-04-11,P05,S2B_30NXL_20210411_0_L2A,0.009392,0.032099,-0.055176,0.352134,1.027624,0.093,0.0905,0.1002,0.0435,339,828,0.5906,10.844,ACCEPTABLE,0.92
2021-04-16,P05,S2A_30NXL_20210416_0_L2A,0.086551,0.076359,-0.13363,-0.125801,1.305981,0.2817,0.2157,0.3146,0.365,22,828,0.9734,33.798,LOW_QUALITY,0.37
2021-04-26,P05,S2A_30NXL_20210426_0_L2A,0.137693,0.03137,-0.107722,0.601507,1.319116,0.3464,0.2626,0.331,0.0653,828,828,0.0,15.969,GOOD,1.0
2021-05-01,P05,S2B_30NXL_20210501_1_L2A,0.103901,0.04718,-0.129298,0.4393,1.229096,0.3616,0.2942,0.3808,0.1137,736,828,0.1111,71.858,GOOD,1.0
2021-05-11,P05,S2B_30NXL_20210511_0_L2A,-0.001081,0.06252,-0.221661,0.019712,0.982921,0.1669,0.1698,0.27965,0.16505,138,828,0.8333,16.089,ACCEPTABLE,0.6
2021-05-21,P05,S2B_30NXL_20210521_0_L2A,-0.045648,0.050719,-0.381794,-0.042033,0.934924,0.1724,0.1844,0.4008,0.1994,37,828,0.9553,43.731,LOW_QUALITY,0.49
2021-05-26,P05,S2A_30NXL_20210526_1_L2A,0.088638,0.032735,-0.029961,0.616747,1.197051,0.3572,0.2984,0.3208,0.0705,787,828,0.0495,32.972,GOOD,1.0
2021-06-10,P05,S2B_30NXL_20210610_3_L2A,0.10961,0.049915,0.1209,0.74359,1.245466,0.412,0.3308,0.2646,0.0489,693,828,0.163,81.937,GOOD,1.0
2021-07-05,P05,S2A_30NXL_20210705_1_L2A,0.108454,0.051489,-0.064365,0.497587,1.250239,0.2618,0.2094,0.25195,0.0713,278,828,0.6643,40.106,ACCEPTABLE,0.92
2021-07-25,P05,S2A_30NXL_20210725_0_L2A,0.08883,0.05609,-0.016601,0.588389,1.189803,0.1937,0.1628,0.1954,0.0428,826,828,0.0024,22.482,GOOD,1.0
2021-08-14,P05,S2A_30NXL_20210814_0_L2A,0.011707,0.029071,-0.132743,0.233131,1.042636,0.1614,0.1548,0.2003,0.0934,785,828,0.0519,24.376,GOOD,1.0
2021-08-19,P05,S2B_30NXL_20210819_0_L2A,0.010588,0.035209,-0.078698,0.288581,1.049622,0.1946,0.1854,0.2126,0.0914,349,828,0.5785,48.552,ACCEPTABLE,0.92
2021-09-18,P05,S2B_30NXL_20210918_0_L2A,0.120886,0.043766,0.025726,0.625721,1.280189,0.3244,0.2534,0.2432,0.05925,828,828,0.0,64.364,GOOD,1.0
2021-10-03,P05,S2A_30NXL_20211003_1_L2A,0.103143,0.041507,-0.018797,0.572734,1.231056,0.3964,0.322,0.3379,0.0886,211,828,0.7452,57.898,ACCEPTABLE,0.92
2021-10-28,P05,S2B_30NXL_20211028_0_L2A,0.085594,0.060559,-0.060529,0.420195,1.174321,0.3375,0.2874,0.3207,0.1107,828,828,0.0,42.656,ACCEPTABLE,0.88
2021-11-07,P05,S2B_30NXL_20211107_0_L2A,0.041762,0.052284,-0.250327,-0.026511,1.096528,0.1295,0.1181,0.1994,0.1127,240,828,0.7101,68.868,ACCEPTABLE,0.92
2021-11-27,P05,S2B_30NXL_20211127_1_L2A,0.118844,0.044089,0.002492,0.728615,1.274242,0.3364,0.264,0.26695,0.04165,828,828,0.0,50.002,GOOD,1.0
2021-12-02,P05,S2A_30NXL_20211202_0_L2A,0.020077,0.033661,0.030835,0.560318,1.034068,0.1032,0.0998,0.0962,0.0299,786,828,0.0507,25.313,GOOD,1.0
2021-12-07,P05,S2B_30NXL_20211207_0_L2A,0.117591,0.055296,-0.13742,0.421811,1.2306,0.2791,0.2268,0.2946,0.0849,828,828,0.0,27.629,GOOD,1.0
2021-12-12,P05,S2A_30NXL_20211212_1_L2A,0.097489,0.026924,-0.171434,0.370729,1.217174,0.2438,0.2003,0.2876,0.0934,828,828,0.0,33.924,GOOD,1.0
2021-12-17,P05,S2B_30NXL_20211217_1_L2A,0.104631,0.048111,-0.158484,0.402307,1.248768,0.3042,0.2436,0.3516,0.105,139,828,0.8321,77.173,ACCEPTABLE,0.72
2021-12-22,P05,S2A_30NXL_20211222_0_L2A,0.135201,0.025707,-0.140191,0.430716,1.315043,0.278,0.2114,0.2845,0.0829,828,828,0.0,14.592,GOOD,1.0
2021-12-27,P05,S2B_30NXL_20211227_0_L2A,0.043207,0.036738,-0.112667,0.341423,1.101472,0.1422,0.1291,0.168,0.0629,514,828,0.3792,46.802,GOOD,1.0
2022-01-06,P05,S2B_30NXL_20220106_0_L2A,0.066194,0.043162,-0.181221,0.290147,1.127371,0.1664,0.1476,0.2406,0.08095,828,828,0.0,12.48,GOOD,1.0
2022-01-21,P05,S2A_30NXL_20220121_0_L2A,0.128801,0.026346,-0.170582,0.256936,1.294748,0.2416,0.1866,0.26685,0.1061,828,828,0.0,4.467,GOOD,1.0
2022-01-26,P05,S2B_30NXL_20220126_0_L2A,0.159065,0.038003,-0.204738,0.227433,1.377347,0.2347,0.1704,0.263,0.1051,828,828,0.0,0.819,GOOD,1.0
2022-01-31,P05,S2A_30NXL_20220131_0_L2A,0.092561,0.035139,-0.172053,0.172946,1.184649,0.2701,0.228,0.322,0.1509,800,828,0.0338,22.698,GOOD,1.0
2022-02-05,P05,S2B_30NXL_20220205_0_L2A,0.055091,0.042267,-0.220418,0.03311,1.132585,0.2221,0.1961,0.316,0.1689,174,828,0.7899,31.506,ACCEPTABLE,0.92
2022-02-10,P05,S2A_30NXL_20220210_0_L2A,0.026275,0.073627,-0.516084,0.051672,1.069364,0.074,0.0692,0.222,0.0624,17,828,0.9795,23.776,LOW_QUALITY,0.37
2022-02-25,P05,S2B_30NXL_20220225_0_L2A,0.058824,0.026332,-0.110807,0.319759,1.121637,0.1918,0.171,0.2226,0.0876,225,828,0.7283,44.602,ACCEPTABLE,0.92
2022-03-02,P05,S2A_30NXL_20220302_0_L2A,0.104345,0.02904,-0.110174,0.214532,1.228145,0.2304,0.1876,0.2566,0.1152,705,828,0.1486,77.38,GOOD,1.0
2022-03-07,P05,S2B_30NXL_20220307_0_L2A,0.110695,0.044236,-0.123888,0.427477,1.251267,0.2963,0.2368,0.3095,0.09705,524,828,0.3671,39.942,GOOD,1.0
2022-05-16,P05,S2B_30NXL_20220516_0_L2A,-0.046973,0.053604,-0.391568,-0.005952,0.886682,0.1518,0.1712,0.3936,0.1832,19,828,0.9771,84.027,LOW_QUALITY,0.49
2022-07-10,P05,S2A_30NXL_20220710_0_L2A,0.021898,0.013828,-0.061758,0.213169,1.05034,0.1544,0.147,0.162,0.0956,33,828,0.9601,38.17,LOW_QUALITY,0.49
2022-08-04,P05,S2B_30NXL_20220804_0_L2A,-0.029271,0.048096,-0.250969,0.05656,0.940334,0.1576,0.1676,0.2788,0.1526,33,828,0.9601,41.356,LOW_QUALITY,0.49
2022-10-08,P05,S2A_30NXL_20221008_0_L2A,0.11072,0.025639,0.016956,0.722755,1.25493,0.3564,0.284,0.2764,0.0464,828,828,0.0,32.537,GOOD,1.0
2022-10-13,P05,S2B_30NXL_20221013_0_L2A,0.032929,0.036355,-0.13883,0.157303,1.093257,0.1524,0.1394,0.1886,0.0964,33,828,0.9601,45.076,LOW_QUALITY,0.49
2022-10-23,P05,S2B_30NXL_20221023_0_L2A,0.008064,0.026382,-0.220466,0.068096,1.073419,0.1579,0.1471,0.215,0.12235,24,828,0.971,73.995,LOW_QUALITY,0.49
2022-10-28,P05,S2A_30NXL_20221028_0_L2A,0.147046,0.075729,0.048743,1.0,1.345618,0.2702,0.2008,0.1867,-0.0466,760,828,0.0821,29.526,ACCEPTABLE,0.88
2022-11-02,P05,S2B_30NXL_20221102_0_L2A,0.059512,0.058296,-0.117875,0.403316,1.151866,0.3087,0.268,0.34295,0.1163,24,828,0.971,44.098,LOW_QUALITY,0.49
2022-11-17,P05,S2A_30NXL_20221117_0_L2A,0.031022,0.013426,-0.018031,0.531444,1.065574,0.117,0.1098,0.1136,0.0336,83,828,0.8998,36.253,LOW_QUALITY,0.64
2022-11-22,P05,S2B_30NXL_20221122_0_L2A,0.121034,0.039988,-0.058495,0.743269,1.28156,0.3614,0.282,0.3216,0.04195,828,828,0.0,32.064,GOOD,1.0
2022-11-27,P05,S2A_30NXL_20221127_0_L2A,0.121985,0.037545,-0.037776,0.720225,1.28203,0.3082,0.2404,0.2633,0.0407,828,828,0.0,42.91,GOOD,1.0
2022-12-17,P05,S2A_30NXL_20221217_0_L2A,0.09415,0.0359,-0.063519,0.666421,1.207453,0.3888,0.322,0.3692,0.0655,331,828,0.6002,62.676,ACCEPTABLE,0.92
2022-12-27,P05,S2A_30NXL_20221227_0_L2A,0.110503,0.033144,-0.17533,0.399284,1.227043,0.2432,0.1982,0.28415,0.07985,828,828,0.0,0.404,GOOD,1.0
2023-01-01,P05,S2B_30NXL_20230101_0_L2A,0.10499,0.026979,-0.16665,0.424046,1.235572,0.2612,0.2114,0.29765,0.08525,828,828,0.0,0.143,GOOD,1.0
2023-01-06,P05,S2A_30NXL_20230106_0_L2A,0.106815,0.023094,-0.215284,0.175491,1.248077,0.2596,0.208,0.3206,0.1451,730,828,0.1184,62.232,GOOD,1.0
2023-01-11,P05,S2B_30NXL_20230111_0_L2A,0.095396,0.033604,-0.167101,0.298017,1.196429,0.2546,0.2128,0.305,0.11095,828,828,0.0,20.614,GOOD,1.0
2023-01-16,P05,S2A_30NXL_20230116_0_L2A,0.095877,0.028669,-0.190252,0.26172,1.215434,0.2268,0.1866,0.278,0.108,828,828,0.0,16.014,GOOD,1.0
2023-01-26,P05,S2A_30NXL_20230126_0_L2A,0.029292,0.036034,-0.089649,0.324312,1.06528,0.1485,0.1394,0.1753,0.0714,156,828,0.8116,21.085,ACCEPTABLE,0.92
2023-01-31,P05,S2B_30NXL_20230131_0_L2A,0.116422,0.042911,-0.122007,0.459209,1.26742,0.2692,0.2124,0.2797,0.07865,816,828,0.0145,31.894,GOOD,1.0
2023-02-15,P05,S2A_30NXL_20230215_0_L2A,0.103825,0.033384,-0.324942,0.054349,1.245203,0.1168,0.0938,0.1829,0.0731,24,828,0.971,81.83,LOW_QUALITY,0.49
2023-04-01,P05,S2B_30NXL_20230401_1_L2A,0.017112,0.060892,-0.383101,0.029089,1.017699,0.161,0.1582,0.3492,0.1525,71,828,0.9143,29.453,LOW_QUALITY,0.52
2023-04-06,P05,S2A_30NXL_20230406_0_L2A,0.079364,0.024732,-0.069496,0.545578,1.176,0.3528,0.3,0.3472,0.0887,798,828,0.0362,23.013,GOOD,1.0
2023-04-11,P05,S2B_30NXL_20230411_0_L2A,0.012505,0.022434,-0.082082,0.325736,1.033691,0.135,0.1306,0.15285,0.0671,210,828,0.7464,19.559,ACCEPTABLE,0.92
2023-04-16,P05,S2A_30NXL_20230416_0_L2A,0.07752,0.021372,-0.138276,0.458758,1.167951,0.3032,0.2596,0.3468,0.0945,242,828,0.7077,59.382,ACCEPTABLE,0.92
2023-04-21,P05,S2B_30NXL_20230421_0_L2A,0.103981,0.03969,-0.142688,0.558344,1.237095,0.2828,0.2286,0.306,0.06525,828,828,0.0,6.069,GOOD,1.0
2023-05-06,P05,S2A_30NXL_20230506_0_L2A,0.11018,0.031433,-0.052779,0.751842,1.250873,0.358,0.2862,0.3237,0.0399,605,828,0.2693,32.469,GOOD,1.0
2023-05-16,P05,S2A_30NXL_20230516_0_L2A,0.111647,0.031015,-0.113351,0.562915,1.25448,0.28,0.2232,0.283,0.0622,828,828,0.0,30.65,GOOD,1.0
2023-05-26,P05,S2A_30NXL_20230526_0_L2A,-0.042877,0.044948,-0.278355,-0.0316,0.901619,0.1448,0.1606,0.2941,0.1759,119,828,0.8563,42.622,LOW_QUALITY,0.64
2023-06-30,P05,S2B_30NXL_20230630_0_L2A,0.107772,0.04035,-0.060501,0.728312,1.233635,0.245,0.1986,0.2564,0.0312,257,828,0.6896,21.653,ACCEPTABLE,0.92
2023-09-08,P05,S2B_30NXL_20230908_0_L2A,-0.07186,0.038137,-0.106989,0.213055,0.874556,0.1478,0.169,0.2176,0.1073,21,828,0.9746,47.799,LOW_QUALITY,0.49
2023-10-18,P05,S2B_30NXL_20231018_0_L2A,0.046803,0.046066,-0.162093,0.102769,1.092988,0.2868,0.2624,0.34,0.1854,479,828,0.4215,26.532,GOOD,1.0
2023-11-12,P05,S2A_30NXL_20231112_0_L2A,0.125499,0.050437,-0.072602,0.709329,1.287051,0.33,0.2564,0.30135,0.04465,828,828,0.0,25.495,GOOD,1.0
2023-12-02,P05,S2A_30NXL_20231202_0_L2A,0.120729,0.036564,-0.070034,0.729961,1.27322,0.3756,0.295,0.34235,0.0468,428,828,0.4831,44.173,GOOD,1.0
2023-12-12,P05,S2A_30NXL_20231212_0_L2A,0.129688,0.041324,-0.117205,0.74503,1.303606,0.3362,0.2579,0.33285,0.0395,828,828,0.0,48.449,GOOD,1.0
2023-12-17,P05,S2B_30NXL_20231217_0_L2A,0.105542,0.025426,-0.177328,0.409692,1.23964,0.2752,0.222,0.31625,0.09295,828,828,0.0,18.609,GOOD,1.0
2023-12-22,P05,S2A_30NXL_20231222_0_L2A,0.11811,0.029981,-0.175349,0.506611,1.274889,0.2574,0.2019,0.29125,0.06715,828,828,0.0,11.902,GOOD,1.0
2024-01-01,P05,S2A_30NXL_20240101_0_L2A,0.043093,0.041753,-0.380857,0.031039,1.090268,0.1546,0.1418,0.2795,0.1228,25,828,0.9698,28.38,LOW_QUALITY,0.49
2024-01-06,P05,S2B_30NXL_20240106_0_L2A,0.074578,0.074534,-0.233271,0.183603,1.125252,0.2228,0.198,0.3536,0.1068,97,828,0.8829,28.68,LOW_QUALITY,0.52
2024-01-11,P05,S2A_30NXL_20240111_0_L2A,0.062369,0.028602,-0.010909,0.706333,1.125894,0.1574,0.1398,0.1465,0.0245,223,828,0.7307,40.221,ACCEPTABLE,0.92
2024-01-16,P05,S2B_30NXL_20240116_0_L2A,0.074,0.034088,-0.242827,0.07668,1.194165,0.2374,0.1988,0.3208,0.1513,805,828,0.0278,77.388,GOOD,1.0
2024-01-21,P05,S2A_30NXL_20240121_0_L2A,-0.033263,0.020084,-0.209754,0.086164,0.937884,0.1374,0.1465,0.22615,0.1235,12,828,0.9855,18.529,LOW_QUALITY,0.49
2024-01-26,P05,S2B_30NXL_20240126_0_L2A,0.090405,0.032834,-0.214548,0.318982,1.202087,0.2534,0.2108,0.33,0.1098,828,828,0.0,22.868,GOOD,1.0
2024-01-31,P05,S2A_30NXL_20240131_0_L2A,0.134082,0.019508,-0.260403,0.112063,1.308943,0.2254,0.1722,0.2924,0.13805,828,828,0.0,5.135,GOOD,1.0
2024-02-10,P05,S2A_30NXL_20240210_0_L2A,0.023765,0.016424,-0.195192,0.152956,1.043945,0.2138,0.2048,0.3089,0.1531,532,828,0.3575,16.078,GOOD,1.0
2024-03-16,P05,S2B_30NXL_20240316_0_L2A,0.097326,0.03885,-0.137629,0.465415,1.218907,0.2901,0.238,0.3193,0.08555,828,828,0.0,50.599,GOOD,1.0
2024-03-21,P05,S2A_30NXL_20240321_0_L2A,0.013194,0.018221,-0.282287,-0.153312,1.053719,0.1785,0.1694,0.3658,0.237,38,828,0.9541,15.597,LOW_QUALITY,0.49
2024-03-31,P05,S2A_30NXL_20240331_0_L2A,0.090385,0.039031,-0.158982,0.409574,1.202773,0.2776,0.2308,0.3245,0.0966,747,828,0.0978,13.264,GOOD,1.0
2024-04-05,P05,S2B_30NXL_20240405_0_L2A,-0.001998,0.054698,-0.413246,0.073378,0.959718,0.1906,0.1986,0.4492,0.1726,29,828,0.965,55.968,LOW_QUALITY,0.49
2024-04-10,P05,S2A_30NXL_20240410_0_L2A,0.09391,0.037602,-0.109389,0.497833,1.195138,0.354,0.2962,0.3668,0.0985,787,828,0.0495,60.341,GOOD,1.0
2024-04-15,P05,S2B_30NXL_20240415_0_L2A,-0.036473,0.02199,0.104067,0.39197,0.925762,0.419,0.4526,0.36945,0.2004,52,828,0.9372,45.916,LOW_QUALITY,0.64
2024-04-20,P05,S2A_30NXL_20240420_0_L2A,0.092735,0.028253,-0.08103,0.549868,1.209464,0.3476,0.2874,0.34125,0.08455,828,828,0.0,26.124,GOOD,1.0
2024-04-30,P05,S2A_30NXL_20240430_0_L2A,0.092398,0.025427,-0.109091,0.512218,1.208361,0.37,0.3062,0.3812,0.0993,801,828,0.0326,35.833,GOOD,1.0
2024-05-15,P05,S2B_30NXL_20240515_0_L2A,0.089383,0.057376,-0.105739,0.592571,1.205924,0.342,0.2836,0.3528,0.0735,386,828,0.5338,65.782,ACCEPTABLE,0.92
2024-05-30,P05,S2A_30NXL_20240530_0_L2A,0.087065,0.036535,-0.113953,0.530178,1.190672,0.3472,0.2916,0.3696,0.08815,398,828,0.5193,39.195,ACCEPTABLE,0.92
2024-08-13,P05,S2B_30NXL_20240813_0_L2A,0.058114,0.024307,-0.095609,0.649667,1.128857,0.2488,0.2204,0.2656,0.0481,41,828,0.9505,94.945,LOW_QUALITY,0.64
2024-09-07,P05,S2A_30NXL_20240907_1_L2A,-0.021773,0.034539,-0.130844,0.291124,0.937003,0.1532,0.1635,0.2119,0.0878,34,828,0.9589,55.319,LOW_QUALITY,0.49
2024-10-27,P05,S2A_30NXL_20241027_0_L2A,0.11458,0.063919,-0.086906,0.721928,1.258778,0.3872,0.3076,0.3671,0.0505,45,828,0.9457,34.203,LOW_QUALITY,0.52
2024-11-01,P05,S2B_30NXL_20241101_0_L2A,0.091089,0.060093,-0.075648,0.670886,1.207955,0.4252,0.352,0.4128,0.0696,483,828,0.4167,31.541,ACCEPTABLE,0.88
2024-11-06,P05,S2A_30NXL_20241106_0_L2A,0.050032,0.046543,-0.117299,0.501798,1.080263,0.1642,0.152,0.3055,0.0551,79,828,0.9046,18.815,LOW_QUALITY,0.64
2024-11-11,P05,S2B_30NXL_20241111_0_L2A,-0.01803,0.068612,-0.383998,0.056974,0.952684,0.1349,0.1416,0.3384,0.1334,46,828,0.9444,21.539,LOW_QUALITY,0.52
2024-11-16,P05,S2A_30NXL_20241116_0_L2A,0.118889,0.053893,-0.130807,0.663889,1.275981,0.3708,0.2906,0.38605,0.0547,644,828,0.2222,29.225,GOOD,1.0
2024-11-26,P05,S2A_30NXL_20241126_0_L2A,0.035688,0.025408,-0.078943,0.59839,1.077691,0.0971,0.0901,0.1066,0.0226,106,828,0.872,21.713,LOW_QUALITY,0.64
2024-12-01,P05,S2B_30NXL_20241201_0_L2A,0.116648,0.039296,-0.160548,0.469069,1.263065,0.2852,0.2258,0.3144,0.0799,828,828,0.0,3.047,GOOD,1.0
2024-12-11,P05,S2B_30NXL_20241211_0_L2A,0.100769,0.049974,-0.206643,0.320582,1.210762,0.216,0.1784,0.3015,0.0921,347,828,0.5809,23.314,ACCEPTABLE,0.92
2024-12-16,P05,S2A_30NXL_20241216_0_L2A,0.142857,0.047009,-0.170892,0.41965,1.336414,0.2892,0.2164,0.31345,0.0888,828,828,0.0,14.901,GOOD,1.0
2024-12-21,P05,S2B_30NXL_20241221_0_L2A,0.133687,0.045569,-0.197483,0.267902,1.30868,0.2548,0.1947,0.29765,0.1085,828,828,0.0,11.854,GOOD,1.0
2024-12-26,P05,S2A_30NXL_20241226_0_L2A,0.004301,0.020458,-0.316426,-0.062176,0.990753,0.15,0.1514,0.3236,0.1871,52,828,0.9372,23.518,LOW_QUALITY,0.64
2024-12-31,P05,S2B_30NXL_20241231_0_L2A,0.018296,0.008894,-0.177816,-0.155449,1.043998,0.3844,0.3682,0.5278,0.4999,10,828,0.9879,25.268,LOW_QUALITY,0.49
2025-01-05,P05,S2A_30NXL_20250105_0_L2A,0.023641,0.020347,-0.1956,0.107276,1.061728,0.172,0.162,0.2416,0.1252,433,828,0.4771,18.19,GOOD,1.0
2025-01-15,P05,S2A_30NXL_20250115_0_L2A,0.007271,0.009665,-0.130029,0.086105,1.013661,0.1484,0.1464,0.1903,0.1209,18,828,0.9783,36.913,LOW_QUALITY,0.49
2025-01-20,P05,S2B_30NXL_20250120_0_L2A,0.132343,0.049577,-0.225237,0.111414,1.312023,0.2237,0.1705,0.29505,0.1344,828,828,0.0,38.062,GOOD,1.0
2025-01-30,P05,S2B_30NXL_20250130_0_L2A,0.090576,0.046589,-0.202073,-0.131638,1.201299,0.222,0.1848,0.2972,0.2374,250,828,0.6981,16.806,ACCEPTABLE,0.92
2025-02-04,P05,S2C_30NXL_20250204_0_L2A,0.226673,0.062787,-0.300471,0.166772,1.570346,0.1451,0.0924,0.1857,0.0569,828,828,0.0,19.553,ACCEPTABLE,0.88
2025-02-19,P05,S2B_30NXL_20250219_0_L2A,0.12629,0.097209,-0.073244,0.567528,1.28972,0.1932,0.1498,0.199,0.0398,828,828,0.0,34.88,ACCEPTABLE,0.88
2025-03-06,P05,S2C_30NXL_20250306_0_L2A,0.022134,0.067774,-0.537067,-0.298302,1.031142,0.0894,0.0867,0.28435,0.1398,24,828,0.971,41.977,LOW_QUALITY,0.37
2025-03-26,P05,S2C_30NXL_20250326_0_L2A,-0.0037,0.062353,-0.418283,-0.091977,0.971429,0.1632,0.168,0.4248,0.2154,33,828,0.9601,67.538,LOW_QUALITY,0.37
2025-03-28,P05,S2A_30NXL_20250328_0_L2A,0.101068,0.07205,-0.150688,0.41868,1.234238,0.323,0.2617,0.3824,0.1092,228,828,0.7246,29.383,ACCEPTABLE,0.8
2025-04-05,P05,S2C_30NXL_20250405_0_L2A,0.073668,0.061157,-0.099531,0.218295,1.162369,0.2434,0.2094,0.3244,0.1537,97,828,0.8829,17.448,LOW_QUALITY,0.52
2025-04-10,P05,S2B_30NXL_20250410_0_L2A,0.100591,0.030701,-0.203489,0.383812,1.225704,0.2699,0.2202,0.33445,0.0974,672,828,0.1884,87.545,GOOD,1.0
2025-05-05,P05,S2C_30NXL_20250505_0_L2A,0.059188,0.05625,-0.147488,0.362535,1.146224,0.2869,0.2503,0.3388,0.1157,180,828,0.7826,38.277,ACCEPTABLE,0.92
2025-05-07,P05,S2A_30NXL_20250507_0_L2A,-0.070201,0.061173,-0.419904,-0.06512,0.819374,0.1624,0.1982,0.4769,0.1656,13,828,0.9843,64.64,LOW_QUALITY,0.37
2025-05-27,P05,S2A_30NXL_20250527_0_L2A,0.076495,0.053949,-0.206937,0.322911,1.146581,0.2683,0.234,0.42085,0.1252,66,828,0.9203,46.123,LOW_QUALITY,0.64
2025-06-06,P05,S2A_30NXL_20250606_0_L2A,0.072655,0.048551,-0.071739,0.66033,1.129477,0.205,0.1815,0.237,0.044,346,828,0.5821,25.867,ACCEPTABLE,0.92
2025-07-14,P05,S2C_30NXL_20250714_0_L2A,0.133144,0.052049,-0.145285,0.715208,1.31763,0.3692,0.2802,0.3859,0.0438,345,828,0.5833,18.895,ACCEPTABLE,0.92
2025-07-29,P05,S2B_30NXL_20250729_0_L2A,0.061727,0.03356,-0.207916,0.142519,1.150472,0.1705,0.1482,0.2036,0.09555,218,828,0.7367,64.231,ACCEPTABLE,0.92
2025-09-04,P05,S2A_30NXL_20250904_0_L2A,0.023056,0.05554,-0.217921,0.353434,1.017978,0.1812,0.178,0.2605,0.0732,91,828,0.8901,54.881,LOW_QUALITY,0.64
2025-10-04,P05,S2A_30NXL_20251004_0_L2A,-0.142658,0.064309,-0.044875,0.26528,0.691643,0.288,0.4164,0.4328,0.2332,17,828,0.9795,54.237,LOW_QUALITY,0.37
2025-10-12,P05,S2C_30NXL_20251012_0_L2A,0.106818,0.0509,-0.062587,0.696299,1.243697,0.37,0.2975,0.3404,0.0542,626,828,0.244,39.788,GOOD,1.0
2025-10-17,P05,S2B_30NXL_20251017_0_L2A,-0.036598,0.043768,-0.217682,-0.017313,0.935197,0.1472,0.1574,0.245,0.1645,72,828,0.913,41.249,LOW_QUALITY,0.64
2025-10-22,P05,S2C_30NXL_20251022_0_L2A,0.10709,0.052181,-0.084995,0.697936,1.241183,0.4364,0.3516,0.4213,0.0627,105,828,0.8732,45.389,LOW_QUALITY,0.64
2025-11-01,P05,S2C_30NXL_20251101_0_L2A,0.116279,0.067345,-0.075843,0.729862,1.267176,0.332,0.262,0.3272,0.038,402,828,0.5145,35.857,ACCEPTABLE,0.8
2025-11-03,P05,S2A_30NXL_20251103_0_L2A,0.105441,0.055634,-0.089757,0.680708,1.242034,0.3664,0.295,0.3565,0.0563,183,828,0.779,24.459,ACCEPTABLE,0.92
2025-11-16,P05,S2B_30NXL_20251116_0_L2A,0.002302,0.051664,-0.336606,0.052371,0.993769,0.1276,0.1284,0.2654,0.1093,39,828,0.9529,30.453,LOW_QUALITY,0.49
2025-11-21,P05,S2C_30NXL_20251121_0_L2A,0.048744,0.094148,-0.28764,0.204886,1.052362,0.1849,0.1757,0.34435,0.0984,132,828,0.8406,39.119,ACCEPTABLE,0.6
2025-12-03,P05,S2A_30NXL_20251203_0_L2A,0.005968,0.03459,-0.009804,0.341115,1.010638,0.114,0.1128,0.1216,0.0557,371,828,0.5519,37.233,ACCEPTABLE,0.92
2025-12-06,P05,S2B_30NXL_20251206_0_L2A,0.11039,0.041856,-0.098723,0.62613,1.25349,0.3412,0.2722,0.3339,0.0645,601,828,0.2742,44.554,GOOD,1.0
2025-12-16,P05,S2B_30NXL_20251216_0_L2A,0.121752,0.046305,-0.124781,0.66184,1.279813,0.3284,0.2566,0.3352,0.05355,828,828,0.0,61.214,GOOD,1.0
2025-12-21,P05,S2C_30NXL_20251221_0_L2A,0.111035,0.042393,-0.169351,0.461564,1.253076,0.2852,0.2276,0.3276,0.0858,757,828,0.0857,43.779,GOOD,1.0
2025-12-23,P05,S2A_30NXL_20251223_0_L2A,0.046632,0.018532,-0.041112,0.528757,1.096203,0.0866,0.079,0.0856,0.0247,83,828,0.8998,29.91,LOW_QUALITY,0.64
2026-01-25,P05,S2B_30NXL_20260125_0_L2A,0.176215,0.049327,-0.231955,0.399048,1.435314,0.2585,0.1801,0.29515,0.074,828,828,0.0,4.027,GOOD,1.0
2026-01-30,P05,S2C_30NXL_20260130_0_L2A,0.071299,0.049604,-0.511836,-0.111626,1.117102,0.1326,0.1187,0.35335,0.1556,62,828,0.9251,59.688,LOW_QUALITY,0.64
2026-02-19,P05,S2C_30NXL_20260219_0_L2A,0.064193,0.0177,-0.213015,0.167679,1.14314,0.2887,0.25255,0.39295,0.1795,450,828,0.4565,72.496,GOOD,1.0
2026-03-01,P05,S2C_30NXL_20260301_0_L2A,0.066799,0.048597,-0.102669,0.461878,1.145074,0.4207,0.3674,0.4553,0.1346,373,828,0.5495,54.895,ACCEPTABLE,0.92
2026-03-06,P05,S2B_30NXL_20260306_0_L2A,0.140788,0.055284,-0.187432,0.482696,1.333477,0.3105,0.23285,0.35285,0.0748,574,828,0.3068,16.229,GOOD,1.0
2026-03-13,P05,S2A_30NXL_20260313_0_L2A,-0.037875,0.085277,-0.285975,0.164631,0.923077,0.114,0.1235,0.2212,0.0879,23,828,0.9722,24.151,LOW_QUALITY,0.37
2026-03-21,P05,S2C_30NXL_20260321_0_L2A,0.091603,0.06834,-0.141453,0.543947,1.195218,0.3049,0.2551,0.3673,0.078,445,828,0.4626,31.943,ACCEPTABLE,0.88
2026-03-26,P05,S2B_30NXL_20260326_0_L2A,0.11905,0.057715,-0.152369,0.598261,1.273837,0.334,0.2622,0.35995,0.0662,456,828,0.4493,25.585,GOOD,1.0
2026-03-31,P05,S2C_30NXL_20260331_0_L2A,0.016082,0.071087,-0.360331,-0.023939,1.037771,0.1676,0.1615,0.3401,0.1723,135,828,0.837,15.864,ACCEPTABLE,0.6
2026-04-02,P05,S2A_30NXL_20260402_0_L2A,0.108318,0.041853,-0.105448,0.557798,1.248827,0.34605,0.2771,0.34485,0.0795,828,828,0.0,56.502,GOOD,1.0
2026-04-05,P05,S2B_30NXL_20260405_0_L2A,0.023486,0.061567,-0.326006,0.128581,0.991718,0.1916,0.1932,0.3777,0.1321,78,828,0.9058,79.407,LOW_QUALITY,0.52
2026-04-10,P05,S2C_30NXL_20260410_0_L2A,0.096446,0.053576,-0.078039,0.59006,1.22018,0.3652,0.2993,0.3574,0.0777,828,828,0.0,19.98,GOOD,1.0
2026-04-12,P05,S2A_30NXL_20260412_0_L2A,0.054817,0.040575,-0.167038,0.307091,1.046484,0.2634,0.2517,0.3843,0.1356,297,828,0.6413,29.944,ACCEPTABLE,0.92
2026-04-15,P05,S2B_30NXL_20260415_0_L2A,0.105526,0.041322,-0.151919,0.538562,1.243117,0.2935,0.2361,0.32245,0.0712,828,828,0.0,6.38,GOOD,1.0
2026-04-22,P05,S2A_30NXL_20260422_0_L2A,0.088482,0.039943,-0.135561,0.514499,1.199514,0.2964,0.2471,0.32565,0.0813,828,828,0.0,18.105,GOOD,1.0
2026-04-30,P05,S2C_30NXL_20260430_0_L2A,0.112554,0.05632,-0.11039,0.600599,1.260166,0.3037,0.241,0.3042,0.06105,828,828,0.0,5.442,GOOD,1.0
2026-05-02,P05,S2A_30NXL_20260502_0_L2A,0.107173,0.056601,-0.08635,0.721115,1.246882,0.3899,0.3127,0.3761,0.0514,497,828,0.3998,32.122,GOOD,1.0
2026-05-30,P05,S2C_30NXL_20260530_0_L2A,0.111813,0.052918,-0.047549,0.655398,1.259337,0.3608,0.2865,0.31755,0.0615,828,828,0.0,20.629,GOOD,1.0
2026-06-01,P05,S2A_30NXL_20260601_0_L2A,0.096265,0.040626,-0.085998,0.665538,1.215473,0.3582,0.2947,0.35255,0.0605,828,828,0.0,69.091,GOOD,1.0
2026-08-18,P05,S2C_30NXL_20260818_0_L2A,0.11055,0.043942,-0.098242,0.657797,1.252208,0.3828,0.3057,0.3738,0.0633,828,828,0.0,48.327,GOOD,1.0
2026-08-20,P05,S2A_30NXL_20260820_0_L2A,0.106905,0.052343,-0.143593,0.611568,1.242187,0.3657,0.2944,0.3928,0.0716,661,828,0.2017,49.578,GOOD,1.0
2017-01-07,P06,S2A_30NXL_20170107_0_L2A,0.005195,0.031631,-0.283207,-0.138783,1.004266,0.1648,0.1641,0.3241,0.20405,36,980,0.9633,23.008,LOW_QUALITY,0.49
2017-01-27,P06,S2A_30NXL_20170127_0_L2A,0.078746,0.056067,-0.349709,-0.173164,1.257202,0.1833,0.1458,0.327,0.1889,100,980,0.898,13.445,LOW_QUALITY,0.64
2017-02-16,P06,S2A_30NXL_20170216_0_L2A,-0.024245,0.027058,-0.296074,-0.038613,0.967679,0.1497,0.1547,0.2982,0.1636,74,980,0.9245,30.154,LOW_QUALITY,0.64
2017-03-08,P06,S2A_30NXL_20170308_0_L2A,-0.021287,0.033724,-0.174663,0.011538,0.955124,0.1575,0.1649,0.23,0.1484,10,980,0.9898,16.484,LOW_QUALITY,0.49
2017-03-18,P06,S2A_30NXL_20170318_0_L2A,0.052192,0.028403,-0.020609,0.294932,1.112208,0.1239,0.1114,0.1159,0.0599,628,980,0.3592,55.25,GOOD,1.0
2017-04-07,P06,S2A_30NXL_20170407_0_L2A,-0.041581,0.043497,-0.418031,-0.143889,0.893518,0.1544,0.1728,0.4128,0.2253,20,980,0.9796,94.975,LOW_QUALITY,0.49
2017-04-17,P06,S2A_30NXL_20170417_0_L2A,0.00954,0.055697,-0.349732,-0.138278,0.956056,0.1784,0.1866,0.4158,0.2444,58,980,0.9408,13.69,LOW_QUALITY,0.64
2017-06-06,P06,S2A_30NXL_20170606_0_L2A,-0.009055,0.084555,-0.332127,-0.125802,1.031646,0.1304,0.1264,0.2942,0.179,36,980,0.9633,80.067,LOW_QUALITY,0.37
2017-07-11,P06,S2B_30NXL_20170711_0_L2A,0.105372,0.03719,0.007005,0.705642,1.23878,0.2153,0.1738,0.1718,0.03,844,980,0.1388,10.295,GOOD,1.0
2017-07-16,P06,S2A_30NXL_20170716_0_L2A,-0.047425,0.011069,0.051877,0.432341,0.910869,0.2422,0.2659,0.2388,0.1038,238,980,0.7571,76.993,ACCEPTABLE,0.92
2017-08-20,P06,S2B_30NXL_20170820_0_L2A,0.05526,0.062577,0.075056,0.591124,1.095623,0.1627,0.1485,0.1556,0.0395,528,980,0.4612,19.154,ACCEPTABLE,0.88
2017-10-09,P06,S2B_30NXL_20171009_0_L2A,0.11965,0.032346,0.046688,0.63522,1.277496,0.2265,0.1773,0.1634,0.0399,708,980,0.2776,28.443,GOOD,1.0
2017-10-24,P06,S2A_30NXL_20171024_0_L2A,-0.02302,0.036266,-0.16615,0.006854,0.931987,0.1384,0.1485,0.2072,0.14865,200,980,0.7959,26.802,ACCEPTABLE,0.92
2017-10-29,P06,S2B_30NXL_20171029_0_L2A,0.065518,0.059116,-0.092751,0.187225,1.154155,0.2014,0.1745,0.1808,0.1024,306,980,0.6878,45.094,ACCEPTABLE,0.92
2017-11-03,P06,S2A_30NXL_20171103_0_L2A,0.026387,0.062185,-0.020433,0.249639,1.054529,0.1199,0.1137,0.1352,0.062,258,980,0.7367,17.962,ACCEPTABLE,0.8
2017-11-08,P06,S2B_30NXL_20171108_0_L2A,0.04953,0.037566,-0.097332,0.230216,1.100349,0.1261,0.1146,0.141,0.0714,312,980,0.6816,16.765,ACCEPTABLE,0.92
2017-11-18,P06,S2B_30NXL_20171118_0_L2A,0.016222,0.032878,-0.022693,0.261096,1.035443,0.1227,0.1185,0.1249,0.068,186,980,0.8102,31.986,ACCEPTABLE,0.92
2017-11-28,P06,S2B_30NXL_20171128_0_L2A,0.034736,0.057993,0.021124,0.477581,1.057587,0.1157,0.1094,0.1067,0.0421,410,980,0.5816,16.465,ACCEPTABLE,0.92
2017-12-03,P06,S2A_30NXL_20171203_0_L2A,0.035276,0.039619,0.033971,0.453438,1.069201,0.1406,0.1315,0.1235,0.0505,212,980,0.7837,27.847,ACCEPTABLE,0.92
2017-12-13,P06,S2A_30NXL_20171213_1_L2A,0.034209,0.014179,-0.197865,0.107393,1.074035,0.206,0.1918,0.2856,0.156,980,980,0.0,32.24,GOOD,1.0
2017-12-18,P06,S2B_30NXL_20171218_0_L2A,0.010028,0.056829,-0.40658,-0.149944,1.019486,0.1308,0.1283,0.3095,0.1761,74,980,0.9245,21.186,LOW_QUALITY,0.64
2018-01-02,P06,S2A_30NXL_20180102_1_L2A,0.134968,0.023362,-0.194157,0.140019,1.323678,0.2102,0.1588,0.2348,0.1182,980,980,0.0,6.359,GOOD,1.0
2018-01-12,P06,S2A_30NXL_20180112_0_L2A,0.125763,0.035627,-0.08747,0.350389,1.295628,0.2371,0.183,0.2143,0.0876,928,980,0.0531,23.652,GOOD,1.0
2018-01-17,P06,S2B_30NXL_20180117_0_L2A,0.108796,0.036405,-0.15109,0.186264,1.256285,0.1799,0.1432,0.1918,0.0975,794,980,0.1898,1.186,GOOD,1.0
2018-01-22,P06,S2A_30NXL_20180122_0_L2A,0.067075,0.040221,-0.074785,0.241929,1.144353,0.153,0.1337,0.164,0.0804,226,980,0.7694,11.396,ACCEPTABLE,0.92
2018-01-27,P06,S2B_30NXL_20180127_0_L2A,-0.022301,0.014648,-0.347666,-0.184113,0.951303,0.1387,0.1458,0.2995,0.2135,56,980,0.9429,42.232,LOW_QUALITY,0.64
2018-02-01,P06,S2A_30NXL_20180201_0_L2A,-0.021415,0.029815,-0.382714,-0.186503,0.95946,0.1349,0.1406,0.31,0.1996,82,980,0.9163,9.7,LOW_QUALITY,0.64
2018-02-06,P06,S2B_30NXL_20180206_0_L2A,-0.048321,0.015166,0.041539,0.421536,0.906291,0.4178,0.461,0.4234,0.1897,20,980,0.9796,30.198,LOW_QUALITY,0.49
2018-03-03,P06,S2A_30NXL_20180303_0_L2A,0.123066,0.0648,0.034108,0.71705,1.281452,0.3178,0.248,0.2322,0.04095,648,980,0.3388,26.206,ACCEPTABLE,0.88
2018-03-08,P06,S2B_30NXL_20180308_1_L2A,0.118017,0.029313,0.057033,0.607994,1.272865,0.3368,0.2646,0.2404,0.06575,972,980,0.0082,45.801,GOOD,1.0
2018-03-13,P06,S2A_30NXL_20180313_1_L2A,0.096129,0.031367,-0.007521,0.593169,1.212005,0.3796,0.3132,0.3202,0.0809,362,980,0.6306,33.584,ACCEPTABLE,0.92
2018-03-18,P06,S2B_30NXL_20180318_0_L2A,0.055708,0.059094,-0.024679,0.440157,1.057426,0.1602,0.1515,0.1768,0.056,216,980,0.7796,81.316,ACCEPTABLE,0.92
2018-03-23,P06,S2A_30NXL_20180323_1_L2A,0.106,0.044488,-0.024962,0.568564,1.241679,0.3432,0.2764,0.29,0.0779,616,980,0.3714,43.946,GOOD,1.0
2018-04-12,P06,S2A_30NXL_20180412_0_L2A,0.047197,0.049095,-0.073316,0.156831,1.111504,0.1256,0.113,0.1282,0.0806,602,980,0.3857,35.035,GOOD,1.0
2018-04-17,P06,S2B_30NXL_20180417_0_L2A,-0.02504,0.064793,-0.425507,-0.170819,0.948363,0.1506,0.1588,0.394,0.223,62,980,0.9367,29.374,LOW_QUALITY,0.52
2018-04-22,P06,S2A_30NXL_20180422_0_L2A,0.021496,0.038988,-0.180361,0.046194,1.058824,0.144,0.136,0.1993,0.12365,284,980,0.7102,42.749,ACCEPTABLE,0.92
2018-04-27,P06,S2B_30NXL_20180427_0_L2A,0.052307,0.063135,-0.372843,-0.064501,1.123752,0.1689,0.1503,0.3295,0.1715,60,980,0.9388,12.821,LOW_QUALITY,0.52
2018-05-12,P06,S2A_30NXL_20180512_0_L2A,0.129713,0.077727,0.010952,0.644571,1.281319,0.2332,0.182,0.179,0.0411,772,980,0.2122,18.959,ACCEPTABLE,0.88
2018-05-22,P06,S2A_30NXL_20180522_0_L2A,-0.018242,0.079926,-0.452138,-0.180694,0.942189,0.1532,0.1626,0.4236,0.2299,56,980,0.9429,58.457,LOW_QUALITY,0.52
2018-06-01,P06,S2A_30NXL_20180601_0_L2A,0.105555,0.064007,-0.267059,0.143153,1.330976,0.0941,0.0707,0.1281,0.0637,320,980,0.6735,72.312,ACCEPTABLE,0.8
2018-06-11,P06,S2A_30NXL_20180611_0_L2A,-0.041317,0.05421,-0.325634,-0.120688,0.938462,0.1769,0.1885,0.3815,0.2441,20,980,0.9796,39.13,LOW_QUALITY,0.49
2018-07-11,P06,S2A_30NXL_20180711_0_L2A,-0.057699,0.053887,-0.45849,-0.17176,0.859672,0.1311,0.1525,0.3986,0.21475,68,980,0.9306,46.398,LOW_QUALITY,0.64
2018-08-05,P06,S2B_30NXL_20180805_0_L2A,0.131185,0.047873,0.054503,0.70385,1.3107,0.2548,0.1944,0.176,0.03325,808,980,0.1755,11.265,GOOD,1.0
2018-09-14,P06,S2B_30NXL_20180914_0_L2A,0.029134,0.044162,0.053702,0.477132,1.057632,0.1358,0.1284,0.1215,0.0452,498,980,0.4918,37.564,GOOD,1.0
2018-10-04,P06,S2B_30NXL_20181004_0_L2A,0.034332,0.041845,0.072914,0.497393,1.060959,0.1549,0.146,0.1365,0.0486,796,980,0.1878,77.647,GOOD,1.0
2018-10-09,P06,S2A_30NXL_20181009_1_L2A,0.090341,0.021209,-0.025653,0.46448,1.203722,0.2458,0.2042,0.2176,0.0755,174,980,0.8224,93.06,ACCEPTABLE,0.92
2018-10-19,P06,S2A_30NXL_20181019_1_L2A,0.125117,0.035465,0.13071,0.67952,1.294681,0.2434,0.188,0.1482,0.0377,980,980,0.0,28.861,GOOD,1.0
2018-10-24,P06,S2B_30NXL_20181024_0_L2A,-0.014011,0.021212,0.088141,0.518625,0.969727,0.1954,0.2015,0.1698,0.06365,72,980,0.9265,69.358,LOW_QUALITY,0.64
2018-11-03,P06,S2B_30NXL_20181103_0_L2A,0.111074,0.030301,0.080999,0.722158,1.254524,0.312,0.2487,0.2128,0.0399,616,980,0.3714,26.263,GOOD,1.0
2018-11-18,P06,S2A_30NXL_20181118_0_L2A,0.112839,0.060278,0.045894,0.726543,1.25815,0.2856,0.227,0.2108,0.03645,748,980,0.2367,34.131,ACCEPTABLE,0.88
2018-11-23,P06,S2B_30NXL_20181123_0_L2A,0.049448,0.052503,-0.000822,0.527949,1.102504,0.1409,0.1278,0.1388,0.0415,770,980,0.2143,15.289,GOOD,1.0
2018-11-28,P06,S2A_30NXL_20181128_0_L2A,0.069631,0.072588,0.065983,0.62084,1.149117,0.1888,0.1643,0.1634,0.0441,478,980,0.5122,31.081,ACCEPTABLE,0.8
2018-12-03,P06,S2B_30NXL_20181203_0_L2A,0.009393,0.020353,-0.003912,0.319269,1.015625,0.143,0.1408,0.1427,0.0716,404,980,0.5878,53.329,ACCEPTABLE,0.92
2018-12-08,P06,S2A_30NXL_20181208_0_L2A,0.012466,0.027577,-0.151508,0.166587,1.031802,0.146,0.1415,0.1905,0.10035,232,980,0.7633,42.294,ACCEPTABLE,0.92
2018-12-13,P06,S2B_30NXL_20181213_0_L2A,0.003812,0.034621,-0.154423,0.224932,1.028075,0.1538,0.1496,0.2144,0.09655,212,980,0.7837,47.433,ACCEPTABLE,0.92
2018-12-18,P06,S2A_30NXL_20181218_0_L2A,-0.048771,0.041764,-0.163707,0.109837,0.942948,0.119,0.1262,0.18525,0.106,634,980,0.3531,59.577,GOOD,1.0
2018-12-23,P06,S2B_30NXL_20181223_0_L2A,0.067918,0.035443,-0.130536,0.275175,1.142255,0.2168,0.1898,0.243,0.1051,494,980,0.4959,17.421,GOOD,1.0
2018-12-28,P06,S2A_30NXL_20181228_0_L2A,-0.027739,0.013937,-0.368154,-0.147988,0.942819,0.1418,0.1504,0.3232,0.20115,88,980,0.9102,0.899,LOW_QUALITY,0.64
2019-01-02,P06,S2B_30NXL_20190102_0_L2A,0.008435,0.022362,-0.100765,0.291105,1.014286,0.1775,0.175,0.2108,0.09265,540,980,0.449,13.712,GOOD,1.0
2019-01-17,P06,S2A_30NXL_20190117_0_L2A,-0.001107,0.02256,-0.100376,-0.08586,1.002502,0.4808,0.4796,0.5742,0.57225,20,980,0.9796,68.665,LOW_QUALITY,0.49
2019-01-22,P06,S2B_30NXL_20190122_0_L2A,0.030301,0.03748,-0.014804,0.312257,1.043178,0.1208,0.1158,0.12405,0.0597,526,980,0.4633,54.717,GOOD,1.0
2019-02-11,P06,S2B_30NXL_20190211_0_L2A,-0.006432,0.035836,-0.361667,-0.139198,0.992068,0.1626,0.1639,0.3574,0.2173,74,980,0.9245,24.13,LOW_QUALITY,0.64
2019-02-16,P06,S2A_30NXL_20190216_0_L2A,-0.001761,0.023711,-0.344988,-0.149479,1.015188,0.1671,0.1646,0.3492,0.2134,58,980,0.9408,23.371,LOW_QUALITY,0.64
2019-02-26,P06,S2A_30NXL_20190226_0_L2A,0.098945,0.040679,-0.047567,0.4766,1.223235,0.3222,0.2634,0.28955,0.0924,790,980,0.1939,8.851,GOOD,1.0
2019-03-08,P06,S2A_30NXL_20190308_0_L2A,-0.013943,0.034962,-0.161758,0.122893,0.968303,0.1558,0.1609,0.21925,0.1167,78,980,0.9204,38.327,LOW_QUALITY,0.64
2019-03-13,P06,S2B_30NXL_20190313_0_L2A,0.007877,0.063608,-0.417242,-0.144686,1.006281,0.1442,0.1433,0.3414,0.187,74,980,0.9245,26.539,LOW_QUALITY,0.52
2019-03-28,P06,S2A_30NXL_20190328_0_L2A,0.049877,0.0511,-0.071993,0.255677,1.170367,0.2267,0.1937,0.2192,0.0771,490,980,0.5,45.833,GOOD,1.0
2019-04-02,P06,S2B_30NXL_20190402_0_L2A,0.003692,0.061507,-0.416072,-0.123829,1.023669,0.1557,0.1521,0.38345,0.203,92,980,0.9061,21.885,LOW_QUALITY,0.52
2019-04-22,P06,S2B_30NXL_20190422_1_L2A,0.067277,0.025784,-0.124542,0.347889,1.147314,0.2648,0.2308,0.2968,0.113,980,980,0.0,24.391,GOOD,1.0
2019-05-02,P06,S2B_30NXL_20190502_0_L2A,0.021547,0.041803,-0.005139,0.452145,1.05347,0.2049,0.1945,0.1998,0.0744,34,980,0.9653,62.479,LOW_QUALITY,0.49
2019-05-07,P06,S2A_30NXL_20190507_0_L2A,-0.001167,0.105424,-0.121444,0.000743,0.937568,0.1712,0.1826,0.2222,0.1774,25,980,0.9745,25.446,LOW_QUALITY,0.37
2019-05-17,P06,S2A_30NXL_20190517_0_L2A,0.099757,0.055311,0.006718,0.579513,1.216117,0.1992,0.1638,0.181,0.0324,942,980,0.0388,21.514,GOOD,1.0
2019-06-06,P06,S2A_30NXL_20190606_0_L2A,-0.002648,0.045115,-0.332874,-0.156825,1.01467,0.166,0.1636,0.3407,0.2169,86,980,0.9122,64.719,LOW_QUALITY,0.64
2019-06-11,P06,S2B_30NXL_20190611_0_L2A,-0.08791,0.03403,-0.319712,-0.085913,0.88,0.1672,0.19,0.3642,0.21035,12,980,0.9878,38.907,LOW_QUALITY,0.49
2019-07-21,P06,S2B_30NXL_20190721_0_L2A,-0.040572,0.033305,-0.128955,0.054825,0.940371,0.2334,0.2482,0.3502,0.2655,138,980,0.8592,36.68,LOW_QUALITY,0.64
2019-08-30,P06,S2B_30NXL_20190830_0_L2A,-0.037906,0.019932,-0.031968,0.291326,0.923572,0.2296,0.2486,0.265,0.1433,84,980,0.9143,52.195,LOW_QUALITY,0.64
2019-09-09,P06,S2B_30NXL_20190909_0_L2A,0.124295,0.083947,-0.027501,0.65052,1.294867,0.3759,0.2903,0.3143,0.0596,22,980,0.9776,84.971,LOW_QUALITY,0.37
2019-10-24,P06,S2A_30NXL_20191024_0_L2A,0.030464,0.038431,-0.021023,0.310057,1.076797,0.1318,0.1224,0.1282,0.06605,196,980,0.8,61.273,ACCEPTABLE,0.92
2019-10-29,P06,S2B_30NXL_20191029_0_L2A,0.043956,0.079021,-0.12968,0.072154,1.104369,0.091,0.0824,0.1108,0.0583,590,980,0.398,42.51,ACCEPTABLE,0.88
2019-11-08,P06,S2B_30NXL_20191108_0_L2A,0.012869,0.051384,0.080908,0.637536,1.021583,0.0923,0.09035,0.0777,0.0203,360,980,0.6327,17.614,ACCEPTABLE,0.92
2019-11-13,P06,S2A_30NXL_20191113_1_L2A,0.107274,0.065576,0.036984,0.523909,1.250589,0.2655,0.2123,0.1954,0.0676,78,980,0.9204,71.939,LOW_QUALITY,0.52
2019-11-18,P06,S2B_30NXL_20191118_0_L2A,0.032413,0.046621,0.048302,0.534415,1.066243,0.1006,0.09435,0.0853,0.0312,508,980,0.4816,13.388,GOOD,1.0
2019-11-23,P06,S2A_30NXL_20191123_0_L2A,0.049333,0.057223,-0.014597,0.433267,1.042857,0.1606,0.154,0.22595,0.0647,780,980,0.2041,23.695,GOOD,1.0
2019-11-28,P06,S2B_30NXL_20191128_0_L2A,0.027926,0.044379,-0.003821,0.409073,1.066445,0.1284,0.1204,0.1206,0.0496,154,980,0.8429,25.91,ACCEPTABLE,0.92
2019-12-03,P06,S2A_30NXL_20191203_0_L2A,0.119035,0.035595,-0.034121,0.635291,1.27859,0.2974,0.2326,0.252,0.05215,968,980,0.0122,22.167,GOOD,1.0
2019-12-08,P06,S2B_30NXL_20191208_0_L2A,0.044399,0.056467,-0.126667,-0.143045,1.080276,0.2032,0.1881,0.2531,0.2665,10,980,0.9898,34.935,LOW_QUALITY,0.49
2019-12-13,P06,S2A_30NXL_20191213_1_L2A,0.111464,0.028875,-0.025476,0.714484,1.254115,0.3124,0.2491,0.2618,0.0416,754,980,0.2306,23.413,GOOD,1.0
2019-12-18,P06,S2B_30NXL_20191218_1_L2A,0.130435,0.034275,-0.075187,0.613719,1.305164,0.278,0.213,0.2493,0.05165,320,980,0.6735,40.497,ACCEPTABLE,0.92
2019-12-23,P06,S2A_30NXL_20191223_0_L2A,0.096709,0.04674,-0.084347,0.526173,1.20605,0.2751,0.2281,0.2874,0.0617,630,980,0.3571,14.994,GOOD,1.0
2019-12-28,P06,S2B_30NXL_20191228_1_L2A,0.1302,0.024977,-0.133318,0.545234,1.305188,0.2566,0.1966,0.2587,0.0587,650,980,0.3367,4.451,GOOD,1.0
2020-01-02,P06,S2A_30NXL_20200102_0_L2A,0.024729,0.030086,-0.075622,0.360324,1.044559,0.1219,0.1167,0.1389,0.05695,560,980,0.4286,19.565,GOOD,1.0
2020-01-07,P06,S2B_30NXL_20200107_1_L2A,0.143157,0.01904,-0.263329,0.071524,1.342622,0.212,0.1579,0.2718,0.13715,980,980,0.0,0.112,GOOD,1.0
2020-01-12,P06,S2A_30NXL_20200112_0_L2A,0.103229,0.019759,-0.111159,0.365834,1.23419,0.2498,0.2024,0.2534,0.09455,980,980,0.0,4.211,GOOD,1.0
2020-01-17,P06,S2B_30NXL_20200117_0_L2A,0.054392,0.028981,-0.152442,0.271693,1.125771,0.1826,0.1622,0.226,0.0966,934,980,0.0469,12.158,GOOD,1.0
2020-01-22,P06,S2A_30NXL_20200122_1_L2A,0.115884,0.016637,-0.207201,0.161927,1.265027,0.2778,0.2196,0.334,0.1588,678,980,0.3082,58.815,GOOD,1.0
2020-01-27,P06,S2B_30NXL_20200127_1_L2A,0.20313,0.029627,-0.28645,0.185825,1.528963,0.2006,0.1312,0.238,0.0903,980,980,0.0,7.911,GOOD,1.0
2020-02-06,P06,S2B_30NXL_20200206_0_L2A,0.013585,0.030823,-0.08196,0.372066,1.022658,0.167,0.1633,0.1946,0.0775,182,980,0.8143,13.937,ACCEPTABLE,0.92
2020-02-16,P06,S2B_30NXL_20200216_1_L2A,0.044742,0.014853,-0.17494,0.136345,1.099198,0.2194,0.1996,0.2858,0.1535,980,980,0.0,22.854,GOOD,1.0
2020-02-26,P06,S2B_30NXL_20200226_1_L2A,0.06609,0.020274,-0.082114,0.37768,1.139687,0.3492,0.3064,0.3636,0.1402,980,980,0.0,51.905,GOOD,1.0
2020-03-02,P06,S2A_30NXL_20200302_1_L2A,0.00597,0.019433,-0.076335,0.317867,1.012897,0.2199,0.2171,0.2575,0.1175,104,980,0.8939,38.419,LOW_QUALITY,0.64
2020-03-12,P06,S2A_30NXL_20200312_0_L2A,-0.02418,0.026839,-0.152506,0.048296,0.975799,0.2137,0.219,0.2971,0.18195,52,980,0.9469,26.004,LOW_QUALITY,0.64
2020-03-22,P06,S2A_30NXL_20200322_1_L2A,0.099935,0.039277,-0.128516,0.345365,1.229936,0.3065,0.2492,0.33085,0.1196,522,980,0.4673,24.284,GOOD,1.0
2020-03-27,P06,S2B_30NXL_20200327_1_L2A,0.049415,0.035447,-0.168322,0.174519,1.105874,0.3238,0.2928,0.4092,0.2029,970,980,0.0102,59.318,GOOD,1.0
2020-04-06,P06,S2B_30NXL_20200406_0_L2A,0.010371,0.051755,-0.331919,-0.144901,1.036171,0.1862,0.1797,0.3762,0.2094,76,980,0.9224,69.92,LOW_QUALITY,0.64
2020-04-11,P06,S2A_30NXL_20200411_0_L2A,0.104996,0.044881,-0.062277,0.605864,1.229108,0.3471,0.2824,0.3352,0.0597,980,980,0.0,34.894,GOOD,1.0
2020-04-21,P06,S2A_30NXL_20200421_0_L2A,0.115724,0.036337,-0.107204,0.591733,1.267025,0.2828,0.2232,0.2784,0.0578,980,980,0.0,11.798,GOOD,1.0
2020-05-06,P06,S2B_30NXL_20200506_1_L2A,0.08859,0.033004,-0.063684,0.637519,1.200645,0.3722,0.31,0.3586,0.0684,94,980,0.9041,30.071,LOW_QUALITY,0.64
2020-05-21,P06,S2A_30NXL_20200521_0_L2A,-0.028858,0.053107,-0.384112,-0.040913,0.907664,0.1504,0.1657,0.3584,0.169,50,980,0.949,53.844,LOW_QUALITY,0.64
2020-05-26,P06,S2B_30NXL_20200526_1_L2A,0.001262,0.034501,-0.307675,-0.106045,0.993793,0.1601,0.1611,0.30275,0.1906,66,980,0.9327,30.067,LOW_QUALITY,0.64
2020-05-31,P06,S2A_30NXL_20200531_1_L2A,0.039832,0.053712,-0.264692,-0.050155,1.072602,0.2024,0.1887,0.3042,0.2005,542,980,0.4469,37.262,GOOD,1.0
2020-07-15,P06,S2B_30NXL_20200715_0_L2A,0.016449,0.048261,-0.19505,-0.17091,1.033461,0.2162,0.2092,0.3483,0.2967,44,980,0.9551,53.654,LOW_QUALITY,0.64
2020-07-25,P06,S2B_30NXL_20200725_1_L2A,0.127673,0.037973,-0.058315,0.696388,1.296473,0.272,0.2098,0.23775,0.03805,980,980,0.0,19.304,GOOD,1.0
2020-08-04,P06,S2B_30NXL_20200804_1_L2A,0.138867,0.034793,-0.076071,0.732691,1.326228,0.2862,0.2158,0.2522,0.0334,976,980,0.0041,22.958,GOOD,1.0
2020-09-23,P06,S2B_30NXL_20200923_0_L2A,-0.017259,0.032839,-0.044053,0.331952,0.973684,0.1369,0.1406,0.1518,0.0708,186,980,0.8102,48.146,ACCEPTABLE,0.92
2020-10-13,P06,S2B_30NXL_20201013_0_L2A,0.00058,0.053774,-0.2205,0.017873,1.015434,0.1579,0.1555,0.2417,0.1321,30,980,0.9694,58.487,LOW_QUALITY,0.49
2020-10-18,P06,S2A_30NXL_20201018_1_L2A,0.108883,0.050816,-0.031033,0.637302,1.239148,0.314,0.2534,0.27195,0.05755,980,980,0.0,51.3,GOOD,1.0
2020-10-23,P06,S2B_30NXL_20201023_1_L2A,0.106914,0.025186,-0.066879,0.672149,1.244565,0.3664,0.2944,0.3372,0.0578,108,980,0.8898,39.475,LOW_QUALITY,0.64
2020-10-28,P06,S2A_30NXL_20201028_0_L2A,-0.000978,0.044007,-0.092305,0.380395,1.003865,0.1039,0.1035,0.1313,0.0516,870,980,0.1122,57.019,GOOD,1.0
2020-11-02,P06,S2B_30NXL_20201102_0_L2A,-0.045551,0.055085,-0.242997,-0.016342,0.899179,0.09855,0.1096,0.1774,0.11895,168,980,0.8286,53.939,ACCEPTABLE,0.92
2020-11-07,P06,S2A_30NXL_20201107_1_L2A,0.121781,0.034445,-0.036158,0.658818,1.28249,0.3296,0.257,0.2796,0.0533,980,980,0.0,45.886,GOOD,1.0
2020-11-12,P06,S2B_30NXL_20201112_0_L2A,0.103113,0.048575,-0.065962,0.486845,1.223179,0.3124,0.2554,0.29105,0.0787,824,980,0.1592,23.193,GOOD,1.0
2020-11-17,P06,S2A_30NXL_20201117_0_L2A,-0.017404,0.034844,-0.14706,0.234941,0.987066,0.145,0.1469,0.2107,0.0981,60,980,0.9388,35.081,LOW_QUALITY,0.64
2020-12-02,P06,S2B_30NXL_20201202_0_L2A,0.117717,0.031905,-0.101088,0.698187,1.275916,0.3274,0.2566,0.3208,0.044,980,980,0.0,27.427,GOOD,1.0
2020-12-07,P06,S2A_30NXL_20201207_0_L2A,0.093349,0.037625,-0.079936,0.656576,1.210824,0.3848,0.3178,0.3742,0.0663,242,980,0.7531,20.764,ACCEPTABLE,0.92
2020-12-12,P06,S2B_30NXL_20201212_0_L2A,0.026937,0.048321,-0.09423,0.571922,1.067611,0.2337,0.2189,0.3065,0.06175,780,980,0.2041,19.335,GOOD,1.0
2020-12-22,P06,S2B_30NXL_20201222_0_L2A,0.113644,0.037801,-0.116067,0.500661,1.262058,0.314,0.2488,0.3144,0.0833,894,980,0.0878,18.33,GOOD,1.0
2020-12-27,P06,S2A_30NXL_20201227_0_L2A,-0.046932,0.031063,-0.105263,0.198103,0.898926,0.1423,0.1583,0.2287,0.1303,680,980,0.3061,16.174,GOOD,1.0
2021-01-01,P06,S2B_30NXL_20210101_1_L2A,0.158568,0.022925,-0.170187,0.398471,1.384852,0.2706,0.1954,0.275,0.0843,980,980,0.0,84.475,GOOD,1.0
2021-01-11,P06,S2B_30NXL_20210111_0_L2A,0.033347,0.066781,-0.224104,-0.049237,1.086338,0.2139,0.1969,0.32895,0.1807,106,980,0.8918,20.453,LOW_QUALITY,0.52
2021-01-16,P06,S2A_30NXL_20210116_1_L2A,0.145786,0.047956,-0.075683,0.678606,1.348222,0.2958,0.2194,0.25665,0.0421,980,980,0.0,25.003,GOOD,1.0
2021-01-21,P06,S2B_30NXL_20210121_0_L2A,0.023379,0.00954,-0.244075,-0.225624,1.044577,0.2812,0.2692,0.4448,0.4304,374,980,0.6184,24.34,ACCEPTABLE,0.92
2021-01-26,P06,S2A_30NXL_20210126_1_L2A,0.134691,0.020973,-0.272249,0.106038,1.316804,0.239,0.1815,0.3176,0.14715,980,980,0.0,4.276,GOOD,1.0
2021-01-31,P06,S2B_30NXL_20210131_0_L2A,0.023641,0.035212,-0.199437,0.21707,1.043581,0.1772,0.1698,0.2538,0.1125,746,980,0.2388,19.979,GOOD,1.0
2021-02-20,P06,S2B_30NXL_20210220_0_L2A,0.127642,0.040572,-0.127229,0.561179,1.298762,0.3356,0.2584,0.33615,0.0738,980,980,0.0,17.773,GOOD,1.0
2021-02-25,P06,S2A_30NXL_20210225_0_L2A,0.072212,0.044347,-0.229909,0.122786,1.141509,0.2178,0.1908,0.3094,0.14295,980,980,0.0,25.971,GOOD,1.0
2021-03-12,P06,S2B_30NXL_20210312_0_L2A,-0.077433,0.08803,-0.319143,-0.075783,0.821429,0.1633,0.1988,0.3917,0.2087,14,980,0.9857,55.373,LOW_QUALITY,0.37
2021-03-27,P06,S2A_30NXL_20210327_0_L2A,-0.050026,0.012917,-0.300451,-0.039362,0.918876,0.2288,0.249,0.4696,0.27725,12,980,0.9878,72.894,LOW_QUALITY,0.49
2021-04-11,P06,S2B_30NXL_20210411_0_L2A,0.067279,0.04379,-0.100224,0.464941,1.146873,0.1999,0.1743,0.2358,0.05675,872,980,0.1102,10.844,GOOD,1.0
2021-04-21,P06,S2B_30NXL_20210421_0_L2A,0.010952,0.069211,-0.386221,-0.096268,1.009824,0.1953,0.1934,0.4538,0.23095,24,980,0.9755,31.927,LOW_QUALITY,0.37
2021-04-26,P06,S2A_30NXL_20210426_0_L2A,0.09391,0.048203,-0.094286,0.459421,1.206242,0.286,0.2371,0.32,0.0597,774,980,0.2102,15.969,GOOD,1.0
2021-05-11,P06,S2B_30NXL_20210511_0_L2A,0.003424,0.053342,-0.1545,0.011167,0.995094,0.1217,0.1223,0.1773,0.1203,242,980,0.7531,16.089,ACCEPTABLE,0.92
2021-05-26,P06,S2A_30NXL_20210526_0_L2A,-0.015933,0.094284,-0.407966,-0.143095,0.964324,0.1784,0.185,0.41795,0.2342,66,980,0.9327,27.116,LOW_QUALITY,0.52
2021-06-25,P06,S2A_30NXL_20210625_1_L2A,0.106241,0.048746,-0.018908,0.508257,1.241812,0.3071,0.2473,0.2594,0.06985,160,980,0.8367,71.486,ACCEPTABLE,0.92
2021-07-05,P06,S2A_30NXL_20210705_0_L2A,0.059258,0.065428,-0.047118,0.624859,1.096558,0.1147,0.1046,0.13525,0.024,908,980,0.0735,28.911,ACCEPTABLE,0.88
2021-07-10,P06,S2B_30NXL_20210710_0_L2A,-0.014638,0.032419,-0.115358,0.203259,0.9784,0.1223,0.125,0.15775,0.0843,476,980,0.5143,19.784,ACCEPTABLE,0.92
2021-07-25,P06,S2A_30NXL_20210725_0_L2A,0.086792,0.070917,-0.014003,0.546338,1.195632,0.2573,0.2152,0.236,0.0467,902,980,0.0796,22.482,ACCEPTABLE,0.88
2021-07-30,P06,S2B_30NXL_20210730_0_L2A,-0.046605,0.020455,0.044421,0.614033,0.91221,0.1808,0.1982,0.1819,0.04755,888,980,0.0939,34.762,GOOD,1.0
2021-08-09,P06,S2B_30NXL_20210809_0_L2A,-0.054461,0.021586,-0.044118,0.271994,0.904596,0.311,0.3438,0.3645,0.1984,200,980,0.7959,39.098,ACCEPTABLE,0.92
2021-08-14,P06,S2A_30NXL_20210814_0_L2A,0.006926,0.038027,-0.091084,0.247999,1.021337,0.1436,0.1406,0.1722,0.0883,544,980,0.4449,24.376,GOOD,1.0
2021-08-19,P06,S2B_30NXL_20210819_0_L2A,0.018434,0.051702,-0.124651,0.2632,1.027515,0.239,0.2326,0.3299,0.1225,186,980,0.8102,48.552,ACCEPTABLE,0.92
2021-09-03,P06,S2A_30NXL_20210903_0_L2A,-0.036919,0.070953,-0.350273,-0.080051,0.93364,0.1829,0.1959,0.4382,0.21725,44,980,0.9551,68.041,LOW_QUALITY,0.52
2021-09-18,P06,S2B_30NXL_20210918_0_L2A,0.011835,0.063986,-0.203508,0.02879,1.012783,0.206,0.2034,0.2811,0.1668,632,980,0.3551,64.364,ACCEPTABLE,0.88
2021-10-13,P06,S2A_30NXL_20211013_0_L2A,-0.01146,0.023889,-0.312148,-0.185126,1.029792,0.1832,0.1779,0.3344,0.24935,60,980,0.9388,21.046,LOW_QUALITY,0.64
2021-10-18,P06,S2B_30NXL_20211018_0_L2A,0.108387,0.045973,0.007577,0.638268,1.246975,0.3504,0.281,0.2799,0.0626,182,980,0.8143,35.975,ACCEPTABLE,0.92
2021-10-28,P06,S2B_30NXL_20211028_0_L2A,0.018779,0.046108,-0.009589,0.451204,1.057246,0.1459,0.138,0.1383,0.0509,138,980,0.8592,42.656,LOW_QUALITY,0.64
2021-11-17,P06,S2B_30NXL_20211117_0_L2A,0.022999,0.03953,-0.009523,0.514594,1.038869,0.1176,0.1132,0.12095,0.0387,606,980,0.3816,22.654,GOOD,1.0
2021-11-27,P06,S2B_30NXL_20211127_0_L2A,0.021839,0.046488,-0.029032,0.555398,1.045068,0.1229,0.1176,0.1246,0.0359,606,980,0.3816,41.064,GOOD,1.0
2021-12-02,P06,S2A_30NXL_20211202_1_L2A,0.117393,0.042295,-0.025602,0.671855,1.273865,0.3256,0.2556,0.271,0.04095,980,980,0.0,28.526,GOOD,1.0
2021-12-07,P06,S2B_30NXL_20211207_0_L2A,0.117541,0.027838,-0.142969,0.46293,1.271529,0.2894,0.2276,0.3109,0.0805,980,980,0.0,27.629,GOOD,1.0
2021-12-12,P06,S2A_30NXL_20211212_0_L2A,0.039191,0.036952,-0.20046,0.14319,1.081465,0.1447,0.1338,0.1982,0.09005,144,980,0.8531,29.94,LOW_QUALITY,0.64
2021-12-17,P06,S2B_30NXL_20211217_0_L2A,-0.00395,0.039394,-0.372252,-0.071163,0.980653,0.1622,0.1654,0.3854,0.1894,46,980,0.9531,71.397,LOW_QUALITY,0.64
2021-12-22,P06,S2A_30NXL_20211222_0_L2A,0.137309,0.026369,-0.158181,0.430953,1.322491,0.2846,0.2152,0.2972,0.0861,980,980,0.0,14.592,GOOD,1.0
2021-12-27,P06,S2B_30NXL_20211227_1_L2A,0.119266,0.032513,-0.103923,0.545739,1.274453,0.3492,0.274,0.341,0.0798,770,980,0.2143,66.046,GOOD,1.0
2022-01-01,P06,S2A_30NXL_20220101_0_L2A,0.029115,0.043445,-0.336092,-0.079543,1.090714,0.1527,0.14,0.3041,0.15865,88,980,0.9102,28.296,LOW_QUALITY,0.64
2022-01-06,P06,S2B_30NXL_20220106_0_L2A,0.054466,0.035641,-0.177252,0.260086,1.139413,0.2174,0.1908,0.2863,0.105,794,980,0.1898,12.48,GOOD,1.0
2022-01-11,P06,S2A_30NXL_20220111_0_L2A,0.01868,0.026147,-0.342351,-0.089757,1.04388,0.1356,0.1299,0.2685,0.1497,60,980,0.9388,51.838,LOW_QUALITY,0.64
2022-01-21,P06,S2A_30NXL_20220121_0_L2A,0.14534,0.029022,-0.191433,0.389526,1.346791,0.2602,0.1932,0.286,0.08525,948,980,0.0327,4.467,GOOD,1.0
2022-01-26,P06,S2B_30NXL_20220126_0_L2A,0.170932,0.02824,-0.208419,0.519602,1.421672,0.2414,0.1698,0.2599,0.0538,980,980,0.0,0.819,GOOD,1.0
2022-02-10,P06,S2A_30NXL_20220210_0_L2A,0.131012,0.052163,-0.407024,0.445271,1.277472,0.093,0.0728,0.1874,0.03285,980,980,0.0,23.776,GOOD,1.0
2022-02-25,P06,S2B_30NXL_20220225_0_L2A,0.090767,0.029342,-0.134613,0.370887,1.189111,0.2861,0.2406,0.3208,0.1099,198,980,0.798,44.602,ACCEPTABLE,0.92
2022-03-27,P06,S2B_30NXL_20220327_0_L2A,0.067147,0.020748,-0.1623,0.325058,1.150146,0.3156,0.2744,0.3822,0.1406,498,980,0.4918,33.748,GOOD,1.0
2022-06-05,P06,S2B_30NXL_20220605_0_L2A,0.102573,0.038932,-0.032013,0.602732,1.235177,0.3708,0.3002,0.32565,0.07485,616,980,0.3714,45.411,GOOD,1.0
2022-07-10,P06,S2A_30NXL_20220710_0_L2A,0.122219,0.049684,-0.110032,0.544254,1.264884,0.2507,0.1982,0.2713,0.0616,732,980,0.2531,38.17,GOOD,1.0
2022-07-20,P06,S2A_30NXL_20220720_0_L2A,0.115642,0.056491,-0.119096,0.646466,1.258137,0.2783,0.2212,0.3007,0.0436,332,980,0.6612,21.126,ACCEPTABLE,0.92
2022-08-04,P06,S2B_30NXL_20220804_0_L2A,0.098101,0.040915,-0.066575,0.700301,1.220435,0.258,0.2114,0.2571,0.0376,530,980,0.4592,41.356,GOOD,1.0
2022-10-03,P06,S2B_30NXL_20221003_0_L2A,-0.042579,0.173117,-0.523794,0.279152,0.934319,0.0569,0.0609,0.1877,0.0284,18,980,0.9816,39.764,LOW_QUALITY,0.25
2022-10-08,P06,S2A_30NXL_20221008_0_L2A,0.114068,0.042737,-0.007198,0.737062,1.264137,0.3398,0.2688,0.278,0.0408,852,980,0.1306,32.537,GOOD,1.0
2022-10-23,P06,S2B_30NXL_20221023_0_L2A,0.11214,0.039941,0.045771,0.668162,1.253294,0.3424,0.2732,0.2544,0.0555,282,980,0.7122,73.995,ACCEPTABLE,0.92
2022-11-22,P06,S2B_30NXL_20221122_0_L2A,0.116875,0.033076,-0.07605,0.703651,1.267529,0.3724,0.2938,0.34315,0.0509,974,980,0.0061,32.064,GOOD,1.0
2022-12-27,P06,S2A_30NXL_20221227_0_L2A,0.12159,0.027933,-0.159766,0.539097,1.28028,0.2558,0.1998,0.27645,0.06035,980,980,0.0,0.404,GOOD,1.0
2023-01-01,P06,S2B_30NXL_20230101_0_L2A,0.116959,0.023708,-0.183268,0.447888,1.269524,0.2666,0.21,0.305,0.0816,980,980,0.0,0.143,GOOD,1.0
2023-01-06,P06,S2A_30NXL_20230106_0_L2A,0.120893,0.019673,-0.242179,0.153627,1.284039,0.2518,0.1961,0.3252,0.1439,980,980,0.0,62.232,GOOD,1.0
2023-01-11,P06,S2B_30NXL_20230111_0_L2A,0.090949,0.050681,-0.171108,0.391241,1.202415,0.2489,0.207,0.3116,0.0728,216,980,0.7796,20.614,ACCEPTABLE,0.92
2023-01-16,P06,S2A_30NXL_20230116_0_L2A,0.050325,0.026901,-0.194865,0.175571,1.113513,0.1648,0.148,0.2199,0.0981,162,980,0.8347,16.014,ACCEPTABLE,0.92
2023-01-21,P06,S2B_30NXL_20230121_0_L2A,0.135421,0.030419,-0.163633,0.400064,1.319138,0.2633,0.1996,0.2814,0.0823,980,980,0.0,27.918,GOOD,1.0
2023-02-15,P06,S2A_30NXL_20230215_0_L2A,0.034879,0.041642,-0.321553,-0.101007,1.10787,0.1633,0.1474,0.3332,0.15205,72,980,0.9265,81.83,LOW_QUALITY,0.64
2023-02-25,P06,S2A_30NXL_20230225_0_L2A,-0.037686,0.026273,-0.419778,-0.118881,0.908145,0.1483,0.1633,0.3978,0.2091,38,980,0.9612,48.405,LOW_QUALITY,0.49
2023-03-17,P06,S2A_30NXL_20230317_0_L2A,0.111996,0.034636,-0.069559,0.680295,1.254172,0.3232,0.2577,0.299,0.0489,980,980,0.0,33.879,GOOD,1.0
2023-04-01,P06,S2B_30NXL_20230401_1_L2A,0.085675,0.036348,-0.118498,0.545043,1.191377,0.315,0.2644,0.3364,0.0778,476,980,0.5143,29.453,ACCEPTABLE,0.92
2023-04-06,P06,S2A_30NXL_20230406_0_L2A,0.081149,0.028693,-0.088667,0.502168,1.182192,0.3452,0.292,0.3508,0.0983,632,980,0.3551,23.013,GOOD,1.0
2023-04-11,P06,S2B_30NXL_20230411_0_L2A,0.095743,0.037476,-0.105278,0.570851,1.218057,0.3184,0.2614,0.3252,0.0721,666,980,0.3204,19.559,GOOD,1.0
2023-04-16,P06,S2A_30NXL_20230416_0_L2A,0.082617,0.025109,-0.150408,0.457848,1.181395,0.3048,0.258,0.35025,0.0962,274,980,0.7204,59.382,ACCEPTABLE,0.92
2023-04-21,P06,S2B_30NXL_20230421_0_L2A,0.10387,0.029228,-0.148504,0.549199,1.23797,0.283,0.2286,0.30965,0.0676,980,980,0.0,6.069,GOOD,1.0
2023-05-16,P06,S2A_30NXL_20230516_0_L2A,0.117961,0.044427,-0.108349,0.596005,1.275,0.2754,0.216,0.2703,0.0562,980,980,0.0,30.65,GOOD,1.0
2023-05-26,P06,S2A_30NXL_20230526_0_L2A,0.101747,0.032141,-0.053484,0.725577,1.232143,0.3864,0.3136,0.3532,0.05135,216,980,0.7796,42.622,ACCEPTABLE,0.92
2023-06-05,P06,S2A_30NXL_20230605_0_L2A,-0.04145,0.03029,-0.374922,-0.070107,0.926915,0.1319,0.1423,0.28875,0.15495,12,980,0.9878,31.557,LOW_QUALITY,0.49
2023-06-30,P06,S2B_30NXL_20230630_0_L2A,0.127243,0.035147,-0.06236,0.788717,1.296552,0.3384,0.261,0.2987,0.0317,738,980,0.2469,21.653,GOOD,1.0
2023-07-15,P06,S2A_30NXL_20230715_0_L2A,0.083678,0.041406,-0.039668,0.686962,1.16685,0.2126,0.1822,0.2128,0.0381,560,980,0.4286,54.48,GOOD,1.0
2023-10-18,P06,S2B_30NXL_20231018_0_L2A,0.12072,0.027789,-0.052233,0.720272,1.279743,0.3184,0.2488,0.2786,0.0397,980,980,0.0,26.532,GOOD,1.0
2023-11-12,P06,S2A_30NXL_20231112_0_L2A,0.127332,0.055179,-0.094933,0.702484,1.293939,0.3416,0.264,0.32025,0.0457,152,980,0.8449,25.495,ACCEPTABLE,0.92
2023-11-22,P06,S2A_30NXL_20231122_0_L2A,0.105406,0.023765,-0.095209,0.658372,1.241592,0.3618,0.2914,0.3532,0.0605,158,980,0.8388,51.55,ACCEPTABLE,0.92
2023-12-02,P06,S2A_30NXL_20231202_0_L2A,0.123972,0.022036,-0.084118,0.684758,1.284457,0.3504,0.2728,0.3262,0.0512,920,980,0.0612,44.173,GOOD,1.0
2023-12-12,P06,S2A_30NXL_20231212_0_L2A,0.128322,0.044515,-0.13524,0.68148,1.303898,0.3278,0.2514,0.34745,0.0465,116,980,0.8816,48.449,LOW_QUALITY,0.64
2023-12-17,P06,S2B_30NXL_20231217_0_L2A,0.113494,0.019451,-0.182522,0.390328,1.260672,0.2776,0.2202,0.3196,0.0975,980,980,0.0,18.609,GOOD,1.0
2023-12-22,P06,S2A_30NXL_20231222_0_L2A,0.123012,0.023908,-0.183256,0.512761,1.284499,0.2718,0.2116,0.3064,0.0694,980,980,0.0,11.902,GOOD,1.0
2024-01-01,P06,S2A_30NXL_20240101_0_L2A,0.020659,0.024779,-0.196177,0.168659,1.04918,0.1536,0.1464,0.2226,0.1064,38,980,0.9612,28.38,LOW_QUALITY,0.49
2024-01-06,P06,S2B_30NXL_20240106_0_L2A,0.063815,0.016855,-0.082202,0.612119,1.126493,0.1603,0.1423,0.1697,0.03515,192,980,0.8041,28.68,ACCEPTABLE,0.92
2024-01-11,P06,S2A_30NXL_20240111_0_L2A,0.115929,0.032796,-0.151833,0.605886,1.266234,0.312,0.2464,0.34355,0.0603,702,980,0.2837,40.221,GOOD,1.0
2024-01-16,P06,S2B_30NXL_20240116_0_L2A,0.11589,0.047783,-0.200664,0.485124,1.27914,0.2557,0.1999,0.3168,0.0646,406,980,0.5857,77.388,ACCEPTABLE,0.92
2024-01-21,P06,S2A_30NXL_20240121_0_L2A,0.131532,0.030322,-0.214144,0.492946,1.31102,0.2546,0.1942,0.304,0.0636,958,980,0.0224,18.529,GOOD,1.0
2024-01-26,P06,S2B_30NXL_20240126_0_L2A,0.081549,0.030127,-0.21259,0.29956,1.163807,0.2103,0.1807,0.2868,0.0967,980,980,0.0,22.868,GOOD,1.0
2024-01-31,P06,S2A_30NXL_20240131_0_L2A,0.137294,0.018078,-0.286208,0.081693,1.32,0.231,0.175,0.3156,0.14945,980,980,0.0,5.135,GOOD,1.0
2024-03-11,P06,S2A_30NXL_20240311_0_L2A,-0.008582,0.032808,-0.159426,0.023943,0.992806,0.1518,0.1529,0.21815,0.1391,12,980,0.9878,21.226,LOW_QUALITY,0.49
2024-03-16,P06,S2B_30NXL_20240316_0_L2A,0.100413,0.026193,-0.150546,0.447516,1.229624,0.3138,0.2552,0.35,0.0995,980,980,0.0,50.599,GOOD,1.0
2024-03-21,P06,S2A_30NXL_20240321_0_L2A,0.087047,0.023076,-0.176344,0.357767,1.201348,0.2852,0.2374,0.3406,0.1093,704,980,0.2816,15.597,GOOD,1.0
2024-03-26,P06,S2B_30NXL_20240326_0_L2A,0.089766,0.008779,-0.123443,0.559669,1.193999,0.3422,0.2866,0.366,0.0813,78,980,0.9204,21.576,LOW_QUALITY,0.64
2024-04-10,P06,S2A_30NXL_20240410_0_L2A,0.091356,0.0172,-0.103393,0.603853,1.203125,0.4004,0.3328,0.4088,0.0819,64,980,0.9347,60.341,LOW_QUALITY,0.64
2024-04-25,P06,S2B_30NXL_20240425_0_L2A,0.08913,0.038524,-0.100837,0.560795,1.201867,0.412,0.3428,0.4208,0.0968,186,980,0.8102,38.646,ACCEPTABLE,0.92
2024-04-30,P06,S2A_30NXL_20240430_0_L2A,0.034654,0.031586,-0.252976,0.031916,1.091508,0.1491,0.1366,0.2289,0.1279,10,980,0.9898,35.833,LOW_QUALITY,0.49
2024-05-05,P06,S2B_30NXL_20240505_0_L2A,0.093177,0.004083,-0.109395,0.607517,1.205202,0.417,0.346,0.431,0.0845,20,980,0.9796,41.726,LOW_QUALITY,0.49
2024-06-09,P06,S2A_30NXL_20240609_0_L2A,0.075823,0.036744,-0.091588,0.479552,1.163465,0.321,0.2759,0.3456,0.0904,238,980,0.7571,66.363,ACCEPTABLE,0.92
2024-06-24,P06,S2B_30NXL_20240624_0_L2A,0.081664,0.027806,-0.09934,0.533349,1.185086,0.356,0.3004,0.3726,0.0884,326,980,0.6673,78.137,ACCEPTABLE,0.92
2024-09-02,P06,S2B_30NXL_20240902_0_L2A,0.111842,0.040634,-0.081184,0.727659,1.256039,0.364,0.2898,0.344,0.04645,980,980,0.0,27.641,GOOD,1.0
2024-11-01,P06,S2B_30NXL_20241101_0_L2A,0.054096,0.044706,-0.080572,0.543012,1.111283,0.2157,0.1941,0.25235,0.0633,276,980,0.7184,31.541,ACCEPTABLE,0.92
2024-11-11,P06,S2B_30NXL_20241111_0_L2A,0.104401,0.047256,-0.114145,0.659642,1.234315,0.3856,0.3124,0.4008,0.0621,262,980,0.7327,21.539,ACCEPTABLE,0.92
2024-11-16,P06,S2A_30NXL_20241116_0_L2A,0.022081,0.03855,-0.070567,0.589427,1.049793,0.1771,0.1687,0.1957,0.0435,54,980,0.9449,29.225,LOW_QUALITY,0.64
2024-11-21,P06,S2B_30NXL_20241121_0_L2A,0.102508,0.023059,-0.192896,0.494531,1.23168,0.3328,0.2702,0.4,0.0927,170,980,0.8265,23.098,ACCEPTABLE,0.92
2024-11-26,P06,S2A_30NXL_20241126_0_L2A,0.12578,0.047729,-0.157379,0.660473,1.300603,0.302,0.2322,0.3485,0.04285,276,980,0.7184,21.713,ACCEPTABLE,0.92
2024-12-01,P06,S2B_30NXL_20241201_0_L2A,0.120278,0.030692,-0.179577,0.497798,1.280732,0.2938,0.2294,0.3309,0.0776,980,980,0.0,3.047,GOOD,1.0
2024-12-06,P06,S2C_30NXL_20241206_1_L2A,0.137843,0.068041,-0.189562,0.912191,1.312693,0.2544,0.1938,0.2914,0.0097,530,980,0.4592,48.424,ACCEPTABLE,0.88
2024-12-16,P06,S2A_30NXL_20241216_0_L2A,0.150026,0.039121,-0.175858,0.598925,1.356302,0.3228,0.238,0.34675,0.0569,690,980,0.2959,14.901,GOOD,1.0
2024-12-21,P06,S2B_30NXL_20241221_0_L2A,0.152645,0.031338,-0.230293,0.465004,1.36853,0.2644,0.1932,0.3104,0.0705,980,980,0.0,11.854,GOOD,1.0
2024-12-26,P06,S2A_30NXL_20241226_0_L2A,0.088746,0.028365,-0.220234,0.36,1.203714,0.2204,0.1831,0.2897,0.08605,68,980,0.9306,23.518,LOW_QUALITY,0.64
2024-12-31,P06,S2B_30NXL_20241231_0_L2A,0.093041,0.038016,-0.224902,0.433839,1.209,0.2794,0.2311,0.368,0.0916,140,980,0.8571,25.268,LOW_QUALITY,0.64
2025-01-05,P06,S2A_30NXL_20250105_0_L2A,0.083458,0.022975,-0.238512,0.262105,1.18568,0.2484,0.2095,0.3412,0.12425,704,980,0.2816,18.19,GOOD,1.0
2025-01-15,P06,S2A_30NXL_20250115_0_L2A,0.102945,0.042024,-0.25749,0.294609,1.226886,0.2017,0.1644,0.2966,0.089,470,980,0.5204,36.913,ACCEPTABLE,0.92
2025-01-20,P06,S2B_30NXL_20250120_0_L2A,-0.04707,0.04484,-0.289304,0.243535,0.871089,0.1392,0.1598,0.2788,0.0931,24,980,0.9755,38.062,LOW_QUALITY,0.49
2025-01-30,P06,S2B_30NXL_20250130_0_L2A,0.134984,0.050798,-0.157456,0.496682,1.300792,0.2958,0.2274,0.31235,0.0737,980,980,0.0,16.806,GOOD,1.0
2025-02-04,P06,S2C_30NXL_20250204_0_L2A,0.205418,0.117374,-0.262016,1.0,1.476124,0.1051,0.0712,0.1223,-0.029,460,980,0.5306,19.553,ACCEPTABLE,0.8
2025-02-24,P06,S2C_30NXL_20250224_0_L2A,-0.021028,0.03348,-0.410327,-0.107892,0.978484,0.0955,0.0976,0.234,0.1225,576,980,0.4122,84.898,GOOD,1.0
2025-03-06,P06,S2C_30NXL_20250306_0_L2A,0.16002,0.106019,-0.126832,1.0,1.385155,0.237,0.1711,0.2226,-0.0343,406,980,0.5857,41.977,ACCEPTABLE,0.8
2025-03-26,P06,S2C_30NXL_20250326_0_L2A,0.104137,0.03099,-0.118804,0.429787,1.22142,0.406,0.3324,0.4245,0.1327,334,980,0.6592,67.538,ACCEPTABLE,0.92
2025-03-28,P06,S2A_30NXL_20250328_0_L2A,0.11526,0.061192,-0.115698,0.734028,1.267571,0.4112,0.3244,0.4124,0.0495,100,980,0.898,29.383,LOW_QUALITY,0.52
2025-04-05,P06,S2C_30NXL_20250405_0_L2A,0.103513,0.029649,-0.087194,0.582197,1.235908,0.3552,0.2874,0.3433,0.0762,936,980,0.0449,17.448,GOOD,1.0
2025-04-17,P06,S2A_30NXL_20250417_0_L2A,0.079775,0.049121,-0.072112,0.646957,1.177872,0.445,0.3778,0.4354,0.0824,42,980,0.9571,63.651,LOW_QUALITY,0.64
2025-04-20,P06,S2B_30NXL_20250420_0_L2A,-0.063651,0.036859,-0.222603,0.156702,0.887029,0.1484,0.1673,0.2509,0.10525,24,980,0.9755,71.727,LOW_QUALITY,0.49
2025-05-20,P06,S2B_30NXL_20250520_0_L2A,0.077868,0.038214,-0.102119,0.448557,1.174626,0.3296,0.2806,0.3464,0.1069,784,980,0.2,24.972,GOOD,1.0
2025-05-25,P06,S2C_30NXL_20250525_0_L2A,0.108045,0.025807,-0.127873,0.528676,1.246677,0.3376,0.2708,0.3532,0.0856,980,980,0.0,72.206,GOOD,1.0
2025-05-27,P06,S2A_30NXL_20250527_0_L2A,0.076049,0.024361,-0.127586,0.445721,1.174255,0.343,0.2921,0.3846,0.1087,98,980,0.9,46.123,LOW_QUALITY,0.64
2025-06-06,P06,S2A_30NXL_20250606_0_L2A,0.104866,0.032267,-0.078551,0.68986,1.239031,0.3784,0.3054,0.3632,0.0585,838,980,0.1449,25.867,GOOD,1.0
2025-06-19,P06,S2B_30NXL_20250619_0_L2A,-0.023421,0.036566,-0.229826,0.28293,0.956427,0.1756,0.1836,0.2985,0.1032,14,980,0.9857,52.036,LOW_QUALITY,0.49
2025-07-14,P06,S2C_30NXL_20250714_0_L2A,0.127962,0.035214,-0.140693,0.694205,1.291949,0.3049,0.236,0.31945,0.0378,186,980,0.8102,18.895,ACCEPTABLE,0.92
2025-07-29,P06,S2B_30NXL_20250729_0_L2A,0.055906,0.046113,-0.400169,-0.104745,1.090258,0.1522,0.1396,0.3202,0.15465,68,980,0.9306,64.231,LOW_QUALITY,0.64
2025-09-04,P06,S2A_30NXL_20250904_0_L2A,0.10254,0.043885,-0.174849,0.400155,1.225188,0.358,0.2922,0.4195,0.1174,279,980,0.7153,54.881,ACCEPTABLE,0.92
2025-10-07,P06,S2B_30NXL_20251007_0_L2A,0.127627,0.020192,-0.124615,0.780632,1.29696,0.4778,0.3684,0.4774,0.0461,12,980,0.9878,43.413,LOW_QUALITY,0.49
2025-10-12,P06,S2C_30NXL_20251012_0_L2A,0.113461,0.03516,-0.080166,0.668317,1.264946,0.3724,0.2944,0.3528,0.0618,816,980,0.1673,39.788,GOOD,1.0
2025-10-22,P06,S2C_30NXL_20251022_0_L2A,-0.002693,0.040755,-0.234831,0.105715,1.002419,0.1243,0.124,0.2049,0.0982,12,980,0.9878,45.389,LOW_QUALITY,0.49
2025-11-01,P06,S2C_30NXL_20251101_0_L2A,0.120581,0.024392,-0.058676,0.713557,1.281432,0.3292,0.2569,0.293,0.0444,980,980,0.0,35.857,GOOD,1.0
2025-11-11,P06,S2C_30NXL_20251111_0_L2A,0.091221,0.019069,-0.110416,0.621051,1.209267,0.3236,0.2676,0.3334,0.0612,38,980,0.9612,25.874,LOW_QUALITY,0.49
2025-11-16,P06,S2B_30NXL_20251116_0_L2A,0.098264,0.034578,-0.159397,0.552134,1.224409,0.311,0.254,0.3588,0.0733,106,980,0.8918,30.453,LOW_QUALITY,0.64
2025-11-26,P06,S2B_30NXL_20251126_0_L2A,0.095176,0.051108,-0.194552,0.329576,1.180527,0.291,0.2465,0.3668,0.1195,524,980,0.4653,42.602,GOOD,1.0
2025-12-03,P06,S2A_30NXL_20251203_0_L2A,-0.016536,0.048471,-0.157685,0.109896,0.965559,0.1598,0.1655,0.2304,0.1241,266,980,0.7286,37.233,ACCEPTABLE,0.92
2025-12-06,P06,S2B_30NXL_20251206_0_L2A,0.006588,0.017142,-0.245671,0.037522,1.01951,0.2456,0.2409,0.39835,0.22545,16,980,0.9837,44.554,LOW_QUALITY,0.49
2025-12-16,P06,S2B_30NXL_20251216_0_L2A,0.030399,0.026639,-0.089609,0.43985,1.065596,0.1592,0.1494,0.1786,0.0585,328,980,0.6653,61.214,ACCEPTABLE,0.92
2025-12-23,P06,S2A_30NXL_20251223_0_L2A,0.123157,0.04227,-0.162646,0.644697,1.286827,0.3468,0.2695,0.3758,0.0589,42,980,0.9571,29.91,LOW_QUALITY,0.64
2025-12-31,P06,S2C_30NXL_20251231_0_L2A,0.110778,0.053226,-0.155886,0.551825,1.258958,0.325,0.25815,0.376,0.0715,338,980,0.6551,35.124,ACCEPTABLE,0.92
2026-01-05,P06,S2B_30NXL_20260105_0_L2A,0.029526,0.006357,-0.05248,0.612234,1.068428,0.1577,0.1476,0.16365,0.0355,30,980,0.9694,29.008,LOW_QUALITY,0.49
2026-01-25,P06,S2B_30NXL_20260125_0_L2A,0.156364,0.03439,-0.228064,0.511625,1.376365,0.2772,0.2014,0.3231,0.06545,980,980,0.0,4.027,GOOD,1.0
2026-01-30,P06,S2C_30NXL_20260130_0_L2A,0.091807,0.028597,-0.199034,0.182572,1.203731,0.1613,0.134,0.1965,0.09435,552,980,0.4367,59.688,GOOD,1.0
2026-02-09,P06,S2C_30NXL_20260209_0_L2A,0.120782,0.033629,-0.142356,0.58562,1.281747,0.3669,0.28625,0.3894,0.0695,592,980,0.3959,30.902,GOOD,1.0
2026-02-19,P06,S2C_30NXL_20260219_0_L2A,0.082114,0.013018,-0.220192,0.157943,1.183244,0.298,0.25185,0.394,0.1844,224,980,0.7714,72.496,ACCEPTABLE,0.92
2026-03-01,P06,S2C_30NXL_20260301_0_L2A,0.075998,0.027623,-0.101182,0.493474,1.171266,0.4329,0.3696,0.45555,0.1246,380,980,0.6122,54.895,ACCEPTABLE,0.92
2026-03-06,P06,S2B_30NXL_20260306_0_L2A,0.137683,0.036362,-0.167071,0.566063,1.321998,0.3149,0.2382,0.3347,0.0656,970,980,0.0102,16.229,GOOD,1.0
2026-03-26,P06,S2B_30NXL_20260326_0_L2A,0.118124,0.0391,-0.14799,0.587761,1.27075,0.3506,0.2759,0.3772,0.0717,636,980,0.351,25.585,GOOD,1.0
2026-03-31,P06,S2C_30NXL_20260331_0_L2A,0.107609,0.03115,-0.131346,0.548242,1.240714,0.3474,0.28,0.3733,0.0788,980,980,0.0,15.864,GOOD,1.0
2026-04-12,P06,S2A_30NXL_20260412_0_L2A,0.062875,0.021446,-0.154116,0.395958,1.137421,0.3228,0.2838,0.3871,0.1239,98,980,0.9,29.944,LOW_QUALITY,0.64
2026-04-15,P06,S2B_30NXL_20260415_0_L2A,0.106179,0.030566,-0.145881,0.537892,1.249647,0.3096,0.24775,0.3357,0.0762,730,980,0.2551,6.38,GOOD,1.0
2026-04-22,P06,S2A_30NXL_20260422_0_L2A,0.088387,0.054693,-0.146389,0.423115,1.169972,0.2891,0.2471,0.3293,0.0984,494,980,0.4959,18.105,GOOD,1.0
2026-04-30,P06,S2C_30NXL_20260430_0_L2A,0.11885,0.035521,-0.140666,0.544289,1.276402,0.2937,0.2301,0.3106,0.0613,980,980,0.0,5.442,GOOD,1.0
2026-05-10,P06,S2C_30NXL_20260510_0_L2A,0.09537,0.035111,-0.093967,0.571813,1.214733,0.3496,0.2878,0.3485,0.0792,896,980,0.0857,58.649,GOOD,1.0
2026-05-22,P06,S2A_30NXL_20260522_0_L2A,-0.015655,0.018076,-0.29777,-0.060059,0.984278,0.1972,0.20035,0.37425,0.22815,28,980,0.9714,91.977,LOW_QUALITY,0.49
2026-05-30,P06,S2C_30NXL_20260530_0_L2A,0.104304,0.025892,-0.092502,0.600889,1.24085,0.356,0.2869,0.34795,0.0734,212,980,0.7837,20.629,ACCEPTABLE,0.92
2026-06-01,P06,S2A_30NXL_20260601_0_L2A,0.098983,0.026387,-0.104623,0.638898,1.223517,0.3569,0.2917,0.36115,0.0646,334,980,0.6592,69.091,ACCEPTABLE,0.92
2026-07-24,P06,S2B_30NXL_20260724_0_L2A,-0.019475,0.028443,-0.366095,-0.158715,1.000999,0.15035,0.1502,0.33045,0.20625,24,980,0.9755,76.92,LOW_QUALITY,0.49
2017-01-07,P07,S2A_30NXL_20170107_0_L2A,0.050695,0.012441,-0.136038,-0.168874,1.095517,0.4496,0.4104,0.542,0.5839,43,1480,0.9709,23.008,LOW_QUALITY,0.64
2017-01-27,P07,S2A_30NXL_20170127_0_L2A,0.118671,0.053628,-0.324287,0.050805,1.293548,0.1604,0.124,0.2423,0.1092,36,1480,0.9757,13.445,LOW_QUALITY,0.49
2017-03-18,P07,S2A_30NXL_20170318_0_L2A,0.049258,0.030527,-0.065312,0.076765,1.099502,0.1547,0.1407,0.1616,0.10225,384,1480,0.7405,55.25,ACCEPTABLE,0.92
2017-03-28,P07,S2A_30NXL_20170328_0_L2A,0.065032,0.023106,-0.065361,0.283464,1.139053,0.154,0.1352,0.1536,0.0722,120,1480,0.9189,16.766,LOW_QUALITY,0.64
2017-04-17,P07,S2A_30NXL_20170417_0_L2A,0.046582,0.051475,-0.175585,-0.155267,1.153369,0.279,0.2419,0.3623,0.32735,16,1480,0.9892,13.69,LOW_QUALITY,0.49
2017-06-06,P07,S2A_30NXL_20170606_0_L2A,0.055869,0.084638,-0.145989,0.189635,1.164758,0.1322,0.1135,0.1666,0.076,196,1480,0.8676,80.067,LOW_QUALITY,0.72
2017-07-06,P07,S2A_30NXL_20170706_0_L2A,-0.022009,0.011043,-0.005426,0.732212,0.958931,0.2942,0.3068,0.312,0.04705,656,1480,0.5568,71.255,ACCEPTABLE,0.92
2017-07-11,P07,S2B_30NXL_20170711_0_L2A,0.073987,0.052536,0.022355,0.68447,1.150928,0.1365,0.1186,0.1203,0.0213,1320,1480,0.1081,10.295,GOOD,1.0
2017-07-16,P07,S2A_30NXL_20170716_0_L2A,-0.045071,0.012536,0.092086,0.56799,0.910369,0.2072,0.2276,0.1929,0.0649,788,1480,0.4676,76.993,GOOD,1.0
2017-07-21,P07,S2B_30NXL_20170721_0_L2A,0.015164,0.03449,0.001083,0.569776,1.058959,0.2766,0.2612,0.2618,0.0678,895,1480,0.3953,37.383,GOOD,1.0
2017-08-20,P07,S2B_30NXL_20170820_0_L2A,0.00129,0.064561,0.095379,0.646246,0.969605,0.1276,0.1316,0.1112,0.0308,1228,1480,0.1703,19.154,ACCEPTABLE,0.88
2017-10-09,P07,S2B_30NXL_20171009_0_L2A,0.124254,0.014896,0.05647,0.713989,1.289538,0.212,0.1644,0.1468,0.0275,1260,1480,0.1486,28.443,GOOD,1.0
2017-10-24,P07,S2A_30NXL_20171024_0_L2A,0.001842,0.037749,-0.022026,0.223529,1.005139,0.1369,0.1362,0.1468,0.0916,268,1480,0.8189,26.802,ACCEPTABLE,0.92
2017-10-29,P07,S2B_30NXL_20171029_0_L2A,0.021062,0.050927,-0.0817,0.170767,1.036254,0.1372,0.1324,0.1593,0.08205,568,1480,0.6162,45.094,ACCEPTABLE,0.92
2017-11-08,P07,S2B_30NXL_20171108_0_L2A,0.031428,0.021028,-0.060551,0.173675,1.073171,0.1452,0.1353,0.1558,0.09275,360,1480,0.7568,16.765,ACCEPTABLE,0.92
2017-11-18,P07,S2B_30NXL_20171118_0_L2A,0.033258,0.035364,0.016984,0.436912,1.06334,0.1108,0.1042,0.1029,0.0417,580,1480,0.6081,31.986,ACCEPTABLE,0.92
2017-11-28,P07,S2B_30NXL_20171128_0_L2A,0.124333,0.019755,0.005465,0.639232,1.282755,0.2663,0.2076,0.2082,0.0474,452,1480,0.6946,16.465,ACCEPTABLE,0.92
2017-12-03,P07,S2A_30NXL_20171203_0_L2A,0.125774,0.019138,0.030568,0.666398,1.290541,0.2674,0.2072,0.1948,0.0418,556,1480,0.6243,27.847,ACCEPTABLE,0.92
2017-12-13,P07,S2A_30NXL_20171213_1_L2A,0.037811,0.010782,-0.173961,0.132691,1.081224,0.205,0.1896,0.2688,0.146,1388,1480,0.0622,32.24,GOOD,1.0
2017-12-18,P07,S2B_30NXL_20171218_0_L2A,0.025455,0.033387,-0.103213,0.271732,1.051724,0.122,0.116,0.1483,0.0631,132,1480,0.9108,21.186,LOW_QUALITY,0.64
2017-12-28,P07,S2B_30NXL_20171228_1_L2A,0.011557,0.010727,-0.196867,0.120305,1.022283,0.2248,0.2199,0.333,0.17245,456,1480,0.6919,30.237,ACCEPTABLE,0.92
2018-01-02,P07,S2A_30NXL_20180102_1_L2A,0.126897,0.028278,-0.194578,0.081841,1.309724,0.2182,0.1666,0.244,0.13695,1480,1480,0.0,6.359,GOOD,1.0
2018-01-12,P07,S2A_30NXL_20180112_0_L2A,0.067921,0.034271,-0.120603,0.169231,1.156228,0.1643,0.1421,0.1816,0.09285,1376,1480,0.0703,23.652,GOOD,1.0
2018-01-17,P07,S2B_30NXL_20180117_0_L2A,0.101025,0.032232,-0.115061,0.312288,1.228716,0.1703,0.1386,0.1801,0.0683,1276,1480,0.1378,1.186,GOOD,1.0
2018-01-22,P07,S2A_30NXL_20180122_0_L2A,0.057075,0.030198,-0.234284,0.002007,1.177507,0.1738,0.1476,0.2382,0.1307,96,1480,0.9351,11.396,LOW_QUALITY,0.64
2018-02-01,P07,S2A_30NXL_20180201_0_L2A,0.010298,0.019183,-0.198516,0.095621,1.023192,0.15,0.1466,0.2163,0.119,52,1480,0.9649,9.7,LOW_QUALITY,0.64
2018-03-03,P07,S2A_30NXL_20180303_0_L2A,0.123935,0.020902,0.037806,0.735512,1.285945,0.3184,0.2476,0.2304,0.0362,1152,1480,0.2216,26.206,GOOD,1.0
2018-03-08,P07,S2B_30NXL_20180308_0_L2A,0.023338,0.019893,0.086421,0.440345,1.050347,0.121,0.1152,0.0952,0.0449,1068,1480,0.2784,38.889,GOOD,1.0
2018-03-13,P07,S2A_30NXL_20180313_0_L2A,-0.003411,0.022784,-0.128251,0.148155,1.002011,0.1495,0.1492,0.1897,0.0998,36,1480,0.9757,31.843,LOW_QUALITY,0.49
2018-03-18,P07,S2B_30NXL_20180318_0_L2A,0.085137,0.025533,0.000826,0.593129,1.189807,0.2031,0.1707,0.1752,0.0432,176,1480,0.8811,81.316,LOW_QUALITY,0.84
2018-03-23,P07,S2A_30NXL_20180323_0_L2A,0.017482,0.037284,-0.165369,0.011811,1.047302,0.1417,0.1353,0.1961,0.1091,44,1480,0.9703,39.684,LOW_QUALITY,0.64
2018-04-12,P07,S2A_30NXL_20180412_0_L2A,0.031367,0.032278,-0.026414,0.298008,1.074875,0.1292,0.1202,0.1258,0.0657,668,1480,0.5486,35.035,ACCEPTABLE,0.92
2018-04-22,P07,S2A_30NXL_20180422_0_L2A,-0.008399,0.032114,-0.193176,-0.029224,0.990771,0.1503,0.1517,0.2299,0.15895,96,1480,0.9351,42.749,LOW_QUALITY,0.64
2018-05-07,P07,S2B_30NXL_20180507_0_L2A,0.035571,0.023777,-0.068497,0.230274,1.078905,0.134,0.1242,0.1423,0.07675,360,1480,0.7568,41.493,ACCEPTABLE,0.92
2018-05-12,P07,S2A_30NXL_20180512_0_L2A,0.138008,0.023613,0.015844,0.711524,1.323495,0.2242,0.1694,0.1644,0.02875,1208,1480,0.1838,18.959,GOOD,1.0
2018-05-22,P07,S2A_30NXL_20180522_0_L2A,0.068358,0.046521,-0.102852,0.247165,1.133937,0.1253,0.1105,0.1365,0.0658,308,1480,0.7919,58.457,ACCEPTABLE,0.92
2018-06-01,P07,S2A_30NXL_20180601_0_L2A,0.043053,0.052837,-0.272993,0.262288,1.120942,0.08805,0.07855,0.1444,0.04755,176,1480,0.8811,72.312,LOW_QUALITY,0.84
2018-06-11,P07,S2A_30NXL_20180611_0_L2A,0.026329,0.053488,-0.209829,-0.163885,1.064453,0.218,0.2048,0.2865,0.28805,32,1480,0.9784,39.13,LOW_QUALITY,0.49
2018-07-11,P07,S2A_30NXL_20180711_0_L2A,-0.0531,0.049996,-0.414304,-0.085987,0.907285,0.137,0.151,0.367,0.178,76,1480,0.9486,46.398,LOW_QUALITY,0.64
2018-08-05,P07,S2B_30NXL_20180805_0_L2A,0.1375,0.024255,0.062741,0.785183,1.321091,0.2518,0.1906,0.1678,0.0226,1412,1480,0.0459,11.265,GOOD,1.0
2018-09-14,P07,S2B_30NXL_20180914_0_L2A,-0.030798,0.017919,-0.026401,0.212121,0.958122,0.151,0.1576,0.1844,0.1108,55,1480,0.9628,37.564,LOW_QUALITY,0.64
2018-10-04,P07,S2B_30NXL_20181004_0_L2A,-0.014208,0.038241,0.028614,0.462267,1.0,0.128,0.128,0.121,0.04845,296,1480,0.8,77.647,ACCEPTABLE,0.92
2018-10-09,P07,S2A_30NXL_20181009_0_L2A,0.017022,0.021292,-0.005275,0.304961,1.040119,0.14,0.1346,0.1372,0.07135,384,1480,0.7405,90.349,ACCEPTABLE,0.92
2018-10-14,P07,S2B_30NXL_20181014_0_L2A,0.028861,0.022499,0.080878,0.474808,1.05519,0.1606,0.1522,0.1314,0.0553,436,1480,0.7054,74.942,ACCEPTABLE,0.92
2018-10-19,P07,S2A_30NXL_20181019_1_L2A,0.127442,0.024856,0.134362,0.741471,1.29724,0.2444,0.1884,0.1447,0.02805,1480,1480,0.0,28.861,GOOD,1.0
2018-10-24,P07,S2B_30NXL_20181024_0_L2A,0.080108,0.030502,0.081385,0.665565,1.169583,0.2807,0.24,0.2092,0.0494,200,1480,0.8649,69.358,LOW_QUALITY,0.84
2018-11-03,P07,S2B_30NXL_20181103_0_L2A,0.112986,0.030146,0.084284,0.750094,1.259636,0.2974,0.2361,0.2004,0.03225,984,1480,0.3351,26.263,GOOD,1.0
2018-11-18,P07,S2A_30NXL_20181118_0_L2A,0.113047,0.024457,0.057503,0.744947,1.256432,0.293,0.2332,0.2066,0.0344,1156,1480,0.2189,34.131,GOOD,1.0
2018-11-23,P07,S2B_30NXL_20181123_0_L2A,0.114548,0.031946,0.008826,0.701668,1.25892,0.2752,0.2186,0.2186,0.04,1240,1480,0.1622,15.289,GOOD,1.0
2018-11-28,P07,S2A_30NXL_20181128_0_L2A,0.093465,0.037919,0.070756,0.662664,1.20315,0.2292,0.1905,0.1755,0.04335,352,1480,0.7622,31.081,ACCEPTABLE,0.92
2018-12-03,P07,S2B_30NXL_20181203_0_L2A,0.021122,0.05793,-0.009624,0.476031,1.189218,0.225,0.1892,0.2286,0.0511,175,1480,0.8818,53.329,LOW_QUALITY,0.84
2018-12-08,P07,S2A_30NXL_20181208_0_L2A,0.01036,0.017876,-0.138017,0.138657,1.023289,0.145,0.1417,0.1869,0.108,92,1480,0.9378,42.294,LOW_QUALITY,0.64
2018-12-18,P07,S2A_30NXL_20181218_0_L2A,0.100151,0.008832,-0.037837,0.613836,1.229803,0.2938,0.2389,0.259,0.0577,294,1480,0.8014,59.577,ACCEPTABLE,0.92
2018-12-23,P07,S2B_30NXL_20181223_0_L2A,0.078614,0.018841,-0.108014,0.365748,1.181111,0.2276,0.1927,0.2402,0.08845,1064,1480,0.2811,17.421,GOOD,1.0
2019-01-02,P07,S2B_30NXL_20190102_0_L2A,0.005304,0.017417,-0.088829,0.292273,1.016,0.1778,0.175,0.212,0.0954,88,1480,0.9405,13.712,LOW_QUALITY,0.64
2019-01-22,P07,S2B_30NXL_20190122_0_L2A,0.012726,0.034515,-0.030491,0.238971,1.03411,0.1243,0.1202,0.1295,0.0735,252,1480,0.8297,54.717,ACCEPTABLE,0.92
2019-02-26,P07,S2A_30NXL_20190226_0_L2A,0.10375,0.027715,-0.026856,0.561735,1.231367,0.3172,0.2576,0.2745,0.07185,1200,1480,0.1892,8.851,GOOD,1.0
2019-03-13,P07,S2B_30NXL_20190313_0_L2A,0.06232,0.043123,-0.229532,0.055335,1.132695,0.1656,0.1462,0.23145,0.1308,12,1480,0.9919,26.539,LOW_QUALITY,0.49
2019-03-28,P07,S2A_30NXL_20190328_0_L2A,0.117161,0.033669,-0.045102,0.459651,1.273286,0.2488,0.1954,0.2138,0.0687,1224,1480,0.173,45.833,GOOD,1.0
2019-04-02,P07,S2B_30NXL_20190402_0_L2A,0.034414,0.018739,-0.138007,0.142867,1.078273,0.1598,0.1482,0.19785,0.11085,56,1480,0.9622,21.885,LOW_QUALITY,0.64
2019-04-22,P07,S2B_30NXL_20190422_1_L2A,0.068966,0.017437,-0.118997,0.36898,1.151042,0.2652,0.2304,0.2912,0.1064,1480,1480,0.0,24.391,GOOD,1.0
2019-05-02,P07,S2B_30NXL_20190502_0_L2A,0.030465,0.036422,-0.036759,0.482584,1.058735,0.1406,0.1328,0.1461,0.0492,404,1480,0.727,62.479,ACCEPTABLE,0.92
2019-05-07,P07,S2A_30NXL_20190507_0_L2A,0.001996,0.016897,-0.080607,0.180373,1.01581,0.1542,0.1518,0.1768,0.1033,28,1480,0.9811,25.446,LOW_QUALITY,0.49
2019-05-12,P07,S2B_30NXL_20190512_1_L2A,0.064601,0.015575,-0.086332,0.368383,1.13983,0.3228,0.2832,0.3364,0.131,764,1480,0.4838,53.132,GOOD,1.0
2019-05-17,P07,S2A_30NXL_20190517_0_L2A,0.108504,0.057263,-0.006042,0.601305,1.246729,0.2668,0.214,0.2114,0.0515,1455,1480,0.0169,21.514,GOOD,1.0
2019-06-11,P07,S2B_30NXL_20190611_0_L2A,-0.02991,0.029588,-0.138694,0.263657,0.95695,0.1556,0.1626,0.2208,0.0901,48,1480,0.9676,38.907,LOW_QUALITY,0.64
2019-07-21,P07,S2B_30NXL_20190721_0_L2A,-0.002573,0.062865,0.083164,0.054107,1.011516,0.1054,0.1042,0.092,0.1103,227,1480,0.8466,36.68,ACCEPTABLE,0.8
2019-08-30,P07,S2B_30NXL_20190830_0_L2A,-0.064194,0.008369,-0.103778,0.218521,0.879322,0.2543,0.2892,0.3562,0.1854,12,1480,0.9919,52.195,LOW_QUALITY,0.49
2019-10-04,P07,S2A_30NXL_20191004_1_L2A,0.024215,0.00782,0.040101,0.556448,1.049933,0.3154,0.3004,0.2755,0.0841,36,1480,0.9757,70.358,LOW_QUALITY,0.49
2019-10-24,P07,S2A_30NXL_20191024_0_L2A,0.006304,0.026521,-0.08345,0.179838,1.015015,0.1352,0.1332,0.1585,0.0976,160,1480,0.8919,61.273,LOW_QUALITY,0.84
2019-10-29,P07,S2B_30NXL_20191029_0_L2A,-0.012264,0.080276,-0.20415,-0.07149,0.984127,0.1302,0.1323,0.199,0.14665,392,1480,0.7351,42.51,ACCEPTABLE,0.8
2019-11-08,P07,S2B_30NXL_20191108_0_L2A,-0.023885,0.020803,0.041283,0.230731,0.95235,0.1479,0.1553,0.14075,0.0985,12,1480,0.9919,17.614,LOW_QUALITY,0.49
2019-11-13,P07,S2A_30NXL_20191113_0_L2A,0.027687,0.023688,0.000235,0.284282,1.058491,0.1122,0.106,0.10675,0.059,92,1480,0.9378,65.453,LOW_QUALITY,0.64
2019-11-18,P07,S2B_30NXL_20191118_0_L2A,0.124188,0.049351,0.032691,0.643605,1.301395,0.2798,0.215,0.20465,0.0317,964,1480,0.3486,13.388,GOOD,1.0
2019-11-23,P07,S2A_30NXL_20191123_0_L2A,0.121569,0.045089,0.021708,0.702071,1.24932,0.2756,0.2206,0.21365,0.0292,1148,1480,0.2243,23.695,GOOD,1.0
2019-11-28,P07,S2B_30NXL_20191128_0_L2A,0.122059,0.025058,-0.02609,0.696303,1.278521,0.325,0.2542,0.28085,0.04745,1184,1480,0.2,25.91,GOOD,1.0
2019-12-03,P07,S2A_30NXL_20191203_0_L2A,0.02048,0.060819,-0.021152,0.585256,0.932898,0.1001,0.1073,0.1533,0.0302,1132,1480,0.2351,22.167,ACCEPTABLE,0.88
2019-12-13,P07,S2A_30NXL_20191213_1_L2A,0.113447,0.022247,-0.024469,0.74263,1.259076,0.3052,0.2424,0.2558,0.0365,1476,1480,0.0027,23.413,GOOD,1.0
2019-12-18,P07,S2B_30NXL_20191218_1_L2A,0.136254,0.018678,-0.063801,0.652391,1.319962,0.2764,0.2094,0.237,0.0446,1480,1480,0.0,40.497,GOOD,1.0
2019-12-23,P07,S2A_30NXL_20191223_0_L2A,0.046282,0.034879,-0.076149,0.423377,1.075714,0.1506,0.14,0.1781,0.0539,908,1480,0.3865,14.994,GOOD,1.0
2019-12-28,P07,S2B_30NXL_20191228_1_L2A,0.127005,0.019462,-0.147961,0.53419,1.299643,0.2546,0.1959,0.2625,0.0593,44,1480,0.9703,4.451,LOW_QUALITY,0.64
2020-01-02,P07,S2A_30NXL_20200102_0_L2A,0.011345,0.022945,-0.06347,0.302234,1.025372,0.1172,0.1143,0.1267,0.05875,264,1480,0.8216,19.565,ACCEPTABLE,0.92
2020-01-07,P07,S2B_30NXL_20200107_1_L2A,0.151342,0.017592,-0.238477,0.121193,1.365551,0.2204,0.1614,0.2624,0.12655,1480,1480,0.0,0.112,GOOD,1.0
2020-01-12,P07,S2A_30NXL_20200112_0_L2A,0.106698,0.014073,-0.093075,0.420025,1.242395,0.2532,0.2038,0.246,0.0835,1480,1480,0.0,4.211,GOOD,1.0
2020-01-17,P07,S2B_30NXL_20200117_0_L2A,0.081725,0.031286,-0.155576,0.342252,1.202572,0.2244,0.1866,0.2584,0.0815,1380,1480,0.0676,12.158,GOOD,1.0
2020-01-22,P07,S2A_30NXL_20200122_1_L2A,0.116224,0.015336,-0.194881,0.194138,1.269266,0.28,0.2206,0.3288,0.1479,1168,1480,0.2108,58.815,GOOD,1.0
2020-01-27,P07,S2B_30NXL_20200127_1_L2A,0.202286,0.024832,-0.262473,0.264755,1.524781,0.2092,0.1372,0.2352,0.08035,1480,1480,0.0,7.911,GOOD,1.0
2020-02-01,P07,S2A_30NXL_20200201_0_L2A,0.003009,0.017344,-0.003832,0.507546,1.005595,0.1977,0.1966,0.1976,0.0647,64,1480,0.9568,22.851,LOW_QUALITY,0.64
2020-02-06,P07,S2B_30NXL_20200206_0_L2A,0.027051,0.023781,-0.108258,-0.159704,1.083252,0.445,0.4108,0.5176,0.585,66,1480,0.9554,13.937,LOW_QUALITY,0.64
2020-02-16,P07,S2B_30NXL_20200216_1_L2A,0.016752,0.009773,-0.143517,0.143155,1.034105,0.1698,0.1642,0.2194,0.1241,128,1480,0.9135,22.854,LOW_QUALITY,0.64
2020-02-21,P07,S2A_30NXL_20200221_1_L2A,0.058682,0.013084,-0.1506,0.206201,1.127907,0.2522,0.2236,0.3046,0.1499,1260,1480,0.1486,53.293,GOOD,1.0
2020-02-26,P07,S2B_30NXL_20200226_1_L2A,0.073187,0.020219,-0.074482,0.400419,1.165424,0.3438,0.295,0.3428,0.1253,1480,1480,0.0,51.905,GOOD,1.0
2020-03-22,P07,S2A_30NXL_20200322_1_L2A,0.108757,0.024244,-0.106989,0.494146,1.247173,0.3088,0.2476,0.3064,0.0838,1132,1480,0.2351,24.284,GOOD,1.0
2020-03-27,P07,S2B_30NXL_20200327_1_L2A,0.052214,0.021621,-0.165577,0.172954,1.108165,0.3176,0.2866,0.3976,0.1984,436,1480,0.7054,59.318,ACCEPTABLE,0.92
2020-04-06,P07,S2B_30NXL_20200406_0_L2A,0.010617,0.016823,-0.076631,0.227731,1.025992,0.15,0.1462,0.1708,0.0902,188,1480,0.873,69.92,LOW_QUALITY,0.84
2020-04-11,P07,S2A_30NXL_20200411_0_L2A,0.0305,0.045928,-0.036346,0.478,1.062665,0.1204,0.1133,0.1226,0.04,332,1480,0.7757,34.894,ACCEPTABLE,0.92
2020-04-21,P07,S2A_30NXL_20200421_0_L2A,0.115773,0.029237,-0.100513,0.627301,1.266071,0.2836,0.224,0.2746,0.05225,1480,1480,0.0,11.798,GOOD,1.0
2020-05-06,P07,S2B_30NXL_20200506_1_L2A,0.088617,0.023677,-0.064663,0.637043,1.197616,0.3818,0.3188,0.3652,0.06925,880,1480,0.4054,30.071,GOOD,1.0
2020-05-26,P07,S2B_30NXL_20200526_1_L2A,0.023293,0.016074,-0.219846,0.00663,1.045455,0.2024,0.1936,0.30185,0.1902,48,1480,0.9676,30.067,LOW_QUALITY,0.64
2020-05-31,P07,S2A_30NXL_20200531_1_L2A,0.135465,0.041574,-0.038638,0.654616,1.312745,0.2678,0.204,0.2198,0.04215,1480,1480,0.0,37.262,GOOD,1.0
2020-07-15,P07,S2B_30NXL_20200715_0_L2A,0.046126,0.027404,-0.029308,0.480462,1.108856,0.1202,0.1084,0.1117,0.0354,972,1480,0.3432,53.654,GOOD,1.0
2020-07-25,P07,S2B_30NXL_20200725_0_L2A,0.124899,0.024716,-0.045554,0.750968,1.28897,0.2828,0.2194,0.2412,0.0313,1428,1480,0.0351,14.168,GOOD,1.0
2020-08-04,P07,S2B_30NXL_20200804_1_L2A,0.142857,0.025239,-0.064709,0.78776,1.336423,0.2884,0.2158,0.2457,0.0258,1480,1480,0.0,22.958,GOOD,1.0
2020-08-19,P07,S2A_30NXL_20200819_0_L2A,0.004236,0.024712,-0.017266,0.599076,1.019774,0.2888,0.2832,0.2916,0.0717,207,1480,0.8601,47.26,LOW_QUALITY,0.84
2020-10-18,P07,S2A_30NXL_20201018_0_L2A,0.109403,0.025805,-0.017812,0.737496,1.244733,0.3072,0.2468,0.25895,0.0347,1468,1480,0.0081,44.839,GOOD,1.0
2020-10-23,P07,S2B_30NXL_20201023_1_L2A,0.107895,0.021985,-0.06246,0.655827,1.244016,0.3482,0.2799,0.32595,0.0585,876,1480,0.4081,39.475,GOOD,1.0
2020-11-07,P07,S2A_30NXL_20201107_0_L2A,0.043707,0.06474,-0.079678,0.444233,1.065145,0.224,0.2103,0.26815,0.05145,1440,1480,0.027,35.073,ACCEPTABLE,0.88
2020-11-12,P07,S2B_30NXL_20201112_0_L2A,0.110365,0.047411,-0.05831,0.574665,1.213008,0.2984,0.246,0.27635,0.0556,1476,1480,0.0027,23.193,GOOD,1.0
2020-11-17,P07,S2A_30NXL_20201117_0_L2A,-0.025064,0.029626,-0.212529,0.158122,0.952552,0.1325,0.1391,0.2178,0.1001,12,1480,0.9919,35.081,LOW_QUALITY,0.49
2020-12-02,P07,S2B_30NXL_20201202_0_L2A,0.046593,0.042733,-0.101445,0.459159,1.090641,0.1853,0.1699,0.21655,0.0538,1412,1480,0.0459,27.427,GOOD,1.0
2020-12-07,P07,S2A_30NXL_20201207_0_L2A,0.082079,0.047761,-0.084072,0.662524,1.174588,0.2422,0.2062,0.27465,0.04175,1328,1480,0.1027,20.764,GOOD,1.0
2020-12-12,P07,S2B_30NXL_20201212_0_L2A,-0.013226,0.037483,0.001003,0.561011,1.0,0.10155,0.10155,0.10285,0.0305,680,1480,0.5405,19.335,ACCEPTABLE,0.92
2020-12-17,P07,S2A_30NXL_20201217_0_L2A,-0.017129,0.019619,-0.020452,0.476891,0.962906,0.1246,0.1294,0.1366,0.0472,652,1480,0.5595,32.496,ACCEPTABLE,0.92
2020-12-22,P07,S2B_30NXL_20201222_0_L2A,0.118714,0.028318,-0.10578,0.519187,1.2721,0.295,0.2319,0.2868,0.0717,1444,1480,0.0243,18.33,GOOD,1.0
2020-12-27,P07,S2A_30NXL_20201227_0_L2A,0.112248,0.026428,-0.155766,0.534597,1.253988,0.2987,0.2382,0.32575,0.07335,352,1480,0.7622,16.174,ACCEPTABLE,0.92
2021-01-01,P07,S2B_30NXL_20210101_1_L2A,0.159303,0.016377,-0.171658,0.388889,1.388773,0.2672,0.1924,0.2714,0.0841,288,1480,0.8054,84.475,ACCEPTABLE,0.92
2021-01-11,P07,S2B_30NXL_20210111_2_L2A,0.13266,0.020482,-0.097732,0.679693,1.311862,0.334,0.2546,0.312,0.0493,1040,1480,0.2973,17.642,GOOD,1.0
2021-01-16,P07,S2A_30NXL_20210116_0_L2A,0.117434,0.041354,-0.106342,0.625538,1.263381,0.2384,0.1887,0.24915,0.041,1480,1480,0.0,19.474,GOOD,1.0
2021-01-21,P07,S2B_30NXL_20210121_1_L2A,0.082721,0.019807,-0.199209,0.293743,1.184962,0.2364,0.1995,0.2998,0.1063,868,1480,0.4135,38.967,GOOD,1.0
2021-01-26,P07,S2A_30NXL_20210126_1_L2A,0.137427,0.017308,-0.240119,0.154355,1.321257,0.248,0.1877,0.306,0.13805,1480,1480,0.0,4.276,GOOD,1.0
2021-01-31,P07,S2B_30NXL_20210131_0_L2A,0.073586,0.024543,-0.203221,0.285452,1.169173,0.2488,0.2128,0.3208,0.1194,700,1480,0.527,19.979,ACCEPTABLE,0.92
2021-02-10,P07,S2B_30NXL_20210210_0_L2A,0.111883,0.027839,-0.131026,0.492976,1.245136,0.32,0.257,0.3376,0.0904,1233,1480,0.1669,17.176,GOOD,1.0
2021-02-15,P07,S2A_30NXL_20210215_0_L2A,0.009845,0.023856,-0.063139,0.326172,1.03188,0.2816,0.2729,0.30085,0.1385,260,1480,0.8243,17.055,ACCEPTABLE,0.92
2021-02-20,P07,S2B_30NXL_20210220_0_L2A,0.129691,0.017659,-0.115236,0.593926,1.301109,0.3284,0.2524,0.319,0.0644,1480,1480,0.0,17.773,GOOD,1.0
2021-02-25,P07,S2A_30NXL_20210225_0_L2A,0.089496,0.026714,-0.210931,0.266253,1.199589,0.2332,0.1944,0.301,0.11055,1480,1480,0.0,25.971,GOOD,1.0
2021-04-11,P07,S2B_30NXL_20210411_0_L2A,0.046658,0.037155,-0.08299,0.475753,1.092308,0.1136,0.104,0.1246,0.0403,984,1480,0.3351,10.844,GOOD,1.0
2021-04-21,P07,S2B_30NXL_20210421_0_L2A,0.056476,0.024936,-0.020114,0.451725,1.134884,0.1464,0.129,0.13445,0.04995,592,1480,0.6,31.927,ACCEPTABLE,0.92
2021-04-26,P07,S2A_30NXL_20210426_0_L2A,0.068218,0.051187,-0.093302,0.439388,1.059847,0.2497,0.2356,0.34255,0.0606,1220,1480,0.1757,15.969,GOOD,1.0
2021-05-06,P07,S2A_30NXL_20210506_0_L2A,0.022739,0.045442,-0.307364,-0.211836,1.080606,0.1783,0.165,0.3141,0.2624,12,1480,0.9919,69.23,LOW_QUALITY,0.49
2021-06-25,P07,S2A_30NXL_20210625_0_L2A,0.067627,0.039066,0.021254,0.504379,1.136536,0.1798,0.1582,0.1592,0.053,804,1480,0.4568,70.641,GOOD,1.0
2021-07-05,P07,S2A_30NXL_20210705_0_L2A,0.062257,0.055313,-0.034319,0.606123,1.112392,0.1158,0.1041,0.12155,0.02215,1328,1480,0.1027,28.911,GOOD,1.0
2021-07-10,P07,S2B_30NXL_20210710_0_L2A,-0.001744,0.025554,-0.088101,0.247018,1.008011,0.151,0.1498,0.1796,0.09055,968,1480,0.3459,19.784,GOOD,1.0
2021-07-25,P07,S2A_30NXL_20210725_0_L2A,0.007449,0.049002,-0.187951,-0.013893,1.08128,0.294,0.2719,0.418,0.2799,292,1480,0.8027,22.482,ACCEPTABLE,0.92
2021-07-30,P07,S2B_30NXL_20210730_0_L2A,-0.035874,0.020324,-0.084247,0.196089,0.929559,0.2151,0.2314,0.2767,0.155,460,1480,0.6892,34.762,ACCEPTABLE,0.92
2021-08-14,P07,S2A_30NXL_20210814_0_L2A,-0.003102,0.032913,-0.085458,0.184265,1.031111,0.1392,0.135,0.1671,0.08735,280,1480,0.8108,24.376,ACCEPTABLE,0.92
2021-08-19,P07,S2B_30NXL_20210819_0_L2A,-0.001864,0.025255,-0.037639,0.528806,1.002561,0.1566,0.1562,0.1672,0.048,1372,1480,0.073,48.552,GOOD,1.0
2021-09-13,P07,S2A_30NXL_20210913_0_L2A,0.088694,0.030451,-0.055565,0.508243,1.1939,0.3288,0.2754,0.3169,0.0875,988,1480,0.3324,40.174,GOOD,1.0
2021-09-23,P07,S2A_30NXL_20210923_0_L2A,0.110653,0.025155,0.020388,0.743062,1.255015,0.3253,0.2592,0.2492,0.0377,160,1480,0.8919,27.629,LOW_QUALITY,0.84
2021-10-08,P07,S2B_30NXL_20211008_0_L2A,-0.038533,0.027091,-0.139377,0.229562,0.925573,0.1455,0.1572,0.2064,0.0982,12,1480,0.9919,48.657,LOW_QUALITY,0.49
2021-10-13,P07,S2A_30NXL_20211013_0_L2A,0.042501,0.033289,-0.246151,0.085709,1.068425,0.1499,0.1403,0.2356,0.1188,12,1480,0.9919,21.046,LOW_QUALITY,0.49
2021-10-18,P07,S2B_30NXL_20211018_1_L2A,0.121035,0.022637,0.042258,0.720588,1.287226,0.3648,0.2834,0.2614,0.0471,1212,1480,0.1811,44.779,GOOD,1.0
2021-10-28,P07,S2B_30NXL_20211028_0_L2A,0.004915,0.032297,-0.123765,0.101012,1.041631,0.2452,0.2354,0.3061,0.1905,256,1480,0.827,42.656,ACCEPTABLE,0.92
2021-11-12,P07,S2A_30NXL_20211112_0_L2A,0.066441,0.009914,-0.073243,0.466775,1.142162,0.3053,0.2673,0.3077,0.0975,20,1480,0.9865,35.251,LOW_QUALITY,0.49
2021-11-17,P07,S2B_30NXL_20211117_0_L2A,0.116235,0.06648,-0.061147,0.619752,1.267784,0.3404,0.2685,0.30675,0.0483,444,1480,0.7,22.654,ACCEPTABLE,0.8
2021-11-27,P07,S2B_30NXL_20211127_0_L2A,-0.018266,0.033833,-0.027659,0.461847,0.978102,0.1072,0.1096,0.1165,0.04195,392,1480,0.7351,41.064,ACCEPTABLE,0.92
2021-12-02,P07,S2A_30NXL_20211202_0_L2A,0.110949,0.032712,-0.039875,0.686112,1.248355,0.3036,0.2432,0.2647,0.0408,1444,1480,0.0243,25.313,GOOD,1.0
2021-12-07,P07,S2B_30NXL_20211207_0_L2A,0.056528,0.038512,-0.11945,0.395937,1.126175,0.1678,0.149,0.1945,0.06685,1408,1480,0.0486,27.629,GOOD,1.0
2021-12-12,P07,S2A_30NXL_20211212_1_L2A,0.096399,0.023541,-0.178333,0.364711,1.215794,0.2648,0.2178,0.3116,0.1014,392,1480,0.7351,33.924,ACCEPTABLE,0.92
2021-12-17,P07,S2B_30NXL_20211217_1_L2A,0.098754,0.01727,-0.137676,0.492804,1.215732,0.3122,0.2568,0.3406,0.0864,76,1480,0.9486,77.173,LOW_QUALITY,0.64
2021-12-22,P07,S2A_30NXL_20211222_1_L2A,0.147489,0.015019,-0.163582,0.448548,1.353276,0.285,0.2106,0.2922,0.0804,1480,1480,0.0,24.784,GOOD,1.0
2021-12-27,P07,S2B_30NXL_20211227_1_L2A,0.123102,0.01927,-0.097738,0.605331,1.289514,0.3394,0.2632,0.329,0.0607,580,1480,0.6081,66.046,ACCEPTABLE,0.92
2022-01-01,P07,S2A_30NXL_20220101_0_L2A,0.025515,0.030532,-0.095869,0.413998,1.043333,0.1252,0.12,0.1439,0.0502,996,1480,0.327,28.296,GOOD,1.0
2022-01-06,P07,S2B_30NXL_20220106_0_L2A,0.097146,0.031001,-0.186032,0.34477,1.214712,0.2444,0.2012,0.2934,0.0889,1036,1480,0.3,12.48,GOOD,1.0
2022-01-11,P07,S2A_30NXL_20220111_0_L2A,0.042061,0.00845,-0.281322,-0.245879,1.084409,0.2017,0.186,0.3373,0.30825,104,1480,0.9297,51.838,LOW_QUALITY,0.64
2022-01-21,P07,S2A_30NXL_20220121_0_L2A,0.145917,0.015442,-0.174995,0.442079,1.345309,0.2696,0.2004,0.2845,0.0775,1464,1480,0.0108,4.467,GOOD,1.0
2022-01-26,P07,S2B_30NXL_20220126_0_L2A,0.173893,0.019532,-0.198153,0.573755,1.42659,0.2468,0.173,0.2577,0.0469,1480,1480,0.0,0.819,GOOD,1.0
2022-02-10,P07,S2A_30NXL_20220210_0_L2A,0.151209,0.030468,-0.360322,0.574323,1.36071,0.1226,0.0901,0.1918,0.0243,228,1480,0.8459,23.776,ACCEPTABLE,0.92
2022-02-25,P07,S2B_30NXL_20220225_0_L2A,0.063894,0.028694,-0.131943,0.309096,1.149109,0.2258,0.1965,0.258,0.1037,172,1480,0.8838,44.602,LOW_QUALITY,0.84
2022-03-27,P07,S2B_30NXL_20220327_0_L2A,0.083888,0.013329,-0.115753,0.358238,1.184742,0.3168,0.2674,0.3328,0.12555,1480,1480,0.0,33.748,GOOD,1.0
2022-06-05,P07,S2B_30NXL_20220605_0_L2A,0.109625,0.022338,-0.011965,0.673066,1.250493,0.3804,0.3042,0.309,0.05955,1480,1480,0.0,45.411,GOOD,1.0
2022-07-10,P07,S2A_30NXL_20220710_0_L2A,0.136135,0.043829,-0.089301,0.668846,1.324311,0.2691,0.2032,0.25035,0.0425,956,1480,0.3541,38.17,GOOD,1.0
2022-07-20,P07,S2A_30NXL_20220720_0_L2A,0.132518,0.056282,-0.128175,0.662267,1.311502,0.3284,0.2504,0.3236,0.0509,32,1480,0.9784,21.126,LOW_QUALITY,0.49
2022-08-04,P07,S2B_30NXL_20220804_0_L2A,0.116639,0.02653,-0.07812,0.740756,1.263346,0.3526,0.2791,0.3388,0.03905,240,1480,0.8378,41.356,ACCEPTABLE,0.92
2022-10-08,P07,S2A_30NXL_20221008_0_L2A,0.11651,0.021027,0.0,0.774562,1.267804,0.3418,0.2696,0.2708,0.0351,808,1480,0.4541,32.537,GOOD,1.0
2022-10-13,P07,S2B_30NXL_20221013_0_L2A,0.064807,0.02307,0.006103,0.490909,1.132609,0.2084,0.184,0.18515,0.0638,176,1480,0.8811,45.076,LOW_QUALITY,0.84
2022-10-18,P07,S2A_30NXL_20221018_0_L2A,0.104862,0.01682,0.068137,0.712247,1.236491,0.3524,0.285,0.24975,0.04885,296,1480,0.8,27.981,ACCEPTABLE,0.92
2022-10-23,P07,S2B_30NXL_20221023_0_L2A,0.118638,0.019446,0.056474,0.718155,1.274725,0.3248,0.2548,0.2274,0.0425,1244,1480,0.1595,73.995,GOOD,1.0
2022-11-22,P07,S2B_30NXL_20221122_0_L2A,0.117783,0.022976,-0.07639,0.694573,1.271984,0.3732,0.2934,0.3422,0.05365,424,1480,0.7135,32.064,ACCEPTABLE,0.92
2022-12-27,P07,S2A_30NXL_20221227_0_L2A,0.122449,0.018161,-0.149497,0.592674,1.28233,0.2598,0.2026,0.2733,0.0518,1480,1480,0.0,0.404,GOOD,1.0
2023-01-01,P07,S2B_30NXL_20230101_0_L2A,0.121237,0.015171,-0.170275,0.483162,1.280075,0.2724,0.2128,0.299,0.0743,1480,1480,0.0,0.143,GOOD,1.0
2023-01-06,P07,S2A_30NXL_20230106_0_L2A,0.122582,0.015683,-0.216227,0.208891,1.283173,0.2669,0.208,0.3224,0.13645,1480,1480,0.0,62.232,GOOD,1.0
2023-01-16,P07,S2A_30NXL_20230116_0_L2A,0.104491,0.01853,-0.188146,0.391934,1.234165,0.2572,0.2084,0.3046,0.09095,88,1480,0.9405,16.014,LOW_QUALITY,0.64
2023-01-21,P07,S2B_30NXL_20230121_0_L2A,0.135288,0.026187,-0.148352,0.444243,1.322069,0.2582,0.1953,0.268,0.07015,1072,1480,0.2757,27.918,GOOD,1.0
2023-01-26,P07,S2A_30NXL_20230126_0_L2A,0.122479,0.021301,-0.111765,0.648223,1.28626,0.3033,0.2358,0.2998,0.0478,964,1480,0.3486,21.085,GOOD,1.0
2023-01-31,P07,S2B_30NXL_20230131_0_L2A,0.117158,0.006897,-0.135429,0.578148,1.267043,0.2918,0.2303,0.3027,0.0614,20,1480,0.9865,31.894,LOW_QUALITY,0.49
2023-02-10,P07,S2B_30NXL_20230210_0_L2A,0.038708,0.013171,-0.060258,0.462133,1.086667,0.1793,0.165,0.1871,0.06115,64,1480,0.9568,12.679,LOW_QUALITY,0.64
2023-02-15,P07,S2A_30NXL_20230215_0_L2A,0.088802,0.018224,-0.209826,0.284099,1.189007,0.2466,0.2074,0.324,0.1177,340,1480,0.7703,81.83,ACCEPTABLE,0.92
2023-03-17,P07,S2A_30NXL_20230317_0_L2A,0.1133,0.019829,-0.060211,0.714876,1.25873,0.3172,0.252,0.2841,0.042,1480,1480,0.0,33.879,GOOD,1.0
2023-04-01,P07,S2B_30NXL_20230401_1_L2A,0.089787,0.016971,-0.103834,0.58406,1.198767,0.3112,0.2596,0.3199,0.0689,1016,1480,0.3135,29.453,GOOD,1.0
2023-04-06,P07,S2A_30NXL_20230406_0_L2A,0.086219,0.015774,-0.072379,0.520784,1.192495,0.3432,0.2878,0.3307,0.0912,1480,1480,0.0,23.013,GOOD,1.0
2023-04-11,P07,S2B_30NXL_20230411_0_L2A,0.099367,0.018849,-0.104504,0.603153,1.22188,0.3172,0.2596,0.3203,0.06425,584,1480,0.6054,19.559,ACCEPTABLE,0.92
2023-04-21,P07,S2B_30NXL_20230421_0_L2A,0.106538,0.020556,-0.143251,0.571625,1.242371,0.285,0.2294,0.3064,0.0627,1480,1480,0.0,6.069,GOOD,1.0
2023-05-16,P07,S2A_30NXL_20230516_0_L2A,0.120453,0.027629,-0.106,0.609139,1.276279,0.2744,0.215,0.2658,0.0522,1480,1480,0.0,30.65,GOOD,1.0
2023-05-26,P07,S2A_30NXL_20230526_0_L2A,0.113244,0.025682,-0.041786,0.752004,1.257608,0.3554,0.2826,0.30745,0.0402,108,1480,0.927,42.622,LOW_QUALITY,0.64
2023-10-18,P07,S2B_30NXL_20231018_0_L2A,0.119944,0.018504,-0.052075,0.759319,1.27649,0.3084,0.2416,0.269,0.0337,1480,1480,0.0,26.532,GOOD,1.0
2023-11-02,P07,S2A_30NXL_20231102_0_L2A,0.105197,0.015979,-0.070071,0.63247,1.238298,0.3492,0.282,0.3252,0.0641,416,1480,0.7189,37.464,ACCEPTABLE,0.92
2023-11-12,P07,S2A_30NXL_20231112_0_L2A,0.126601,0.018259,-0.089981,0.696256,1.296894,0.3132,0.2415,0.3008,0.0418,564,1480,0.6189,25.495,ACCEPTABLE,0.92
2023-11-17,P07,S2B_30NXL_20231117_0_L2A,0.090311,0.01416,-0.139302,0.540595,1.198369,0.3232,0.2697,0.3564,0.0817,148,1480,0.9,33.798,LOW_QUALITY,0.64
2023-11-22,P07,S2A_30NXL_20231122_0_L2A,0.106514,0.021339,-0.084646,0.644688,1.238774,0.3476,0.2806,0.3304,0.06035,1480,1480,0.0,51.55,GOOD,1.0
2023-12-02,P07,S2A_30NXL_20231202_0_L2A,0.127439,0.018623,-0.07368,0.709251,1.295329,0.3272,0.2526,0.292,0.0438,1480,1480,0.0,44.173,GOOD,1.0
2023-12-17,P07,S2B_30NXL_20231217_0_L2A,0.113107,0.014747,-0.173166,0.409836,1.257862,0.28,0.2226,0.3151,0.09305,1480,1480,0.0,18.609,GOOD,1.0
2023-12-22,P07,S2A_30NXL_20231222_0_L2A,0.121115,0.016415,-0.183362,0.534641,1.279102,0.2736,0.2139,0.3089,0.0649,1444,1480,0.0243,11.902,GOOD,1.0
2023-12-27,P07,S2B_30NXL_20231227_0_L2A,0.108617,0.008913,-0.150839,0.286464,1.239396,0.3448,0.2782,0.37755,0.1563,36,1480,0.9757,37.871,LOW_QUALITY,0.49
2024-01-01,P07,S2A_30NXL_20240101_0_L2A,0.085229,0.017911,-0.179823,0.412113,1.189967,0.2894,0.2432,0.3502,0.10195,112,1480,0.9243,28.38,LOW_QUALITY,0.64
2024-01-11,P07,S2A_30NXL_20240111_0_L2A,0.018928,0.024987,-0.070863,0.381886,1.05226,0.149,0.1416,0.16445,0.0631,36,1480,0.9757,40.221,LOW_QUALITY,0.49
2024-01-16,P07,S2B_30NXL_20240116_0_L2A,0.073849,0.020145,-0.231902,0.172823,1.149088,0.2898,0.2522,0.401,0.17435,24,1480,0.9838,77.388,LOW_QUALITY,0.49
2024-01-21,P07,S2A_30NXL_20240121_0_L2A,0.127673,0.02307,-0.213692,0.535016,1.303427,0.2586,0.1984,0.3094,0.05995,792,1480,0.4649,18.529,GOOD,1.0
2024-01-26,P07,S2B_30NXL_20240126_0_L2A,0.043239,0.03262,-0.189561,0.298472,1.090476,0.1603,0.147,0.204,0.0843,1108,1480,0.2514,22.868,GOOD,1.0
2024-01-31,P07,S2A_30NXL_20240131_0_L2A,0.141074,0.016976,-0.27514,0.116829,1.330709,0.2366,0.1778,0.312,0.14105,1480,1480,0.0,5.135,GOOD,1.0
2024-03-16,P07,S2B_30NXL_20240316_0_L2A,0.097485,0.023892,-0.139923,0.452161,1.226473,0.3206,0.2614,0.3504,0.0995,156,1480,0.8946,50.599,LOW_QUALITY,0.84
2024-03-21,P07,S2A_30NXL_20240321_0_L2A,0.081969,0.022315,-0.174757,0.344658,1.164557,0.2576,0.2212,0.3232,0.1056,500,1480,0.6622,15.597,ACCEPTABLE,0.92
2024-03-26,P07,S2B_30NXL_20240326_0_L2A,0.091255,0.015585,-0.112723,0.565795,1.203559,0.3382,0.281,0.35,0.0779,1480,1480,0.0,21.576,GOOD,1.0
2024-03-31,P07,S2A_30NXL_20240331_0_L2A,0.014957,0.022598,-0.17304,0.126577,1.038184,0.1441,0.1388,0.2005,0.1063,12,1480,0.9919,13.264,LOW_QUALITY,0.49
2024-04-10,P07,S2A_30NXL_20240410_0_L2A,0.08948,0.025634,-0.105306,0.593293,1.196375,0.396,0.331,0.4092,0.0845,184,1480,0.8757,60.341,LOW_QUALITY,0.84
2024-04-25,P07,S2B_30NXL_20240425_0_L2A,-0.003016,0.05168,-0.216105,0.123876,1.008371,0.1566,0.1553,0.24635,0.1215,12,1480,0.9919,38.646,LOW_QUALITY,0.49
2024-05-05,P07,S2B_30NXL_20240505_0_L2A,0.096006,0.017919,-0.105112,0.601129,1.218268,0.4108,0.3372,0.4156,0.0846,908,1480,0.3865,41.726,GOOD,1.0
2024-06-24,P07,S2B_30NXL_20240624_0_L2A,0.081513,0.059595,-0.115557,0.440407,1.1926,0.361,0.3027,0.3778,0.1031,12,1480,0.9919,78.137,LOW_QUALITY,0.49
2024-06-29,P07,S2A_30NXL_20240629_0_L2A,0.092524,0.024932,-0.135381,0.58578,1.201156,0.4156,0.346,0.4696,0.0917,596,1480,0.5973,61.943,ACCEPTABLE,0.92
2024-09-02,P07,S2B_30NXL_20240902_0_L2A,0.115746,0.019141,-0.082826,0.773753,1.266524,0.3564,0.2814,0.3336,0.03655,1480,1480,0.0,27.641,GOOD,1.0
2024-11-06,P07,S2A_30NXL_20241106_0_L2A,0.112434,0.026143,-0.120153,0.667858,1.255605,0.336,0.2676,0.3419,0.05255,792,1480,0.4649,18.815,GOOD,1.0
2024-11-21,P07,S2B_30NXL_20241121_0_L2A,0.10927,0.021305,-0.188583,0.51501,1.250794,0.3152,0.252,0.36725,0.08215,1480,1480,0.0,23.098,GOOD,1.0
2024-11-26,P07,S2A_30NXL_20241126_0_L2A,0.126732,0.017294,-0.162115,0.70089,1.300147,0.3526,0.2712,0.3779,0.048,36,1480,0.9757,21.713,LOW_QUALITY,0.49
2024-12-01,P07,S2B_30NXL_20241201_0_L2A,0.124397,0.01826,-0.175531,0.542265,1.289178,0.2978,0.231,0.32875,0.0687,1480,1480,0.0,3.047,GOOD,1.0
2024-12-06,P07,S2C_30NXL_20241206_1_L2A,0.131782,0.052077,-0.201482,1.0,1.315068,0.2112,0.1606,0.26715,-0.0114,540,1480,0.6351,48.424,ACCEPTABLE,0.92
2024-12-21,P07,S2B_30NXL_20241221_0_L2A,0.158758,0.021484,-0.225819,0.527061,1.386037,0.27,0.1948,0.3082,0.0608,1480,1480,0.0,11.854,GOOD,1.0
2024-12-31,P07,S2B_30NXL_20241231_0_L2A,-0.010438,0.021596,-0.138476,0.352634,0.980429,0.1553,0.1584,0.2086,0.07495,152,1480,0.8973,25.268,LOW_QUALITY,0.84
2025-01-05,P07,S2A_30NXL_20250105_0_L2A,0.080388,0.020009,-0.22631,0.299776,1.180623,0.2425,0.2054,0.3284,0.1083,1476,1480,0.0027,18.19,GOOD,1.0
2025-01-15,P07,S2A_30NXL_20250115_0_L2A,0.118572,0.034656,-0.252112,0.299584,1.263417,0.2307,0.1826,0.3072,0.0905,960,1480,0.3514,36.913,GOOD,1.0
2025-01-25,P07,S2C_30NXL_20250125_0_L2A,0.144372,0.021783,-0.165303,1.0,1.354559,0.2808,0.2073,0.29445,-0.01455,648,1480,0.5622,28.067,ACCEPTABLE,0.92
2025-01-30,P07,S2B_30NXL_20250130_0_L2A,0.140354,0.026473,-0.145378,0.645214,1.328138,0.3068,0.231,0.30615,0.0488,1480,1480,0.0,16.806,GOOD,1.0
2025-02-04,P07,S2C_30NXL_20250204_0_L2A,-0.029276,0.096033,0.501697,1.0,0.896899,0.107,0.1193,0.0488,-0.025,600,1480,0.5946,19.553,ACCEPTABLE,0.8
2025-02-14,P07,S2C_30NXL_20250214_0_L2A,0.122427,0.031612,-0.187338,1.0,1.307054,0.252,0.1928,0.288,-0.0049,1068,1480,0.2784,32.921,GOOD,1.0
2025-02-24,P07,S2C_30NXL_20250224_0_L2A,0.070795,0.047522,-0.383835,0.11773,1.172249,0.098,0.0836,0.1874,0.06175,752,1480,0.4919,84.898,GOOD,1.0
2025-03-06,P07,S2C_30NXL_20250306_0_L2A,0.156641,0.02114,-0.133714,1.0,1.37703,0.2374,0.1724,0.22595,-0.03065,904,1480,0.3892,41.977,GOOD,1.0
2025-03-26,P07,S2C_30NXL_20250326_0_L2A,0.115405,0.02388,-0.106913,0.581859,1.26209,0.4228,0.335,0.4178,0.0885,340,1480,0.7703,67.538,ACCEPTABLE,0.92
2025-03-28,P07,S2A_30NXL_20250328_0_L2A,0.111605,0.018512,-0.089807,0.700202,1.25875,0.4028,0.32,0.38695,0.0581,852,1480,0.4243,29.383,GOOD,1.0
2025-04-05,P07,S2C_30NXL_20250405_0_L2A,0.105046,0.017448,-0.07912,0.613104,1.239437,0.352,0.284,0.332,0.06845,1480,1480,0.0,17.448,GOOD,1.0
2025-04-25,P07,S2C_30NXL_20250425_0_L2A,0.102557,0.017567,-0.065638,0.694561,1.234783,0.3976,0.322,0.3688,0.0592,336,1480,0.773,43.675,ACCEPTABLE,0.92
2025-05-15,P07,S2C_30NXL_20250515_0_L2A,0.090165,0.022344,-0.084358,0.57406,1.201493,0.3864,0.3216,0.3811,0.08665,1056,1480,0.2865,68.866,GOOD,1.0
2025-05-20,P07,S2B_30NXL_20250520_0_L2A,0.081749,0.017979,-0.095616,0.501089,1.180766,0.3266,0.2766,0.3348,0.09245,1480,1480,0.0,24.972,GOOD,1.0
2025-05-25,P07,S2C_30NXL_20250525_0_L2A,0.105897,0.021599,-0.13297,0.547616,1.241354,0.3374,0.2718,0.3548,0.07955,1480,1480,0.0,72.206,GOOD,1.0
2025-05-27,P07,S2A_30NXL_20250527_0_L2A,0.076785,0.023019,-0.127831,0.459575,1.172932,0.3588,0.3059,0.3996,0.1122,268,1480,0.8189,46.123,ACCEPTABLE,0.92
2025-05-30,P07,S2B_30NXL_20250530_0_L2A,0.113547,0.01649,-0.099182,0.749611,1.259974,0.3916,0.3108,0.3816,0.0445,460,1480,0.6892,39.469,ACCEPTABLE,0.92
2025-06-16,P07,S2A_30NXL_20250616_0_L2A,0.011499,0.031117,-0.060984,0.645092,1.023563,0.1781,0.174,0.1964,0.0386,348,1480,0.7649,61.608,ACCEPTABLE,0.92
2025-07-14,P07,S2C_30NXL_20250714_0_L2A,0.102018,0.055988,-0.139496,0.661543,1.209123,0.2041,0.1688,0.2364,0.0375,56,1480,0.9622,18.895,LOW_QUALITY,0.64
2025-07-29,P07,S2B_30NXL_20250729_0_L2A,0.039506,0.03434,-0.296524,0.009255,1.082386,0.1524,0.1408,0.2666,0.1408,36,1480,0.9757,64.231,LOW_QUALITY,0.49
2025-09-04,P07,S2A_30NXL_20250904_0_L2A,0.018531,0.013584,-0.139618,-0.124605,1.064055,0.402,0.3778,0.50045,0.4899,150,1480,0.8986,54.881,LOW_QUALITY,0.84
2025-10-07,P07,S2B_30NXL_20251007_0_L2A,0.095041,0.061264,-0.129747,0.679954,1.204898,0.2411,0.2001,0.2716,0.0504,138,1480,0.9068,43.413,LOW_QUALITY,0.52
2025-10-12,P07,S2C_30NXL_20251012_0_L2A,0.117048,0.019182,-0.070698,0.739935,1.267908,0.354,0.2792,0.3208,0.0422,1480,1480,0.0,39.788,GOOD,1.0
2025-11-01,P07,S2C_30NXL_20251101_0_L2A,0.115929,0.022618,-0.064007,0.745321,1.260469,0.301,0.2388,0.27295,0.03545,1480,1480,0.0,35.857,GOOD,1.0
2025-11-03,P07,S2A_30NXL_20251103_0_L2A,0.106698,0.023858,-0.105026,0.665675,1.243163,0.3364,0.2706,0.3352,0.05555,832,1480,0.4378,24.459,GOOD,1.0
2025-11-11,P07,S2C_30NXL_20251111_0_L2A,0.102471,0.029118,-0.126373,0.640157,1.222745,0.3376,0.2761,0.3644,0.0606,384,1480,0.7405,25.874,ACCEPTABLE,0.92
2025-11-16,P07,S2B_30NXL_20251116_0_L2A,-0.023024,0.040229,-0.266894,0.153641,0.985849,0.1463,0.1484,0.2475,0.1027,12,1480,0.9919,30.453,LOW_QUALITY,0.49
2025-12-03,P07,S2A_30NXL_20251203_0_L2A,-0.072706,0.017521,-0.159748,0.226431,0.854151,0.1142,0.1337,0.18655,0.08695,32,1480,0.9784,37.233,LOW_QUALITY,0.49
2025-12-16,P07,S2B_30NXL_20251216_0_L2A,0.003418,0.022263,-0.193085,0.201036,1.005337,0.1507,0.1499,0.2178,0.0997,36,1480,0.9757,61.214,LOW_QUALITY,0.49
2025-12-23,P07,S2A_30NXL_20251223_0_L2A,0.034211,0.018625,-0.124756,0.360469,1.070652,0.1576,0.1472,0.187,0.0725,32,1480,0.9784,29.91,LOW_QUALITY,0.49
2025-12-31,P07,S2C_30NXL_20251231_0_L2A,0.103923,0.041762,-0.124387,0.71358,1.230565,0.2778,0.22575,0.28745,0.0386,148,1480,0.9,35.124,LOW_QUALITY,0.64
2026-01-25,P07,S2B_30NXL_20260125_0_L2A,0.045136,0.053608,-0.098485,0.48857,1.08689,0.1426,0.1312,0.1581,0.0495,612,1480,0.5865,4.027,ACCEPTABLE,0.92
2026-01-30,P07,S2C_30NXL_20260130_0_L2A,-0.001218,0.016259,-0.135925,-0.065687,0.995156,0.452,0.4542,0.5938,0.517,16,1480,0.9892,59.688,LOW_QUALITY,0.49
2026-02-09,P07,S2C_30NXL_20260209_0_L2A,0.11827,0.05992,-0.144085,0.513727,1.287037,0.3475,0.27,0.3651,0.06065,176,1480,0.8811,30.902,LOW_QUALITY,0.84
2026-02-19,P07,S2C_30NXL_20260219_0_L2A,0.080358,0.012529,-0.220465,0.158656,1.177396,0.2844,0.24155,0.3762,0.177,1480,1480,0.0,72.496,GOOD,1.0
2026-03-01,P07,S2C_30NXL_20260301_0_L2A,0.087747,0.027811,-0.106869,0.4774,1.190204,0.3961,0.3328,0.415,0.12165,1480,1480,0.0,54.895,GOOD,1.0
2026-03-06,P07,S2B_30NXL_20260306_0_L2A,0.134336,0.020876,-0.166772,0.602886,1.31625,0.3159,0.24,0.3378,0.059,1268,1480,0.1432,16.229,GOOD,1.0
2026-03-31,P07,S2C_30NXL_20260331_0_L2A,0.106538,0.024939,-0.125215,0.572043,1.24073,0.3162,0.25485,0.3372,0.0676,1164,1480,0.2135,15.864,GOOD,1.0
2026-04-12,P07,S2A_30NXL_20260412_0_L2A,0.064987,0.017771,-0.154996,0.408499,1.141784,0.3193,0.27965,0.3822,0.11825,840,1480,0.4324,29.944,GOOD,1.0
2026-04-15,P07,S2B_30NXL_20260415_0_L2A,0.110177,0.022349,-0.149826,0.575336,1.252411,0.2987,0.2385,0.3228,0.06475,1480,1480,0.0,6.38,GOOD,1.0
2026-04-22,P07,S2A_30NXL_20260422_0_L2A,0.096612,0.018647,-0.139747,0.523963,1.214859,0.2878,0.2369,0.3135,0.0739,1480,1480,0.0,18.105,GOOD,1.0
2026-04-30,P07,S2C_30NXL_20260430_0_L2A,0.121226,0.0239,-0.137983,0.604198,1.281102,0.2976,0.2323,0.307,0.05765,1480,1480,0.0,5.442,GOOD,1.0
2026-05-10,P07,S2C_30NXL_20260510_0_L2A,0.09694,0.021441,-0.099425,0.591506,1.218021,0.3447,0.283,0.3455,0.07275,1352,1480,0.0865,58.649,GOOD,1.0
2026-05-22,P07,S2A_30NXL_20260522_0_L2A,0.033152,0.027997,-0.223944,0.162321,1.071334,0.1622,0.1514,0.2383,0.1092,204,1480,0.8622,91.977,LOW_QUALITY,0.84
2026-05-30,P07,S2C_30NXL_20260530_0_L2A,0.112309,0.022226,-0.067063,0.650999,1.259397,0.3384,0.2687,0.3054,0.058,1480,1480,0.0,20.629,GOOD,1.0
2026-06-01,P07,S2A_30NXL_20260601_0_L2A,0.097005,0.022075,-0.10813,0.637888,1.220669,0.3579,0.2932,0.3646,0.0648,148,1480,0.9,69.091,LOW_QUALITY,0.64
2026-07-24,P07,S2B_30NXL_20260724_0_L2A,0.114719,0.035592,-0.170069,0.646573,1.261079,0.249,0.19745,0.2781,0.0435,524,1480,0.6459,76.92,ACCEPTABLE,0.92
2026-08-20,P07,S2A_30NXL_20260820_0_L2A,0.085823,0.050052,-0.12156,0.6888,1.197966,0.377,0.3147,0.4071,0.05515,296,1480,0.8,49.578,ACCEPTABLE,0.92
2017-01-27,P08,S2A_30NXL_20170127_0_L2A,0.063985,0.033686,-0.029829,0.314277,1.14427,0.1388,0.1213,0.1292,0.05995,536,944,0.4322,13.445,GOOD,1.0
2017-02-06,P08,S2A_30NXL_20170206_0_L2A,-0.019856,0.07612,-0.065371,0.335927,0.95393,0.2112,0.2214,0.2518,0.112,73,944,0.9227,18.868,LOW_QUALITY,0.52
2017-03-08,P08,S2A_30NXL_20170308_0_L2A,0.015577,0.044497,0.029641,0.450629,1.016923,0.1322,0.13,0.1333,0.0534,478,944,0.4936,16.484,GOOD,1.0
2017-03-18,P08,S2A_30NXL_20170318_0_L2A,0.050372,0.030536,-0.162212,-0.080156,1.110018,0.1806,0.1627,0.2699,0.1674,48,944,0.9492,55.25,LOW_QUALITY,0.64
2017-03-28,P08,S2A_30NXL_20170328_0_L2A,0.006146,0.061695,-0.414424,-0.166512,1.016272,0.1374,0.1352,0.3346,0.1852,74,944,0.9216,16.766,LOW_QUALITY,0.52
2017-04-17,P08,S2A_30NXL_20170417_0_L2A,0.04427,0.048875,-0.123398,0.293187,1.094502,0.1274,0.1164,0.1545,0.0641,182,944,0.8072,13.69,ACCEPTABLE,0.92
2017-07-11,P08,S2B_30NXL_20170711_0_L2A,0.113648,0.039093,0.036665,0.734793,1.261818,0.2082,0.165,0.154,0.0255,862,944,0.0869,10.295,GOOD,1.0
2017-08-20,P08,S2B_30NXL_20170820_0_L2A,-0.057461,0.018873,-0.195756,0.059247,0.880666,0.1535,0.1743,0.2559,0.15625,24,944,0.9746,19.154,LOW_QUALITY,0.49
2017-10-09,P08,S2B_30NXL_20171009_0_L2A,0.126092,0.041951,0.042953,0.707689,1.291615,0.2064,0.1598,0.147,0.0267,834,944,0.1165,28.443,GOOD,1.0
2017-10-24,P08,S2A_30NXL_20171024_0_L2A,-0.052839,0.029618,-0.158722,0.036068,0.883721,0.1292,0.1462,0.2029,0.13695,20,944,0.9788,26.802,LOW_QUALITY,0.49
2017-11-03,P08,S2A_30NXL_20171103_0_L2A,0.033377,0.040719,-0.15621,-0.133313,1.0443,0.1603,0.1535,0.2405,0.20715,96,944,0.8983,17.962,LOW_QUALITY,0.64
2017-11-08,P08,S2B_30NXL_20171108_0_L2A,-0.00384,0.02713,-0.051712,0.2158,0.988764,0.132,0.1335,0.148,0.086,494,944,0.4767,16.765,GOOD,1.0
2017-11-13,P08,S2A_30NXL_20171113_0_L2A,0.056476,0.047253,0.078565,0.489331,1.111111,0.13,0.117,0.1114,0.0407,686,944,0.2733,17.355,GOOD,1.0
2017-11-18,P08,S2B_30NXL_20171118_0_L2A,0.048209,0.067276,0.009731,0.480607,1.087083,0.1498,0.1378,0.1524,0.0524,256,944,0.7288,31.986,ACCEPTABLE,0.8
2017-11-28,P08,S2B_30NXL_20171128_0_L2A,0.128087,0.066348,0.005316,0.610695,1.288787,0.1977,0.1534,0.1678,0.0357,662,944,0.2987,16.465,ACCEPTABLE,0.88
2017-12-03,P08,S2A_30NXL_20171203_0_L2A,0.124333,0.060964,0.038306,0.662515,1.286544,0.2658,0.2066,0.1924,0.0425,364,944,0.6144,27.847,ACCEPTABLE,0.8
2017-12-13,P08,S2A_30NXL_20171213_1_L2A,0.023893,0.014099,-0.177041,0.142228,1.054081,0.2144,0.2034,0.2946,0.15495,944,944,0.0,32.24,GOOD,1.0
2017-12-18,P08,S2B_30NXL_20171218_0_L2A,-0.000686,0.049223,-0.41933,-0.155581,1.003888,0.1291,0.1286,0.3155,0.1702,82,944,0.9131,21.186,LOW_QUALITY,0.64
2018-01-02,P08,S2A_30NXL_20180102_1_L2A,0.148789,0.023063,-0.155902,0.290408,1.356711,0.2244,0.1654,0.2266,0.09175,944,944,0.0,6.359,GOOD,1.0
2018-01-12,P08,S2A_30NXL_20180112_0_L2A,0.096624,0.044821,-0.126898,0.264193,1.256618,0.2326,0.1851,0.2398,0.0984,940,944,0.0042,23.652,GOOD,1.0
2018-01-17,P08,S2B_30NXL_20180117_0_L2A,0.112394,0.034541,-0.11826,0.346315,1.260084,0.1812,0.1438,0.1826,0.07,898,944,0.0487,1.186,GOOD,1.0
2018-01-22,P08,S2A_30NXL_20180122_0_L2A,0.039231,0.02659,-0.014039,0.322119,1.088435,0.16,0.147,0.1522,0.0749,338,944,0.6419,11.396,ACCEPTABLE,0.92
2018-01-27,P08,S2B_30NXL_20180127_0_L2A,-0.017663,0.017366,-0.327525,-0.141744,0.969188,0.1384,0.1428,0.2772,0.18815,88,944,0.9068,42.232,LOW_QUALITY,0.64
2018-02-11,P08,S2A_30NXL_20180211_0_L2A,-0.067274,0.019625,-0.107891,0.238665,0.865997,0.1551,0.1791,0.2183,0.1101,10,944,0.9894,30.282,LOW_QUALITY,0.49
2018-03-03,P08,S2A_30NXL_20180303_0_L2A,0.123897,0.055738,0.01583,0.713644,1.286713,0.3312,0.2574,0.2526,0.0415,650,944,0.3114,26.206,GOOD,1.0
2018-03-08,P08,S2B_30NXL_20180308_0_L2A,-0.002673,0.042149,0.076423,0.482675,1.003922,0.1792,0.1785,0.1564,0.0642,82,944,0.9131,38.889,LOW_QUALITY,0.64
2018-03-23,P08,S2A_30NXL_20180323_1_L2A,0.094385,0.004528,-0.010938,0.563807,1.209272,0.3652,0.302,0.3082,0.0839,510,944,0.4597,43.946,GOOD,1.0
2018-04-12,P08,S2A_30NXL_20180412_0_L2A,-7.2e-05,0.066914,-0.450392,-0.196484,0.983796,0.1275,0.1296,0.3435,0.1857,80,944,0.9153,35.035,LOW_QUALITY,0.52
2018-04-17,P08,S2B_30NXL_20180417_0_L2A,-0.020691,0.055321,-0.384205,-0.165272,0.95958,0.1187,0.1237,0.3285,0.1826,84,944,0.911,29.374,LOW_QUALITY,0.64
2018-04-22,P08,S2A_30NXL_20180422_0_L2A,0.001841,0.062972,-0.461942,-0.189706,1.016018,0.1332,0.1311,0.363,0.1926,70,944,0.9258,42.749,LOW_QUALITY,0.52
2018-04-27,P08,S2B_30NXL_20180427_0_L2A,0.03374,0.061691,-0.376399,-0.097019,1.071087,0.1567,0.1463,0.3321,0.1821,62,944,0.9343,12.821,LOW_QUALITY,0.52
2018-05-07,P08,S2B_30NXL_20180507_0_L2A,0.013884,0.051782,-0.404528,-0.11738,1.0,0.1452,0.1452,0.3339,0.1753,54,944,0.9428,41.493,LOW_QUALITY,0.64
2018-05-12,P08,S2A_30NXL_20180512_0_L2A,0.132385,0.060847,0.040936,0.725393,1.309173,0.2312,0.1766,0.1626,0.0281,798,944,0.1547,18.959,ACCEPTABLE,0.88
2018-05-22,P08,S2A_30NXL_20180522_0_L2A,0.04272,0.062841,-0.129561,0.144728,1.051242,0.1354,0.1288,0.17,0.09645,172,944,0.8178,58.457,ACCEPTABLE,0.8
2018-06-11,P08,S2A_30NXL_20180611_0_L2A,0.09228,0.065194,0.072785,0.616699,1.2,0.213,0.1775,0.1647,0.0453,238,944,0.7479,39.13,ACCEPTABLE,0.8
2018-07-06,P08,S2B_30NXL_20180706_0_L2A,-0.057852,0.04688,-0.358018,-0.111625,0.919745,0.1444,0.157,0.3669,0.1993,24,944,0.9746,80.571,LOW_QUALITY,0.49
2018-07-11,P08,S2A_30NXL_20180711_0_L2A,-0.050622,0.038886,-0.419578,-0.141973,0.899869,0.1375,0.1528,0.3699,0.1979,30,944,0.9682,46.398,LOW_QUALITY,0.49
2018-07-16,P08,S2B_30NXL_20180716_0_L2A,-0.067669,0.040512,-0.134527,0.186591,0.858839,0.1302,0.1516,0.1992,0.106,194,944,0.7945,50.116,ACCEPTABLE,0.92
2018-08-05,P08,S2B_30NXL_20180805_0_L2A,0.09727,0.058754,-0.09519,0.30912,1.240154,0.2582,0.2082,0.2399,0.1063,268,944,0.7161,11.265,ACCEPTABLE,0.92
2018-09-14,P08,S2B_30NXL_20180914_0_L2A,0.092946,0.082212,0.051448,0.634255,1.21162,0.2857,0.2358,0.2197,0.0462,336,944,0.6441,37.564,ACCEPTABLE,0.8
2018-10-19,P08,S2A_30NXL_20181019_1_L2A,0.128772,0.042716,0.129354,0.765171,1.299799,0.2584,0.1988,0.1551,0.0268,918,944,0.0275,28.861,GOOD,1.0
2018-11-03,P08,S2B_30NXL_20181103_0_L2A,0.108048,0.044562,0.087622,0.754745,1.247517,0.3266,0.2618,0.2215,0.0338,792,944,0.161,26.263,GOOD,1.0
2018-11-18,P08,S2A_30NXL_20181118_0_L2A,0.113894,0.063678,0.085081,0.774609,1.260947,0.2822,0.2238,0.1892,0.0284,776,944,0.178,34.131,ACCEPTABLE,0.88
2018-11-23,P08,S2B_30NXL_20181123_0_L2A,0.108863,0.057068,0.022417,0.644999,1.245771,0.2504,0.201,0.2033,0.0312,882,944,0.0657,15.289,GOOD,1.0
2018-11-28,P08,S2A_30NXL_20181128_0_L2A,-0.013255,0.036933,0.104101,0.551114,0.983175,0.1344,0.1367,0.113,0.0407,312,944,0.6695,31.081,ACCEPTABLE,0.92
2018-12-03,P08,S2B_30NXL_20181203_0_L2A,0.100939,0.049104,-0.011896,0.65773,1.243657,0.2598,0.2089,0.2275,0.0442,244,944,0.7415,53.329,ACCEPTABLE,0.92
2018-12-08,P08,S2A_30NXL_20181208_0_L2A,-0.033349,0.031779,-0.396904,-0.119306,0.947334,0.1439,0.1519,0.3496,0.187,62,944,0.9343,42.294,LOW_QUALITY,0.64
2018-12-13,P08,S2B_30NXL_20181213_0_L2A,0.037102,0.028067,-0.129973,0.251245,1.069337,0.1789,0.1673,0.2176,0.1012,602,944,0.3623,47.433,GOOD,1.0
2018-12-18,P08,S2A_30NXL_20181218_0_L2A,0.0629,0.071447,-0.005412,0.595111,1.142643,0.2283,0.1998,0.23385,0.0547,218,944,0.7691,59.577,ACCEPTABLE,0.8
2018-12-23,P08,S2B_30NXL_20181223_0_L2A,0.07075,0.033933,-0.122764,0.283996,1.158439,0.2018,0.1742,0.2264,0.0875,876,944,0.072,17.421,GOOD,1.0
2018-12-28,P08,S2A_30NXL_20181228_0_L2A,-0.02759,0.014584,-0.346475,-0.118578,0.940309,0.1402,0.1491,0.3065,0.1876,98,944,0.8962,0.899,LOW_QUALITY,0.64
2019-01-02,P08,S2B_30NXL_20190102_0_L2A,0.01936,0.032197,-0.09048,0.299423,1.028274,0.1382,0.1344,0.1742,0.0765,928,944,0.0169,13.712,GOOD,1.0
2019-01-17,P08,S2A_30NXL_20190117_0_L2A,0.02619,0.022491,0.029962,0.502003,1.058389,0.1432,0.1353,0.1278,0.0459,404,944,0.572,68.665,ACCEPTABLE,0.92
2019-01-22,P08,S2B_30NXL_20190122_0_L2A,0.034566,0.056571,-0.367356,-0.1452,1.023488,0.1438,0.1405,0.30625,0.1897,30,944,0.9682,54.717,LOW_QUALITY,0.49
2019-01-27,P08,S2A_30NXL_20190127_0_L2A,-0.024438,0.021784,-0.113666,0.202586,0.954391,0.1402,0.1469,0.1819,0.0989,38,944,0.9597,68.66,LOW_QUALITY,0.49
2019-02-11,P08,S2B_30NXL_20190211_0_L2A,-0.02149,0.025307,-0.357388,-0.127188,0.981663,0.1499,0.1527,0.3462,0.20535,12,944,0.9873,24.13,LOW_QUALITY,0.49
2019-02-16,P08,S2A_30NXL_20190216_0_L2A,0.009963,0.022297,-0.331778,-0.164196,1.022526,0.1498,0.1465,0.298,0.1885,48,944,0.9492,23.371,LOW_QUALITY,0.64
2019-02-26,P08,S2A_30NXL_20190226_0_L2A,0.102722,0.044304,0.011983,0.531621,1.19922,0.3076,0.2565,0.2648,0.0704,658,944,0.303,8.851,GOOD,1.0
2019-03-03,P08,S2B_30NXL_20190303_0_L2A,-0.007389,0.054853,-0.40001,-0.143482,0.962251,0.1351,0.1404,0.3627,0.18375,76,944,0.9195,52.442,LOW_QUALITY,0.64
2019-03-13,P08,S2B_30NXL_20190313_0_L2A,0.025998,0.062929,-0.457183,-0.184954,1.035188,0.1265,0.1222,0.32075,0.17375,80,944,0.9153,26.539,LOW_QUALITY,0.52
2019-03-18,P08,S2A_30NXL_20190318_0_L2A,-0.027193,0.043604,-0.352861,-0.128452,0.937611,0.1578,0.1683,0.342,0.2175,26,944,0.9725,83.34,LOW_QUALITY,0.49
2019-03-28,P08,S2A_30NXL_20190328_0_L2A,0.116937,0.050304,-0.070176,0.412073,1.262395,0.2699,0.2138,0.2458,0.08835,612,944,0.3517,45.833,GOOD,1.0
2019-04-02,P08,S2B_30NXL_20190402_0_L2A,-0.021289,0.048669,-0.399935,-0.130172,0.985172,0.1661,0.1686,0.3817,0.2121,72,944,0.9237,21.885,LOW_QUALITY,0.64
2019-04-07,P08,S2A_30NXL_20190407_0_L2A,-0.060018,0.02483,-0.39244,-0.097663,0.900671,0.1342,0.149,0.3617,0.1887,10,944,0.9894,40.392,LOW_QUALITY,0.49
2019-04-22,P08,S2B_30NXL_20190422_0_L2A,-0.039716,0.027253,-0.324687,0.009936,0.898883,0.1609,0.179,0.3451,0.1766,44,944,0.9534,18.704,LOW_QUALITY,0.64
2019-05-07,P08,S2A_30NXL_20190507_2_L2A,0.099207,0.041086,0.02188,0.55562,1.22973,0.3276,0.2664,0.2626,0.0801,654,944,0.3072,40.301,GOOD,1.0
2019-05-12,P08,S2B_30NXL_20190512_1_L2A,0.058438,0.02045,-0.104531,0.331118,1.120805,0.334,0.298,0.3692,0.1486,120,944,0.8729,53.132,LOW_QUALITY,0.64
2019-05-17,P08,S2A_30NXL_20190517_0_L2A,0.114706,0.071947,0.023615,0.681104,1.261739,0.2714,0.2151,0.2078,0.0374,560,944,0.4068,21.514,ACCEPTABLE,0.88
2019-06-06,P08,S2A_30NXL_20190606_0_L2A,-0.051744,0.05045,-0.453206,-0.167636,0.897353,0.139,0.1549,0.413,0.2155,54,944,0.9428,64.719,LOW_QUALITY,0.64
2019-07-21,P08,S2B_30NXL_20190721_0_L2A,0.00477,0.029003,0.171991,0.71916,1.009119,0.0664,0.0658,0.0464,0.0108,796,944,0.1568,36.68,GOOD,1.0
2019-08-15,P08,S2A_30NXL_20190815_0_L2A,0.041244,0.048657,-0.103146,0.303851,1.062282,0.2132,0.2007,0.2397,0.0968,638,944,0.3242,28.374,GOOD,1.0
2019-10-14,P08,S2A_30NXL_20191014_0_L2A,0.033183,0.117182,-0.078669,0.255584,1.079271,0.1096,0.10155,0.1167,0.0565,166,944,0.8242,59.799,ACCEPTABLE,0.8
2019-10-24,P08,S2A_30NXL_20191024_0_L2A,0.007265,0.05392,-0.136567,0.136164,0.997151,0.14,0.1404,0.1821,0.102,316,944,0.6653,61.273,ACCEPTABLE,0.92
2019-11-03,P08,S2A_30NXL_20191103_0_L2A,0.002461,0.048552,-0.185188,-0.133845,1.041648,0.2326,0.2233,0.357,0.29505,28,944,0.9703,55.727,LOW_QUALITY,0.49
2019-11-08,P08,S2B_30NXL_20191108_0_L2A,0.106171,0.044858,0.061439,0.681584,1.23915,0.2684,0.2166,0.1946,0.0412,450,944,0.5233,17.614,ACCEPTABLE,0.92
2019-11-13,P08,S2A_30NXL_20191113_1_L2A,0.12111,0.037649,0.079409,0.608436,1.279141,0.2502,0.1956,0.1677,0.0479,718,944,0.2394,71.939,GOOD,1.0
2019-11-23,P08,S2A_30NXL_20191123_0_L2A,0.113647,0.054879,0.034589,0.680537,1.266018,0.3122,0.2466,0.23995,0.0316,690,944,0.2691,23.695,GOOD,1.0
2019-11-28,P08,S2B_30NXL_20191128_0_L2A,0.023196,0.027921,0.028792,0.636663,1.053045,0.1072,0.1018,0.0958,0.0224,360,944,0.6186,25.91,ACCEPTABLE,0.92
2019-12-03,P08,S2A_30NXL_20191203_0_L2A,0.102546,0.046833,0.019873,0.669275,1.229581,0.2228,0.1812,0.20025,0.0281,916,944,0.0297,22.167,GOOD,1.0
2019-12-13,P08,S2A_30NXL_20191213_0_L2A,-0.054118,0.013069,0.082596,0.482176,0.90009,0.4,0.4444,0.3782,0.1547,65,944,0.9311,15.373,LOW_QUALITY,0.64
2019-12-18,P08,S2B_30NXL_20191218_1_L2A,0.11862,0.031585,-0.067899,0.605549,1.27921,0.2978,0.2328,0.2696,0.0589,460,944,0.5127,40.497,ACCEPTABLE,0.92
2019-12-23,P08,S2A_30NXL_20191223_0_L2A,0.107043,0.050577,-0.076512,0.588547,1.23637,0.3311,0.2678,0.3214,0.0637,502,944,0.4682,14.994,GOOD,1.0
2019-12-28,P08,S2B_30NXL_20191228_1_L2A,0.131596,0.026523,-0.134153,0.585098,1.310988,0.2601,0.1984,0.26205,0.0527,158,944,0.8326,4.451,ACCEPTABLE,0.92
2020-01-02,P08,S2A_30NXL_20200102_0_L2A,0.023982,0.033265,-0.196952,-0.172985,1.032956,0.3103,0.3004,0.46145,0.45655,72,944,0.9237,19.565,LOW_QUALITY,0.64
2020-01-07,P08,S2B_30NXL_20200107_1_L2A,0.150751,0.018493,-0.245114,0.136435,1.365079,0.2236,0.1638,0.2712,0.1245,944,944,0.0,0.112,GOOD,1.0
2020-01-12,P08,S2A_30NXL_20200112_0_L2A,0.10952,0.019177,-0.098139,0.423439,1.250239,0.2618,0.2094,0.2558,0.085,944,944,0.0,4.211,GOOD,1.0
2020-01-17,P08,S2B_30NXL_20200117_0_L2A,0.106153,0.028179,-0.152993,0.412199,1.24127,0.2346,0.189,0.261,0.07975,944,944,0.0,12.158,GOOD,1.0
2020-01-22,P08,S2A_30NXL_20200122_1_L2A,0.105328,0.018961,-0.177624,0.20712,1.244812,0.2939,0.2361,0.3424,0.1551,274,944,0.7097,58.815,ACCEPTABLE,0.92
2020-01-27,P08,S2B_30NXL_20200127_1_L2A,0.219553,0.029235,-0.289793,0.256191,1.577941,0.2146,0.136,0.2476,0.0806,944,944,0.0,7.911,GOOD,1.0
2020-02-06,P08,S2B_30NXL_20200206_0_L2A,0.010695,0.035259,-0.0945,0.31122,1.017544,0.1508,0.1482,0.1843,0.0782,168,944,0.822,13.937,ACCEPTABLE,0.92
2020-02-21,P08,S2A_30NXL_20200221_1_L2A,0.061955,0.019915,-0.14509,0.21504,1.140699,0.2416,0.2118,0.2844,0.1374,796,944,0.1568,53.293,GOOD,1.0
2020-02-26,P08,S2B_30NXL_20200226_1_L2A,0.069304,0.022103,0.075936,0.413037,1.144358,0.2941,0.257,0.2222,0.10705,944,944,0.0,51.905,GOOD,1.0
2020-03-12,P08,S2A_30NXL_20200312_0_L2A,0.103488,0.038377,-0.0499,0.541473,1.232731,0.3819,0.3098,0.3508,0.09345,944,944,0.0,26.004,GOOD,1.0
2020-03-22,P08,S2A_30NXL_20200322_1_L2A,0.105074,0.033462,-0.109783,0.499584,1.238376,0.3356,0.271,0.3388,0.0908,416,944,0.5593,24.284,ACCEPTABLE,0.92
2020-03-27,P08,S2B_30NXL_20200327_1_L2A,0.122285,0.041506,-0.029175,0.699051,1.285418,0.372,0.2894,0.3094,0.05195,800,944,0.1525,59.318,GOOD,1.0
2020-04-06,P08,S2B_30NXL_20200406_1_L2A,0.09772,0.037011,-0.033304,0.514719,1.222388,0.3276,0.268,0.2889,0.0878,290,944,0.6928,69.857,ACCEPTABLE,0.92
2020-04-11,P08,S2A_30NXL_20200411_0_L2A,0.015789,0.048593,-0.043198,0.15268,1.020501,0.1792,0.1756,0.2314,0.1456,379,944,0.5985,34.894,ACCEPTABLE,0.92
2020-04-21,P08,S2A_30NXL_20200421_0_L2A,0.117636,0.036935,-0.086085,0.63055,1.269472,0.2836,0.2234,0.26745,0.0498,944,944,0.0,11.798,GOOD,1.0
2020-05-16,P08,S2B_30NXL_20200516_0_L2A,-0.056463,0.032569,-0.175373,0.112017,0.907933,0.1568,0.1727,0.2441,0.1317,10,944,0.9894,82.337,LOW_QUALITY,0.49
2020-05-21,P08,S2A_30NXL_20200521_0_L2A,-0.028013,0.044471,-0.392455,-0.156541,0.947427,0.1712,0.1807,0.4334,0.2533,28,944,0.9703,53.844,LOW_QUALITY,0.49
2020-05-26,P08,S2B_30NXL_20200526_0_L2A,0.062898,0.065076,-0.152761,0.23859,1.042958,0.1918,0.1839,0.2884,0.0963,834,944,0.1165,16.032,ACCEPTABLE,0.88
2020-05-31,P08,S2A_30NXL_20200531_1_L2A,0.123435,0.039956,-0.058179,0.583993,1.282389,0.2534,0.1976,0.222,0.052,766,944,0.1886,37.262,GOOD,1.0
2020-06-15,P08,S2B_30NXL_20200615_0_L2A,-0.022423,0.030865,-0.043128,0.317548,0.972955,0.1475,0.1516,0.1633,0.0782,116,944,0.8771,38.611,LOW_QUALITY,0.64
2020-06-25,P08,S2B_30NXL_20200625_1_L2A,0.026253,0.043232,-0.169423,0.23997,1.047619,0.1716,0.1638,0.2399,0.1004,464,944,0.5085,80.482,ACCEPTABLE,0.92
2020-06-30,P08,S2A_30NXL_20200630_0_L2A,0.012463,0.081155,-0.269241,-0.086301,1.031529,0.1734,0.1681,0.2904,0.2097,30,944,0.9682,69.16,LOW_QUALITY,0.37
2020-07-15,P08,S2B_30NXL_20200715_0_L2A,0.103937,0.06657,-0.027351,0.624185,1.236706,0.2628,0.2125,0.2392,0.0504,268,944,0.7161,53.654,ACCEPTABLE,0.8
2020-07-25,P08,S2B_30NXL_20200725_0_L2A,0.066183,0.049944,-0.091598,0.519193,1.162756,0.2329,0.2003,0.26295,0.05345,824,944,0.1271,14.168,GOOD,1.0
2020-07-30,P08,S2A_30NXL_20200730_0_L2A,0.079222,0.040865,-0.086534,0.465173,1.1469,0.2553,0.2226,0.2801,0.0768,942,944,0.0021,27.911,GOOD,1.0
2020-08-04,P08,S2B_30NXL_20200804_1_L2A,0.148877,0.039544,-0.078323,0.753648,1.352661,0.2846,0.2104,0.24805,0.0298,944,944,0.0,22.958,GOOD,1.0
2020-08-24,P08,S2B_30NXL_20200824_0_L2A,-0.0116,0.020436,-0.019352,0.109678,0.982619,0.2544,0.2589,0.2692,0.1996,14,944,0.9852,40.728,LOW_QUALITY,0.49
2020-09-23,P08,S2B_30NXL_20200923_0_L2A,0.043996,0.042363,-0.089077,0.388851,1.070195,0.2912,0.2721,0.3309,0.1296,306,944,0.6758,48.146,ACCEPTABLE,0.92
2020-10-03,P08,S2B_30NXL_20201003_0_L2A,0.003797,0.028815,-0.172318,0.1075,1.005033,0.1997,0.1987,0.2886,0.1589,200,944,0.7881,41.987,ACCEPTABLE,0.92
2020-10-18,P08,S2A_30NXL_20201018_0_L2A,-0.001656,0.043444,-0.194738,0.036703,0.965052,0.1933,0.2003,0.3493,0.21555,116,944,0.8771,44.839,LOW_QUALITY,0.64
2020-11-07,P08,S2A_30NXL_20201107_1_L2A,0.1188,0.035888,-0.027181,0.652029,1.277311,0.3344,0.2618,0.2784,0.0552,944,944,0.0,45.886,GOOD,1.0
2020-11-12,P08,S2B_30NXL_20201112_0_L2A,0.1145,0.050936,-0.054278,0.594768,1.256191,0.2942,0.2342,0.2752,0.0446,942,944,0.0021,23.193,GOOD,1.0
2020-11-17,P08,S2A_30NXL_20201117_0_L2A,-0.048489,0.039464,-0.307187,0.050454,0.91974,0.1272,0.1383,0.2547,0.1235,46,944,0.9513,35.081,LOW_QUALITY,0.64
2020-12-02,P08,S2B_30NXL_20201202_0_L2A,0.013283,0.023067,-0.041435,0.564567,1.035088,0.1062,0.1026,0.1098,0.02825,852,944,0.0975,27.427,GOOD,1.0
2020-12-12,P08,S2B_30NXL_20201212_0_L2A,0.114281,0.070836,-0.085192,0.693989,1.263938,0.3582,0.2834,0.3417,0.0535,190,944,0.7987,19.335,ACCEPTABLE,0.8
2020-12-17,P08,S2A_30NXL_20201217_0_L2A,-0.042553,0.026892,-0.115318,0.191585,0.904696,0.131,0.1448,0.1832,0.0992,301,944,0.6811,32.496,ACCEPTABLE,0.92
2020-12-22,P08,S2B_30NXL_20201222_1_L2A,0.128829,0.034801,-0.107999,0.541132,1.305354,0.2877,0.2204,0.2761,0.0672,944,944,0.0,25.51,GOOD,1.0
2020-12-27,P08,S2A_30NXL_20201227_0_L2A,0.044131,0.045995,-0.218223,-0.050656,1.165552,0.2788,0.2392,0.4041,0.2709,509,944,0.4608,16.174,GOOD,1.0
2021-01-11,P08,S2B_30NXL_20210111_1_L2A,0.135396,0.072123,-0.099928,0.686769,1.325416,0.3348,0.2526,0.3109,0.0485,760,944,0.1949,17.643,ACCEPTABLE,0.88
2021-01-16,P08,S2A_30NXL_20210116_0_L2A,0.126768,0.053644,-0.135573,0.579055,1.285417,0.2468,0.192,0.2648,0.0497,944,944,0.0,19.474,GOOD,1.0
2021-01-21,P08,S2B_30NXL_20210121_1_L2A,0.081134,0.027727,-0.189552,0.260025,1.189162,0.237,0.1993,0.2929,0.11625,456,944,0.5169,38.967,ACCEPTABLE,0.92
2021-01-26,P08,S2A_30NXL_20210126_1_L2A,0.141232,0.020104,-0.247867,0.144499,1.331528,0.2458,0.1846,0.30665,0.13805,944,944,0.0,4.276,GOOD,1.0
2021-01-31,P08,S2B_30NXL_20210131_0_L2A,0.025099,0.036129,-0.196161,0.225157,1.043712,0.1552,0.1487,0.2139,0.10625,496,944,0.4746,19.979,GOOD,1.0
2021-02-15,P08,S2A_30NXL_20210215_0_L2A,0.007525,0.013701,-0.07422,0.281518,1.023576,0.3647,0.3563,0.4119,0.20215,12,944,0.9873,17.055,LOW_QUALITY,0.49
2021-02-20,P08,S2B_30NXL_20210220_0_L2A,0.074627,0.045893,-0.140778,0.298742,1.144451,0.2052,0.1793,0.26225,0.08395,944,944,0.0,17.773,GOOD,1.0
2021-02-25,P08,S2A_30NXL_20210225_1_L2A,0.104396,0.030993,-0.192148,0.332889,1.239841,0.2502,0.2018,0.298,0.1012,944,944,0.0,36.429,GOOD,1.0
2021-03-02,P08,S2B_30NXL_20210302_1_L2A,0.090689,0.030771,-0.169908,0.330201,1.205882,0.2706,0.2244,0.3168,0.1144,944,944,0.0,47.166,GOOD,1.0
2021-03-12,P08,S2B_30NXL_20210312_2_L2A,0.086668,0.064456,-0.0919,0.516743,1.195262,0.3734,0.3124,0.3864,0.0856,654,944,0.3072,53.237,ACCEPTABLE,0.88
2021-04-11,P08,S2B_30NXL_20210411_0_L2A,0.069228,0.062679,-0.133658,0.403147,1.086009,0.1793,0.1651,0.2465,0.066,938,944,0.0064,10.844,ACCEPTABLE,0.88
2021-04-21,P08,S2B_30NXL_20210421_0_L2A,0.03518,0.035494,-0.057945,0.358053,1.089985,0.1502,0.1378,0.1547,0.0649,350,944,0.6292,31.927,ACCEPTABLE,0.92
2021-04-26,P08,S2A_30NXL_20210426_0_L2A,0.129845,0.042375,-0.092472,0.693352,1.301418,0.367,0.282,0.3409,0.0515,944,944,0.0,15.969,GOOD,1.0
2021-05-01,P08,S2B_30NXL_20210501_0_L2A,-0.034936,0.056033,-0.348777,-0.130801,0.847876,0.1477,0.1742,0.3684,0.2116,14,944,0.9852,51.62,LOW_QUALITY,0.49
2021-05-06,P08,S2A_30NXL_20210506_0_L2A,-0.036633,0.03081,-0.309566,-0.183052,0.914933,0.1495,0.1634,0.3125,0.237,12,944,0.9873,69.23,LOW_QUALITY,0.49
2021-05-11,P08,S2B_30NXL_20210511_0_L2A,0.065726,0.044067,-0.119333,0.362424,1.128688,0.1377,0.122,0.161,0.0593,926,944,0.0191,16.089,GOOD,1.0
2021-06-25,P08,S2A_30NXL_20210625_0_L2A,0.105595,0.069319,0.030946,0.63569,1.234266,0.353,0.286,0.2698,0.0637,112,944,0.8814,70.641,LOW_QUALITY,0.52
2021-07-05,P08,S2A_30NXL_20210705_0_L2A,0.123645,0.057748,-0.047902,0.7159,1.285064,0.2822,0.2196,0.24695,0.0371,662,944,0.2987,28.911,GOOD,1.0
2021-07-10,P08,S2B_30NXL_20210710_0_L2A,-0.014331,0.037647,-0.040173,0.190004,0.979458,0.2241,0.2288,0.27415,0.1697,158,944,0.8326,19.784,ACCEPTABLE,0.92
2021-07-20,P08,S2B_30NXL_20210720_0_L2A,-0.015265,0.073809,-0.390218,-0.202263,0.939954,0.1628,0.1732,0.424,0.2531,28,944,0.9703,50.22,LOW_QUALITY,0.37
2021-07-25,P08,S2A_30NXL_20210725_0_L2A,0.105224,0.074524,-0.032369,0.591286,1.132012,0.2684,0.2371,0.2696,0.0569,366,944,0.6123,22.482,ACCEPTABLE,0.8
2021-07-30,P08,S2B_30NXL_20210730_0_L2A,-0.024049,0.020433,-0.162585,-0.025208,0.951553,0.3064,0.322,0.4436,0.3181,26,944,0.9725,34.762,LOW_QUALITY,0.49
2021-08-09,P08,S2B_30NXL_20210809_0_L2A,-0.023665,0.028221,-0.031128,0.451888,0.969942,0.1678,0.173,0.1846,0.0638,646,944,0.3157,39.098,GOOD,1.0
2021-08-14,P08,S2A_30NXL_20210814_0_L2A,0.048321,0.033887,-0.077107,0.3584,1.112979,0.2384,0.2142,0.2523,0.0946,110,944,0.8835,24.376,LOW_QUALITY,0.64
2021-08-19,P08,S2B_30NXL_20210819_0_L2A,0.079538,0.045393,-0.04369,0.652466,1.171331,0.3432,0.293,0.322,0.0616,576,944,0.3898,48.552,GOOD,1.0
2021-09-18,P08,S2B_30NXL_20210918_0_L2A,0.037228,0.056543,-0.179593,0.04571,1.038383,0.2543,0.2449,0.3309,0.18755,228,944,0.7585,64.364,ACCEPTABLE,0.92
2021-09-23,P08,S2A_30NXL_20210923_0_L2A,0.037999,0.060603,0.021526,0.588093,1.02036,0.1303,0.1277,0.16535,0.0324,762,944,0.1928,27.629,ACCEPTABLE,0.88
2021-10-03,P08,S2A_30NXL_20211003_0_L2A,0.118954,0.047223,-0.000368,0.684717,1.269359,0.3426,0.2699,0.2764,0.04955,696,944,0.2627,48.89,GOOD,1.0
2021-10-13,P08,S2A_30NXL_20211013_1_L2A,0.049909,0.018591,-0.190346,0.082657,1.106243,0.202,0.1826,0.2706,0.1551,500,944,0.4703,30.371,GOOD,1.0
2021-10-18,P08,S2B_30NXL_20211018_1_L2A,0.115757,0.030809,0.067081,0.666015,1.271552,0.354,0.2784,0.24835,0.0572,944,944,0.0,44.779,GOOD,1.0
2021-10-28,P08,S2B_30NXL_20211028_0_L2A,0.13052,0.060746,0.048504,0.772863,1.302694,0.3288,0.2524,0.2364,0.0345,944,944,0.0,42.656,ACCEPTABLE,0.88
2021-11-07,P08,S2B_30NXL_20211107_1_L2A,0.086365,0.029556,-0.075937,0.356335,1.201533,0.2194,0.1826,0.2066,0.087,670,944,0.2903,78.466,GOOD,1.0
2021-11-12,P08,S2A_30NXL_20211112_0_L2A,-0.017141,0.0309,-0.28492,-0.049431,0.982546,0.1351,0.1375,0.2592,0.1506,20,944,0.9788,35.251,LOW_QUALITY,0.49
2021-11-17,P08,S2B_30NXL_20211117_1_L2A,0.134153,0.038298,-0.038942,0.760097,1.319952,0.3288,0.2491,0.27685,0.0351,944,944,0.0,31.453,GOOD,1.0
2021-11-27,P08,S2B_30NXL_20211127_0_L2A,0.018654,0.055166,-0.102082,0.241655,1.047978,0.1529,0.1459,0.19575,0.08605,100,944,0.8941,41.064,LOW_QUALITY,0.64
2021-12-02,P08,S2A_30NXL_20211202_1_L2A,0.115594,0.035212,-0.03135,0.725069,1.26634,0.31,0.2448,0.2617,0.0395,944,944,0.0,28.526,GOOD,1.0
2021-12-07,P08,S2B_30NXL_20211207_0_L2A,0.065494,0.036253,-0.133438,0.316306,1.11778,0.1974,0.1766,0.2354,0.0886,724,944,0.2331,27.629,GOOD,1.0
2021-12-12,P08,S2A_30NXL_20211212_1_L2A,0.094364,0.02667,-0.152752,0.364176,1.213327,0.2531,0.2086,0.2876,0.092,620,944,0.3432,33.924,GOOD,1.0
2021-12-17,P08,S2B_30NXL_20211217_0_L2A,-0.001627,0.036914,-0.133293,0.239122,1.004118,0.1463,0.1457,0.1841,0.08915,40,944,0.9576,71.397,LOW_QUALITY,0.64
2021-12-22,P08,S2A_30NXL_20211222_1_L2A,0.141133,0.021579,-0.167529,0.425866,1.334619,0.2768,0.2074,0.29155,0.08365,944,944,0.0,24.784,GOOD,1.0
2021-12-27,P08,S2B_30NXL_20211227_0_L2A,0.065309,0.144121,-0.151404,-0.049186,1.003452,0.1744,0.1738,0.2208,0.1835,103,944,0.8909,46.802,LOW_QUALITY,0.4
2022-01-01,P08,S2A_30NXL_20220101_0_L2A,0.125988,0.056934,-0.161577,0.423708,1.283614,0.2969,0.2313,0.3198,0.0948,138,944,0.8538,28.296,LOW_QUALITY,0.64
2022-01-06,P08,S2B_30NXL_20220106_0_L2A,0.099875,0.037171,-0.189602,0.375214,1.229834,0.2226,0.181,0.2736,0.0775,938,944,0.0064,12.48,GOOD,1.0
2022-01-11,P08,S2A_30NXL_20220111_0_L2A,0.050307,0.018267,-0.197357,-0.221878,1.10965,0.3461,0.3119,0.4564,0.4745,286,944,0.697,51.838,ACCEPTABLE,0.92
2022-01-21,P08,S2A_30NXL_20220121_0_L2A,0.146233,0.026222,-0.181191,0.446407,1.34886,0.2722,0.2018,0.29095,0.0779,940,944,0.0042,4.467,GOOD,1.0
2022-01-26,P08,S2B_30NXL_20220126_0_L2A,0.149517,0.030845,-0.023243,0.581334,1.350679,0.2388,0.1768,0.18295,0.04725,944,944,0.0,0.819,GOOD,1.0
2022-01-31,P08,S2A_30NXL_20220131_0_L2A,0.06659,0.041334,-0.122042,0.182681,1.192721,0.2884,0.2418,0.3063,0.1592,690,944,0.2691,22.698,GOOD,1.0
2022-02-05,P08,S2B_30NXL_20220205_0_L2A,-0.050809,0.012898,-0.194845,0.036866,0.89487,0.1413,0.1579,0.2273,0.14995,76,944,0.9195,31.506,LOW_QUALITY,0.64
2022-06-05,P08,S2B_30NXL_20220605_0_L2A,0.100478,0.04191,-0.040658,0.647624,1.224779,0.4152,0.339,0.36865,0.07305,124,944,0.8686,45.411,LOW_QUALITY,0.64
2022-07-10,P08,S2A_30NXL_20220710_0_L2A,-0.017435,0.051606,-0.162624,0.35798,0.961392,0.1519,0.158,0.2106,0.07735,36,944,0.9619,38.17,LOW_QUALITY,0.49
2022-07-20,P08,S2A_30NXL_20220720_0_L2A,-0.054239,0.040677,-0.42277,-0.168403,0.854957,0.1285,0.1503,0.38245,0.2318,10,944,0.9894,21.126,LOW_QUALITY,0.49
2022-10-13,P08,S2B_30NXL_20221013_0_L2A,0.023954,0.023923,-0.124211,0.189018,1.050327,0.1607,0.153,0.2099,0.0975,14,944,0.9852,45.076,LOW_QUALITY,0.49
2022-10-23,P08,S2B_30NXL_20221023_0_L2A,0.123604,0.036611,0.059775,0.767108,1.285498,0.3404,0.2648,0.2366,0.03565,584,944,0.3814,73.995,GOOD,1.0
2022-10-28,P08,S2A_30NXL_20221028_0_L2A,0.172034,0.041236,0.078834,1.0,1.425952,0.2022,0.1418,0.12695,-0.0598,944,944,0.0,29.526,GOOD,1.0
2022-11-02,P08,S2B_30NXL_20221102_0_L2A,0.104217,0.032098,-0.028999,0.609549,1.246672,0.3184,0.2554,0.26515,0.063,466,944,0.5064,44.098,ACCEPTABLE,0.92
2022-11-22,P08,S2B_30NXL_20221122_0_L2A,0.117946,0.0318,-0.065204,0.72588,1.271939,0.3812,0.2997,0.3434,0.0472,198,944,0.7903,32.064,ACCEPTABLE,0.92
2022-11-27,P08,S2A_30NXL_20221127_0_L2A,0.120573,0.038048,-0.04138,0.732484,1.280216,0.3326,0.2598,0.285,0.041,462,944,0.5106,42.91,ACCEPTABLE,0.92
2022-12-27,P08,S2A_30NXL_20221227_0_L2A,0.116548,0.033479,-0.168505,0.424163,1.259205,0.2565,0.2037,0.28915,0.0809,944,944,0.0,0.404,GOOD,1.0
2023-01-01,P08,S2B_30NXL_20230101_0_L2A,0.118057,0.022314,-0.175017,0.48105,1.272217,0.272,0.2138,0.3038,0.07535,944,944,0.0,0.143,GOOD,1.0
2023-01-06,P08,S2A_30NXL_20230106_0_L2A,0.122685,0.017276,-0.2042,0.2504,1.28453,0.279,0.2172,0.3274,0.1306,944,944,0.0,62.232,GOOD,1.0
2023-01-11,P08,S2B_30NXL_20230111_0_L2A,0.082551,0.058475,-0.169953,0.322039,1.187182,0.2334,0.1966,0.3084,0.08935,60,944,0.9364,20.614,LOW_QUALITY,0.64
2023-01-16,P08,S2A_30NXL_20230116_0_L2A,0.096146,0.028335,-0.1822,0.402729,1.221495,0.2614,0.214,0.3112,0.0947,422,944,0.553,16.014,ACCEPTABLE,0.92
2023-01-21,P08,S2B_30NXL_20230121_0_L2A,0.137542,0.029334,-0.142913,0.492337,1.326435,0.282,0.2126,0.2862,0.0688,944,944,0.0,27.918,GOOD,1.0
2023-01-26,P08,S2A_30NXL_20230126_0_L2A,0.022629,0.020343,-0.132093,-0.149048,1.040174,0.4298,0.4132,0.5438,0.5835,62,944,0.9343,21.085,LOW_QUALITY,0.64
2023-02-10,P08,S2B_30NXL_20230210_0_L2A,0.104173,0.031478,-0.11662,0.608645,1.236262,0.3532,0.2857,0.3616,0.0697,86,944,0.9089,12.679,LOW_QUALITY,0.64
2023-02-15,P08,S2A_30NXL_20230215_0_L2A,0.085665,0.024814,-0.234727,0.143335,1.181358,0.2332,0.1974,0.3192,0.148,944,944,0.0,81.83,GOOD,1.0
2023-02-25,P08,S2A_30NXL_20230225_0_L2A,0.055423,0.019989,-0.005372,0.409735,1.120301,0.3576,0.3192,0.3212,0.1337,728,944,0.2288,48.405,GOOD,1.0
2023-03-02,P08,S2B_30NXL_20230302_0_L2A,0.09096,0.031882,-0.112395,0.594569,1.206226,0.372,0.3084,0.394,0.0808,624,944,0.339,39.262,GOOD,1.0
2023-04-21,P08,S2B_30NXL_20230421_0_L2A,0.108179,0.025978,-0.129282,0.583893,1.244881,0.2918,0.2344,0.3042,0.062,944,944,0.0,6.069,GOOD,1.0
2023-05-06,P08,S2A_30NXL_20230506_0_L2A,0.112072,0.035249,-0.06454,0.787009,1.255153,0.3532,0.2814,0.3227,0.0336,944,944,0.0,32.469,GOOD,1.0
2023-05-16,P08,S2A_30NXL_20230516_0_L2A,0.117107,0.036205,-0.096814,0.589013,1.271985,0.2806,0.2206,0.2714,0.0597,944,944,0.0,30.65,GOOD,1.0
2023-05-26,P08,S2A_30NXL_20230526_0_L2A,0.110744,0.034262,-0.037269,0.730923,1.253511,0.3392,0.2706,0.2944,0.0426,944,944,0.0,42.622,GOOD,1.0
2023-06-15,P08,S2A_30NXL_20230615_0_L2A,0.08064,0.047184,-0.065017,0.688096,1.174611,0.4534,0.386,0.4528,0.0634,362,944,0.6165,52.1,ACCEPTABLE,0.92
2023-06-30,P08,S2B_30NXL_20230630_0_L2A,0.117039,0.042945,-0.083286,0.73441,1.270041,0.3438,0.2707,0.3256,0.03865,84,944,0.911,21.653,LOW_QUALITY,0.64
2023-10-08,P08,S2B_30NXL_20231008_0_L2A,0.112934,0.030609,-0.068821,0.674393,1.251566,0.3796,0.3033,0.348,0.059,234,944,0.7521,58.71,ACCEPTABLE,0.92
2023-10-18,P08,S2B_30NXL_20231018_0_L2A,0.122074,0.03499,-0.053605,0.787357,1.280816,0.3138,0.245,0.2754,0.0297,856,944,0.0932,26.532,GOOD,1.0
2023-10-28,P08,S2B_30NXL_20231028_0_L2A,0.1139,0.044834,-0.040031,0.770313,1.268726,0.3574,0.2817,0.317,0.0366,288,944,0.6949,28.732,ACCEPTABLE,0.92
2023-11-02,P08,S2A_30NXL_20231102_0_L2A,0.099614,0.031354,-0.072707,0.638848,1.222992,0.3532,0.2888,0.3348,0.064,406,944,0.5699,37.464,ACCEPTABLE,0.92
2023-11-17,P08,S2B_30NXL_20231117_0_L2A,0.094349,0.026796,-0.12,0.562283,1.212622,0.3228,0.2662,0.34055,0.0741,258,944,0.7267,33.798,ACCEPTABLE,0.92
2023-12-12,P08,S2A_30NXL_20231212_0_L2A,0.1247,0.029462,-0.135621,0.69572,1.296238,0.3308,0.2552,0.3446,0.0467,516,944,0.4534,48.449,GOOD,1.0
2023-12-17,P08,S2B_30NXL_20231217_0_L2A,0.112141,0.020657,-0.174759,0.421641,1.256228,0.2824,0.2248,0.3196,0.09175,944,944,0.0,18.609,GOOD,1.0
2023-12-22,P08,S2A_30NXL_20231222_0_L2A,0.124338,0.02583,-0.176425,0.566824,1.286785,0.2746,0.2134,0.3049,0.05915,944,944,0.0,11.902,GOOD,1.0
2024-01-01,P08,S2A_30NXL_20240101_0_L2A,0.087816,0.030741,-0.158636,0.457136,1.197917,0.276,0.2304,0.3328,0.087,674,944,0.286,28.38,GOOD,1.0
2024-01-16,P08,S2B_30NXL_20240116_0_L2A,0.078479,0.029707,-0.130326,0.518714,1.16299,0.1898,0.1632,0.2136,0.0555,288,944,0.6949,77.388,ACCEPTABLE,0.92
2024-01-21,P08,S2A_30NXL_20240121_0_L2A,0.107621,0.046349,-0.210029,0.494112,1.290133,0.2419,0.1875,0.302,0.0585,402,944,0.5742,18.529,ACCEPTABLE,0.92
2024-01-26,P08,S2B_30NXL_20240126_0_L2A,0.028195,0.02339,-0.141518,0.286652,1.062427,0.1821,0.1714,0.2271,0.0961,246,944,0.7394,22.868,ACCEPTABLE,0.92
2024-01-31,P08,S2A_30NXL_20240131_0_L2A,0.135568,0.018697,-0.268708,0.119308,1.325028,0.234,0.1766,0.3074,0.1393,944,944,0.0,5.135,GOOD,1.0
2024-02-10,P08,S2A_30NXL_20240210_0_L2A,0.054102,0.015969,-0.212589,0.163771,1.120891,0.2114,0.1886,0.2912,0.13655,944,944,0.0,16.078,GOOD,1.0
2024-03-11,P08,S2A_30NXL_20240311_0_L2A,0.10772,0.027226,-0.093774,0.657,1.244688,0.3632,0.2918,0.354,0.0609,944,944,0.0,21.226,GOOD,1.0
2024-03-16,P08,S2B_30NXL_20240316_0_L2A,0.052405,0.028493,-0.152078,0.254191,1.109827,0.1536,0.1384,0.1894,0.091,114,944,0.8792,50.599,LOW_QUALITY,0.64
2024-03-21,P08,S2A_30NXL_20240321_0_L2A,0.086996,0.023137,-0.171338,0.388059,1.190655,0.2854,0.2397,0.3386,0.1054,246,944,0.7394,15.597,ACCEPTABLE,0.92
2024-03-26,P08,S2B_30NXL_20240326_0_L2A,0.092133,0.026818,-0.110237,0.587903,1.206826,0.3536,0.293,0.3664,0.07665,320,944,0.661,21.576,ACCEPTABLE,0.92
2024-03-31,P08,S2A_30NXL_20240331_0_L2A,0.091318,0.027449,-0.14001,0.432129,1.204584,0.2838,0.2356,0.3145,0.09385,944,944,0.0,13.264,GOOD,1.0
2024-04-05,P08,S2B_30NXL_20240405_0_L2A,0.104818,0.02737,-0.115739,0.551857,1.239102,0.3752,0.3028,0.3828,0.0883,650,944,0.3114,55.968,GOOD,1.0
2024-04-10,P08,S2A_30NXL_20240410_0_L2A,0.100763,0.030403,-0.081881,0.634057,1.2275,0.3928,0.32,0.3776,0.07215,532,944,0.4364,60.341,GOOD,1.0
2024-04-20,P08,S2A_30NXL_20240420_0_L2A,0.099251,0.027432,-0.068369,0.549146,1.222853,0.3446,0.2818,0.324,0.0826,944,944,0.0,26.124,GOOD,1.0
2024-05-05,P08,S2B_30NXL_20240505_0_L2A,0.101548,0.031203,-0.09154,0.585727,1.230006,0.4214,0.3426,0.4121,0.0904,104,944,0.8898,41.726,LOW_QUALITY,0.64
2024-05-20,P08,S2A_30NXL_20240520_0_L2A,0.084435,0.032078,-0.098583,0.514032,1.18707,0.3452,0.2908,0.35665,0.0909,264,944,0.7203,55.608,ACCEPTABLE,0.92
2024-07-24,P08,S2B_30NXL_20240724_0_L2A,0.06828,0.040411,-0.160534,0.398798,1.133838,0.2694,0.2376,0.3476,0.10245,896,944,0.0508,62.283,GOOD,1.0
2024-09-02,P08,S2B_30NXL_20240902_0_L2A,0.001532,0.073084,-0.378901,0.012084,1.014329,0.1345,0.1326,0.3606,0.15395,32,944,0.9661,27.641,LOW_QUALITY,0.37
2024-10-27,P08,S2A_30NXL_20241027_0_L2A,0.117374,0.031309,-0.078908,0.782555,1.266431,0.3584,0.283,0.3328,0.03485,944,944,0.0,34.203,GOOD,1.0
2024-11-06,P08,S2A_30NXL_20241106_0_L2A,0.109604,0.04009,-0.147139,0.543574,1.233981,0.3428,0.2778,0.37675,0.08055,376,944,0.6017,18.815,ACCEPTABLE,0.92
2024-11-11,P08,S2B_30NXL_20241111_0_L2A,0.125455,0.031358,-0.096743,0.708353,1.291228,0.368,0.285,0.34695,0.0493,622,944,0.3411,21.539,GOOD,1.0
2024-11-21,P08,S2B_30NXL_20241121_0_L2A,0.095632,0.028841,-0.180876,0.506573,1.217852,0.322,0.2644,0.3828,0.08805,944,944,0.0,23.098,GOOD,1.0
2024-12-01,P08,S2B_30NXL_20241201_0_L2A,0.122563,0.03048,-0.169857,0.574398,1.285655,0.3083,0.2398,0.3377,0.06495,944,944,0.0,3.047,GOOD,1.0
2024-12-06,P08,S2C_30NXL_20241206_1_L2A,0.039286,0.159487,-0.427397,0.344934,1.085973,0.072,0.0663,0.18785,0.03665,48,944,0.9492,48.424,LOW_QUALITY,0.4
2024-12-11,P08,S2B_30NXL_20241211_0_L2A,0.122658,0.044447,-0.173265,0.596218,1.274207,0.3132,0.2458,0.3515,0.0622,850,944,0.0996,23.314,GOOD,1.0
2024-12-16,P08,S2A_30NXL_20241216_0_L2A,0.14862,0.035743,-0.17918,0.725812,1.357911,0.3536,0.2604,0.376,0.0416,826,944,0.125,14.901,GOOD,1.0
2024-12-21,P08,S2B_30NXL_20241221_0_L2A,0.15103,0.032821,-0.223893,0.508709,1.361362,0.2558,0.1879,0.2957,0.0615,944,944,0.0,11.854,GOOD,1.0
2024-12-31,P08,S2B_30NXL_20241231_0_L2A,0.120751,0.034472,-0.177637,0.501558,1.281496,0.2604,0.2032,0.2902,0.0667,944,944,0.0,25.268,GOOD,1.0
2025-01-05,P08,S2A_30NXL_20250105_0_L2A,0.00787,0.016784,0.006488,0.329228,1.016284,0.2122,0.2088,0.2056,0.1046,944,944,0.0,18.19,GOOD,1.0
2025-01-10,P08,S2B_30NXL_20250110_0_L2A,-0.002928,0.034052,-0.194491,0.257638,1.027604,0.1638,0.1594,0.2339,0.1043,18,944,0.9809,27.152,LOW_QUALITY,0.49
2025-01-15,P08,S2A_30NXL_20250115_0_L2A,0.096386,0.028414,-0.078284,0.37194,1.217189,0.2096,0.1722,0.2031,0.07755,460,944,0.5127,36.913,ACCEPTABLE,0.92
2025-01-20,P08,S2B_30NXL_20250120_0_L2A,0.005465,0.028213,0.360054,0.651696,1.021834,0.2106,0.2061,0.0984,0.0435,716,944,0.2415,38.062,GOOD,1.0
2025-01-25,P08,S2C_30NXL_20250125_0_L2A,-0.218478,0.169308,0.126549,0.799403,0.675336,0.0753,0.1115,0.09535,0.01525,84,944,0.911,28.067,LOW_QUALITY,0.4
2025-01-30,P08,S2B_30NXL_20250130_0_L2A,-0.126582,0.018624,0.51074,0.608422,0.766389,0.1286,0.1678,0.0547,0.0413,944,944,0.0,16.806,GOOD,1.0
2025-02-04,P08,S2C_30NXL_20250204_0_L2A,-0.242363,0.147707,0.921231,1.0,0.595308,0.0406,0.0682,0.003,-0.0161,764,944,0.1907,19.553,LOW_QUALITY,0.76
2025-02-14,P08,S2C_30NXL_20250214_0_L2A,0.186656,0.049361,-0.23151,1.0,1.469718,0.2087,0.142,0.2284,-0.0252,608,944,0.3559,32.921,GOOD,1.0
2025-02-19,P08,S2B_30NXL_20250219_0_L2A,0.120378,0.096905,0.191675,1.0,1.272251,0.2916,0.2292,0.155,-0.0434,944,944,0.0,34.88,ACCEPTABLE,0.88
2025-02-24,P08,S2C_30NXL_20250224_0_L2A,0.108209,0.274601,-0.513534,0.562571,1.21365,0.0409,0.0337,0.1093,0.0081,20,944,0.9788,84.898,LOW_QUALITY,0.25
2025-03-01,P08,S2B_30NXL_20250301_0_L2A,0.028748,0.04298,-0.034923,0.769246,1.057126,0.359,0.3396,0.3644,0.044,46,944,0.9513,31.297,LOW_QUALITY,0.64
2025-03-06,P08,S2C_30NXL_20250306_0_L2A,0.147422,0.056828,-0.12756,0.919064,1.351026,0.1909,0.1413,0.214,0.007,102,944,0.8919,41.977,LOW_QUALITY,0.64
2025-03-16,P08,S2C_30NXL_20250316_0_L2A,-0.004836,0.037978,-0.013796,0.452157,0.990244,0.2436,0.246,0.2485,0.0903,326,944,0.6547,37.244,ACCEPTABLE,0.92
2025-03-26,P08,S2C_30NXL_20250326_0_L2A,0.106237,0.026585,-0.032493,0.671553,1.242424,0.4264,0.3432,0.3703,0.0661,372,944,0.6059,67.538,ACCEPTABLE,0.92
2025-05-15,P08,S2C_30NXL_20250515_0_L2A,0.096774,0.038178,-0.058006,0.657829,1.218159,0.3864,0.3172,0.35845,0.0654,944,944,0.0,68.866,GOOD,1.0
2025-05-20,P08,S2B_30NXL_20250520_0_L2A,0.077649,0.027796,-0.094028,0.488431,1.174474,0.346,0.2946,0.3648,0.1064,944,944,0.0,24.972,GOOD,1.0
2025-05-30,P08,S2B_30NXL_20250530_0_L2A,0.110257,0.030618,-0.089746,0.728062,1.252734,0.4124,0.3292,0.3958,0.0499,182,944,0.8072,39.469,ACCEPTABLE,0.92
2025-06-09,P08,S2B_30NXL_20250609_0_L2A,0.023018,0.022985,-0.104759,0.330871,1.049483,0.1421,0.1354,0.1671,0.0661,82,944,0.9131,65.887,LOW_QUALITY,0.64
2025-07-29,P08,S2B_30NXL_20250729_0_L2A,0.050374,0.057738,-0.139838,0.663404,1.087041,0.1686,0.1551,0.1966,0.035,280,944,0.7034,64.231,ACCEPTABLE,0.92
2025-09-04,P08,S2A_30NXL_20250904_0_L2A,-0.02692,0.052616,-0.307842,0.212199,0.933694,0.138,0.1478,0.27395,0.0943,12,944,0.9873,54.881,LOW_QUALITY,0.49
2025-10-07,P08,S2B_30NXL_20251007_0_L2A,0.109575,0.044967,-0.144622,0.45312,1.243448,0.3606,0.29,0.3976,0.1058,944,944,0.0,43.413,GOOD,1.0
2025-10-12,P08,S2C_30NXL_20251012_0_L2A,0.111297,0.057243,-0.080994,0.600437,1.190299,0.319,0.268,0.328,0.0536,612,944,0.3517,39.788,GOOD,1.0
2025-10-14,P08,S2A_30NXL_20251014_0_L2A,0.109011,0.048413,-0.066943,0.743568,1.248738,0.3464,0.2774,0.326,0.0414,790,944,0.1631,68.535,GOOD,1.0
2025-10-17,P08,S2B_30NXL_20251017_0_L2A,0.068115,0.018258,-0.091047,0.658275,1.145737,0.1989,0.1736,0.2111,0.0379,18,944,0.9809,41.249,LOW_QUALITY,0.49
2025-10-22,P08,S2C_30NXL_20251022_0_L2A,0.119168,0.028144,-0.09925,0.716261,1.272487,0.3848,0.3024,0.3688,0.05,388,944,0.589,45.389,ACCEPTABLE,0.92
2025-11-01,P08,S2C_30NXL_20251101_0_L2A,0.120406,0.02638,-0.073069,0.74786,1.272328,0.3476,0.2732,0.32,0.0379,308,944,0.6737,35.857,ACCEPTABLE,0.92
2025-11-16,P08,S2B_30NXL_20251116_0_L2A,0.105916,0.029922,-0.131029,0.597948,1.242098,0.3576,0.2879,0.3792,0.07305,320,944,0.661,30.453,ACCEPTABLE,0.92
2025-11-21,P08,S2C_30NXL_20251121_0_L2A,0.119324,0.039673,-0.127219,0.648971,1.276417,0.3648,0.2858,0.37035,0.0619,314,944,0.6674,39.119,ACCEPTABLE,0.92
2025-11-26,P08,S2B_30NXL_20251126_0_L2A,0.130505,0.044961,-0.154596,0.727433,1.305711,0.3498,0.2679,0.3694,0.0429,246,944,0.7394,42.602,ACCEPTABLE,0.92
2025-12-06,P08,S2B_30NXL_20251206_0_L2A,0.059348,0.03827,-0.110196,0.461123,1.102128,0.2072,0.188,0.2467,0.0734,102,944,0.8919,44.554,LOW_QUALITY,0.64
2025-12-16,P08,S2B_30NXL_20251216_0_L2A,0.117421,0.04396,-0.137975,0.610124,1.212785,0.2713,0.2237,0.34025,0.0461,764,944,0.1907,61.214,GOOD,1.0
2025-12-23,P08,S2A_30NXL_20251223_0_L2A,0.126907,0.04121,-0.155418,0.651954,1.295019,0.338,0.261,0.3628,0.054,574,944,0.3919,29.91,GOOD,1.0
2025-12-31,P08,S2C_30NXL_20251231_0_L2A,0.116043,0.04034,-0.085416,0.74119,1.269279,0.4016,0.3164,0.3774,0.0475,944,944,0.0,35.124,GOOD,1.0
2026-01-05,P08,S2B_30NXL_20260105_0_L2A,-0.003086,0.037912,-0.135563,0.259108,1.009003,0.1457,0.1444,0.18955,0.0829,54,944,0.9428,29.008,LOW_QUALITY,0.64
2026-01-15,P08,S2B_30NXL_20260115_0_L2A,0.116933,0.018735,-0.204358,0.34352,1.272431,0.312,0.2452,0.37115,0.1213,788,944,0.1653,39.875,GOOD,1.0
2026-01-25,P08,S2B_30NXL_20260125_0_L2A,0.121299,0.057163,-0.219068,0.378184,1.364809,0.2645,0.1938,0.32125,0.0689,514,944,0.4555,4.027,GOOD,1.0
2026-02-19,P08,S2C_30NXL_20260219_0_L2A,0.075287,0.014468,-0.208882,0.170409,1.175458,0.3142,0.2673,0.4148,0.1929,634,944,0.3284,72.496,GOOD,1.0
2026-03-13,P08,S2A_30NXL_20260313_0_L2A,0.112382,0.029057,-0.127491,0.641383,1.258058,0.3337,0.26525,0.34325,0.05855,944,944,0.0,24.151,GOOD,1.0
2026-03-26,P08,S2B_30NXL_20260326_0_L2A,0.114119,0.036324,-0.131874,0.692786,1.26307,0.3793,0.3003,0.3926,0.05535,944,944,0.0,25.585,GOOD,1.0
2026-03-31,P08,S2C_30NXL_20260331_0_L2A,0.103688,0.031279,-0.122318,0.557858,1.231043,0.36365,0.2954,0.3814,0.082,248,944,0.7373,15.864,ACCEPTABLE,0.92
2026-04-15,P08,S2B_30NXL_20260415_0_L2A,0.110547,0.033196,-0.155223,0.561794,1.253287,0.30505,0.2434,0.3337,0.0685,944,944,0.0,6.38,GOOD,1.0
2026-04-22,P08,S2A_30NXL_20260422_0_L2A,0.098798,0.026096,-0.131131,0.549243,1.223673,0.2998,0.245,0.3196,0.07145,944,944,0.0,18.105,GOOD,1.0
2026-04-30,P08,S2C_30NXL_20260430_0_L2A,0.12642,0.033186,-0.124275,0.646175,1.295089,0.3059,0.2362,0.30415,0.051,944,944,0.0,5.442,GOOD,1.0
2026-05-02,P08,S2A_30NXL_20260502_0_L2A,0.095831,0.026698,-0.075022,0.634902,1.213189,0.4268,0.3518,0.4099,0.0787,408,944,0.5678,32.122,ACCEPTABLE,0.92
2026-05-12,P08,S2A_30NXL_20260512_0_L2A,0.107031,0.036484,-0.093583,0.629201,1.245649,0.3722,0.2988,0.3647,0.0698,622,944,0.3411,22.337,GOOD,1.0
2026-06-01,P08,S2A_30NXL_20260601_0_L2A,-0.022542,0.035143,-0.213144,0.118652,0.991445,0.15645,0.1578,0.25345,0.1277,26,944,0.9725,69.091,LOW_QUALITY,0.49
2026-08-18,P08,S2C_30NXL_20260818_0_L2A,0.053792,0.042448,-0.103858,0.716877,1.107131,0.3307,0.2987,0.36905,0.05575,684,944,0.2754,48.327,GOOD,1.0
2017-01-27,P09,S2A_30NXM_20170127_0_L2A,0.151963,0.026695,-0.174846,0.424339,1.366325,0.2402,0.1758,0.253,0.0702,952,972,0.0206,2.443,GOOD,1.0
2017-03-08,P09,S2A_30NXM_20170308_0_L2A,0.055132,0.044997,-0.152332,0.270443,1.121396,0.1478,0.1318,0.1723,0.0693,64,972,0.9342,35.949,LOW_QUALITY,0.64
2017-03-18,P09,S2A_30NXM_20170318_0_L2A,0.017417,0.071535,-0.269926,-0.050907,1.093712,0.1809,0.1654,0.3038,0.15255,32,972,0.9671,26.619,LOW_QUALITY,0.37
2017-03-28,P09,S2A_30NXM_20170328_0_L2A,0.032265,0.054946,-0.39849,0.008719,1.117135,0.1669,0.1494,0.3395,0.14315,20,972,0.9794,6.877,LOW_QUALITY,0.49
2017-04-17,P09,S2A_30NXM_20170417_0_L2A,0.041736,0.076606,-0.392789,0.059747,1.087103,0.161,0.1481,0.3337,0.1335,18,972,0.9815,7.07,LOW_QUALITY,0.37
2017-04-27,P09,S2A_30NXM_20170427_0_L2A,0.108461,0.027257,-0.048331,0.438717,1.243115,0.2618,0.2106,0.2358,0.0821,942,972,0.0309,18.822,GOOD,1.0
2017-05-07,P09,S2A_30NXM_20170507_0_L2A,0.037451,0.064271,-0.312125,0.068945,1.051475,0.1818,0.1729,0.3199,0.15365,16,972,0.9835,64.393,LOW_QUALITY,0.37
2017-06-06,P09,S2A_30NXM_20170606_0_L2A,0.004939,0.032065,-0.278395,-0.032184,1.108833,0.2109,0.1902,0.3368,0.2051,10,972,0.9897,70.162,LOW_QUALITY,0.49
2017-07-11,P09,S2B_30NXM_20170711_0_L2A,0.039655,0.040532,0.006423,0.418272,1.046099,0.118,0.1128,0.1169,0.0456,442,972,0.5453,15.139,ACCEPTABLE,0.92
2017-07-21,P09,S2B_30NXM_20170721_0_L2A,-0.005969,0.025241,0.087201,0.55488,0.986275,0.1509,0.153,0.1313,0.0426,104,972,0.893,73.241,LOW_QUALITY,0.64
2017-10-09,P09,S2B_30NXM_20171009_0_L2A,0.103851,0.028091,-0.00356,0.577581,1.23342,0.2362,0.1915,0.1948,0.0515,294,972,0.6975,47.248,ACCEPTABLE,0.92
2017-10-24,P09,S2A_30NXM_20171024_0_L2A,0.013299,0.028447,-0.098303,0.102948,1.024425,0.1426,0.1392,0.1744,0.114,142,972,0.8539,50.972,LOW_QUALITY,0.64
2017-10-29,P09,S2B_30NXM_20171029_0_L2A,0.114845,0.043402,0.032035,0.495586,1.240892,0.2282,0.1839,0.1717,0.0624,972,972,0.0,28.865,GOOD,1.0
2017-11-03,P09,S2A_30NXM_20171103_1_L2A,0.044298,0.052119,-0.303436,-0.045456,1.066577,0.1586,0.1487,0.299,0.1476,16,972,0.9835,35.515,LOW_QUALITY,0.49
2017-11-08,P09,S2B_30NXM_20171108_0_L2A,0.030265,0.048587,-0.244074,-0.008745,1.062657,0.1696,0.1596,0.2649,0.1391,42,972,0.9568,23.597,LOW_QUALITY,0.64
2017-11-13,P09,S2A_30NXM_20171113_0_L2A,0.092598,0.046006,0.012807,0.45963,1.172072,0.1771,0.1511,0.161,0.0572,598,972,0.3848,36.43,GOOD,1.0
2017-11-18,P09,S2B_30NXM_20171118_0_L2A,0.128312,0.047255,0.034747,0.618214,1.302729,0.2625,0.2015,0.1896,0.0467,510,972,0.4753,43.478,GOOD,1.0
2017-11-28,P09,S2B_30NXM_20171128_1_L2A,0.017433,0.03962,0.023989,0.300821,1.034516,0.1079,0.1043,0.10115,0.0545,188,972,0.8066,23.778,ACCEPTABLE,0.92
2017-12-03,P09,S2A_30NXM_20171203_0_L2A,0.053832,0.050214,-0.026558,0.339018,1.092217,0.167,0.1529,0.1832,0.0674,56,972,0.9424,39.376,LOW_QUALITY,0.64
2017-12-13,P09,S2A_30NXM_20171213_1_L2A,0.029165,0.01059,-0.180111,0.143183,1.063542,0.2042,0.192,0.2766,0.146,920,972,0.0535,57.827,GOOD,1.0
2017-12-18,P09,S2B_30NXM_20171218_0_L2A,0.023091,0.05967,-0.374152,-0.026815,1.078908,0.1463,0.1356,0.2929,0.144,30,972,0.9691,49.295,LOW_QUALITY,0.49
2017-12-28,P09,S2B_30NXM_20171228_1_L2A,0.026692,0.014111,-0.191205,0.125836,1.059852,0.2001,0.1888,0.2821,0.148,292,972,0.6996,66.08,ACCEPTABLE,0.92
2018-01-02,P09,S2A_30NXM_20180102_1_L2A,0.043876,0.027847,-0.132256,-0.052286,1.129149,0.313,0.2772,0.37895,0.3061,644,972,0.3374,4.643,GOOD,1.0
2018-01-12,P09,S2A_30NXM_20180112_0_L2A,0.027135,0.032166,-0.211349,-0.135705,1.12807,0.1929,0.171,0.3186,0.17985,24,972,0.9753,15.042,LOW_QUALITY,0.49
2018-01-17,P09,S2B_30NXM_20180117_0_L2A,0.115983,0.021786,-0.167862,0.260164,1.27193,0.174,0.1368,0.192,0.0804,896,972,0.0782,8.101,GOOD,1.0
2018-01-22,P09,S2A_30NXM_20180122_0_L2A,0.05731,0.031229,-0.127947,-0.091818,1.09548,0.1939,0.177,0.2914,0.2557,454,972,0.5329,1.725,ACCEPTABLE,0.92
2018-01-27,P09,S2B_30NXM_20180127_0_L2A,0.036027,0.010307,-0.175946,-0.222955,1.074581,0.3141,0.2923,0.4152,0.448,86,972,0.9115,3.854,LOW_QUALITY,0.64
2018-02-01,P09,S2A_30NXM_20180201_0_L2A,0.046964,0.024444,-0.165696,0.141496,1.095356,0.1769,0.1615,0.2368,0.1198,176,972,0.8189,20.595,ACCEPTABLE,0.92
2018-02-06,P09,S2B_30NXM_20180206_0_L2A,0.022455,0.030918,-0.233998,0.015659,1.027738,0.1445,0.1406,0.2495,0.13805,44,972,0.9547,31.955,LOW_QUALITY,0.64
2018-02-11,P09,S2A_30NXM_20180211_1_L2A,0.064967,0.019293,-0.03014,0.197107,1.144604,0.1591,0.139,0.15015,0.0935,94,972,0.9033,65.842,LOW_QUALITY,0.64
2018-03-03,P09,S2A_30NXM_20180303_0_L2A,0.113856,0.040764,0.032346,0.649261,1.25596,0.3003,0.2391,0.2356,0.045,570,972,0.4136,41.468,GOOD,1.0
2018-03-13,P09,S2A_30NXM_20180313_1_L2A,0.100316,0.00482,0.020207,0.567047,1.230366,0.376,0.3056,0.2933,0.0859,48,972,0.9506,53.559,LOW_QUALITY,0.64
2018-04-27,P09,S2B_30NXM_20180427_0_L2A,0.01072,0.033829,-0.249203,-0.152561,1.038104,0.2234,0.2152,0.3652,0.296,158,972,0.8374,17.298,ACCEPTABLE,0.92
2018-05-07,P09,S2B_30NXM_20180507_0_L2A,0.023125,0.08035,-0.382215,-0.043574,1.049553,0.1525,0.1453,0.3209,0.15685,28,972,0.9712,63.326,LOW_QUALITY,0.37
2018-05-12,P09,S2A_30NXM_20180512_0_L2A,0.034827,0.049516,-0.365202,-0.065377,1.086845,0.1702,0.1566,0.3304,0.1897,78,972,0.9198,45.15,LOW_QUALITY,0.64
2018-06-01,P09,S2A_30NXM_20180601_1_L2A,0.116936,0.050459,0.078794,0.585916,1.265589,0.3288,0.2598,0.2216,0.0673,740,972,0.2387,64.0,GOOD,1.0
2018-06-16,P09,S2B_30NXM_20180616_1_L2A,0.041547,0.042063,-0.054548,0.334348,1.053482,0.2935,0.2786,0.3005,0.1144,122,972,0.8745,70.181,LOW_QUALITY,0.64
2018-07-11,P09,S2A_30NXM_20180711_0_L2A,-0.005432,0.039684,-0.310735,0.01614,0.979408,0.1522,0.1554,0.2997,0.159,32,972,0.9671,75.085,LOW_QUALITY,0.49
2018-07-16,P09,S2B_30NXM_20180716_0_L2A,0.106457,0.020248,0.044691,0.703688,1.240869,0.2514,0.2026,0.185,0.03505,708,972,0.2716,64.17,GOOD,1.0
2018-07-31,P09,S2A_30NXM_20180731_0_L2A,-0.032816,0.035875,0.256602,0.621278,0.946704,0.135,0.1426,0.08415,0.0315,234,972,0.7593,33.362,ACCEPTABLE,0.92
2018-08-05,P09,S2B_30NXM_20180805_1_L2A,0.139422,0.025441,0.031973,0.688571,1.326613,0.2632,0.1984,0.18815,0.0376,886,972,0.0885,32.73,GOOD,1.0
2018-08-15,P09,S2B_30NXM_20180815_0_L2A,-0.019883,0.022077,-0.13517,0.063525,0.968407,0.141,0.1456,0.1959,0.12885,432,972,0.5556,81.369,ACCEPTABLE,0.92
2018-09-14,P09,S2B_30NXM_20180914_0_L2A,0.036546,0.093223,0.06412,0.315564,1.047737,0.169,0.1613,0.1649,0.073,40,972,0.9588,44.186,LOW_QUALITY,0.52
2018-09-29,P09,S2A_30NXM_20180929_1_L2A,0.104779,0.047164,0.125329,0.643459,1.223316,0.3232,0.2642,0.2128,0.0575,64,972,0.9342,89.986,LOW_QUALITY,0.64
2018-10-09,P09,S2A_30NXM_20181009_0_L2A,0.024699,0.046925,-0.015804,0.090983,1.026072,0.122,0.1189,0.1159,0.0918,348,972,0.642,54.153,ACCEPTABLE,0.92
2018-10-19,P09,S2A_30NXM_20181019_1_L2A,0.113713,0.027201,0.100621,0.61933,1.26113,0.2946,0.2336,0.1928,0.05505,508,972,0.4774,52.586,GOOD,1.0
2018-10-24,P09,S2B_30NXM_20181024_0_L2A,-0.03625,0.040246,-0.046398,0.176904,0.941176,0.152,0.1615,0.1772,0.1119,28,972,0.9712,69.243,LOW_QUALITY,0.49
2018-11-03,P09,S2B_30NXM_20181103_0_L2A,0.104888,0.038739,0.084753,0.654856,1.238346,0.3055,0.2467,0.2122,0.0477,434,972,0.5535,30.452,ACCEPTABLE,0.92
2018-11-18,P09,S2A_30NXM_20181118_0_L2A,0.038797,0.049735,-0.0483,0.325985,1.023865,0.1759,0.1718,0.2136,0.06835,348,972,0.642,39.967,ACCEPTABLE,0.92
2018-11-23,P09,S2B_30NXM_20181123_0_L2A,0.089293,0.045981,-0.059034,0.384061,1.173003,0.2746,0.2341,0.2631,0.09405,788,972,0.1893,32.138,GOOD,1.0
2018-11-28,P09,S2A_30NXM_20181128_0_L2A,0.026827,0.023513,0.107279,0.491239,1.056202,0.109,0.1032,0.08455,0.0366,550,972,0.4342,25.833,GOOD,1.0
2018-12-03,P09,S2B_30NXM_20181203_0_L2A,0.092773,0.04332,-0.093044,0.336898,1.192964,0.2238,0.1876,0.2186,0.07965,964,972,0.0082,14.328,GOOD,1.0
2018-12-18,P09,S2A_30NXM_20181218_0_L2A,0.007097,0.034106,0.038926,0.540842,1.0144,0.1268,0.125,0.1167,0.0396,816,972,0.1605,29.326,GOOD,1.0
2018-12-23,P09,S2B_30NXM_20181223_0_L2A,0.042138,0.032002,-0.130711,0.214633,1.155636,0.2235,0.1934,0.2493,0.0997,968,972,0.0041,22.019,GOOD,1.0
2018-12-28,P09,S2A_30NXM_20181228_0_L2A,-0.026038,0.01448,-0.333494,-0.070252,0.94337,0.1366,0.1448,0.2822,0.1666,14,972,0.9856,1.864,LOW_QUALITY,0.49
2019-01-02,P09,S2B_30NXM_20190102_0_L2A,0.068836,0.022533,-0.106877,0.401098,1.151639,0.2248,0.1952,0.242,0.0832,972,972,0.0,21.898,GOOD,1.0
2019-01-17,P09,S2A_30NXM_20190117_0_L2A,0.097194,0.043547,-0.254218,0.082189,1.192752,0.1547,0.1297,0.21995,0.1079,108,972,0.8889,23.241,LOW_QUALITY,0.64
2019-01-22,P09,S2B_30NXM_20190122_0_L2A,0.021748,0.020288,-0.134418,-0.144767,1.045833,0.3765,0.36,0.467,0.4931,86,972,0.9115,10.95,LOW_QUALITY,0.64
2019-01-27,P09,S2A_30NXM_20190127_0_L2A,0.033015,0.025258,-0.00846,0.449649,1.063717,0.1202,0.113,0.1148,0.044,340,972,0.6502,45.116,ACCEPTABLE,0.92
2019-02-11,P09,S2B_30NXM_20190211_0_L2A,-0.003282,0.035685,-0.17815,0.136398,1.030612,0.1616,0.1568,0.17945,0.1005,22,972,0.9774,15.951,LOW_QUALITY,0.49
2019-02-16,P09,S2A_30NXM_20190216_0_L2A,-0.001816,0.03073,-0.212559,0.061887,0.972318,0.1405,0.1445,0.224,0.1233,44,972,0.9547,21.628,LOW_QUALITY,0.64
2019-02-26,P09,S2A_30NXM_20190226_0_L2A,0.08653,0.035072,-0.05265,0.390098,1.157205,0.265,0.229,0.2525,0.0837,498,972,0.4877,1.865,GOOD,1.0
2019-03-08,P09,S2A_30NXM_20190308_0_L2A,0.01647,0.057508,-0.366368,-0.074123,1.043535,0.1606,0.1539,0.33585,0.16215,20,972,0.9794,29.403,LOW_QUALITY,0.49
2019-03-18,P09,S2A_30NXM_20190318_0_L2A,0.072332,0.048035,-0.113791,0.24127,1.183113,0.241,0.2037,0.2539,0.1066,554,972,0.43,35.554,GOOD,1.0
2019-03-28,P09,S2A_30NXM_20190328_1_L2A,0.101167,0.022653,-0.036049,0.464452,1.227252,0.2765,0.2253,0.2446,0.0803,558,972,0.4259,53.558,GOOD,1.0
2019-04-02,P09,S2B_30NXM_20190402_1_L2A,0.079068,0.044364,-0.079463,0.29983,1.161682,0.268,0.2307,0.2718,0.0915,308,972,0.6831,12.862,ACCEPTABLE,0.92
2019-04-07,P09,S2A_30NXM_20190407_1_L2A,0.076043,0.026966,-0.044132,0.394656,1.165351,0.2953,0.2534,0.2796,0.1094,972,972,0.0,78.865,GOOD,1.0
2019-04-22,P09,S2B_30NXM_20190422_0_L2A,-0.014434,0.062981,-0.225281,0.007008,0.932488,0.2058,0.2207,0.3759,0.2176,12,972,0.9877,21.006,LOW_QUALITY,0.37
2019-04-27,P09,S2A_30NXM_20190427_0_L2A,0.044114,0.031488,-0.236344,0.039267,0.977339,0.1337,0.1368,0.191,0.11,18,972,0.9815,38.557,LOW_QUALITY,0.49
2019-05-02,P09,S2B_30NXM_20190502_0_L2A,0.108285,0.029832,-0.050155,0.581849,1.244115,0.2854,0.2294,0.2568,0.0614,972,972,0.0,32.325,GOOD,1.0
2019-05-12,P09,S2B_30NXM_20190512_1_L2A,0.073618,0.025257,-0.046929,0.323445,1.157447,0.3264,0.282,0.3095,0.1429,154,972,0.8416,63.819,ACCEPTABLE,0.92
2019-05-17,P09,S2A_30NXM_20190517_0_L2A,0.06282,0.044858,-0.045231,0.429502,1.09682,0.0776,0.07075,0.08395,0.0344,822,972,0.1543,40.807,GOOD,1.0
2019-06-21,P09,S2B_30NXM_20190621_1_L2A,0.109946,0.027447,0.063362,0.54765,1.251541,0.3045,0.2433,0.22,0.0703,330,972,0.6605,85.098,ACCEPTABLE,0.92
2019-07-01,P09,S2B_30NXM_20190701_0_L2A,-0.015055,0.030148,-0.106113,0.072252,1.040689,0.2174,0.2089,0.2977,0.1944,16,972,0.9835,78.44,LOW_QUALITY,0.49
2019-07-31,P09,S2B_30NXM_20190731_0_L2A,0.024541,0.003695,-0.162726,-0.188117,1.048066,0.3576,0.3412,0.475,0.4999,10,972,0.9897,96.573,LOW_QUALITY,0.49
2019-08-15,P09,S2A_30NXM_20190815_0_L2A,-0.043469,0.033919,-0.040268,0.327321,0.916881,0.1423,0.1552,0.1708,0.07975,48,972,0.9506,63.489,LOW_QUALITY,0.64
2019-08-30,P09,S2B_30NXM_20190830_0_L2A,-0.015579,0.026992,-0.127667,0.102105,0.96547,0.2796,0.2896,0.3797,0.23585,24,972,0.9753,82.245,LOW_QUALITY,0.49
2019-10-24,P09,S2A_30NXM_20191024_0_L2A,0.02499,0.027048,0.030861,0.415818,1.058568,0.1464,0.1383,0.1306,0.0576,116,972,0.8807,45.568,LOW_QUALITY,0.64
2019-10-29,P09,S2B_30NXM_20191029_1_L2A,0.124685,0.030508,0.044466,0.583454,1.297932,0.2762,0.2128,0.2,0.0579,804,972,0.1728,51.205,GOOD,1.0
2019-11-08,P09,S2B_30NXM_20191108_0_L2A,0.025591,0.047683,0.084552,0.539582,1.063097,0.1112,0.1046,0.09015,0.0337,580,972,0.4033,44.138,GOOD,1.0
2019-11-13,P09,S2A_30NXM_20191113_1_L2A,0.095383,0.006696,0.0044,0.46547,1.212754,0.2149,0.1772,0.1756,0.0635,138,972,0.858,45.794,LOW_QUALITY,0.64
2019-11-18,P09,S2B_30NXM_20191118_0_L2A,0.01175,0.034076,-0.218657,-0.067275,1.043566,0.1557,0.1492,0.2434,0.164,26,972,0.9733,29.334,LOW_QUALITY,0.49
2019-11-23,P09,S2A_30NXM_20191123_0_L2A,0.114399,0.03572,0.004144,0.625135,1.25291,0.3121,0.2491,0.26215,0.05275,444,972,0.5432,26.743,ACCEPTABLE,0.92
2019-11-28,P09,S2B_30NXM_20191128_0_L2A,0.019362,0.052768,-0.049957,0.36574,1.043303,0.1036,0.0993,0.10865,0.04655,564,972,0.4198,25.411,GOOD,1.0
2019-12-03,P09,S2A_30NXM_20191203_0_L2A,0.110452,0.025124,-0.031257,0.662079,1.250758,0.2888,0.2309,0.2477,0.0469,972,972,0.0,26.82,GOOD,1.0
2019-12-08,P09,S2B_30NXM_20191208_0_L2A,0.062605,0.073613,-0.154942,-0.076131,1.114203,0.2683,0.2408,0.33295,0.23775,92,972,0.9053,20.292,LOW_QUALITY,0.52
2019-12-13,P09,S2A_30NXM_20191213_0_L2A,0.107264,0.024479,-0.052475,0.659416,1.244082,0.3048,0.245,0.2735,0.049,970,972,0.0021,26.841,GOOD,1.0
2019-12-18,P09,S2B_30NXM_20191218_0_L2A,0.130559,0.029959,-0.087119,0.591268,1.307617,0.2678,0.2048,0.24635,0.0518,972,972,0.0,23.951,GOOD,1.0
2019-12-23,P09,S2A_30NXM_20191223_1_L2A,0.047992,0.044148,-0.083564,0.502941,1.085775,0.1519,0.1399,0.209,0.0471,918,972,0.0556,26.067,GOOD,1.0
2019-12-28,P09,S2B_30NXM_20191228_0_L2A,0.122962,0.026872,-0.115295,0.557042,1.285263,0.2442,0.19,0.2398,0.0539,972,972,0.0,9.246,GOOD,1.0
2020-01-02,P09,S2A_30NXM_20200102_0_L2A,0.020077,0.023589,-0.093942,0.322925,1.055607,0.1139,0.1079,0.1293,0.0551,150,972,0.8457,6.164,ACCEPTABLE,0.92
2020-01-07,P09,S2B_30NXM_20200107_1_L2A,0.128466,0.015815,-0.237559,0.117362,1.304348,0.216,0.1656,0.2688,0.13095,972,972,0.0,0.017,GOOD,1.0
2020-01-12,P09,S2A_30NXM_20200112_1_L2A,0.113857,0.016985,-0.131802,0.358286,1.256836,0.2574,0.2048,0.26625,0.0964,970,972,0.0021,3.084,GOOD,1.0
2020-01-17,P09,S2B_30NXM_20200117_0_L2A,0.089493,0.032484,-0.089753,0.372095,1.165762,0.2363,0.2027,0.26625,0.0899,374,972,0.6152,22.284,ACCEPTABLE,0.92
2020-01-22,P09,S2A_30NXM_20200122_1_L2A,0.093229,0.016327,-0.123583,0.170656,1.21086,0.2676,0.221,0.2828,0.15695,972,972,0.0,17.126,GOOD,1.0
2020-01-27,P09,S2B_30NXM_20200127_1_L2A,0.22918,0.024143,-0.310625,0.175223,1.616613,0.2024,0.1252,0.2385,0.0896,972,972,0.0,0.911,GOOD,1.0
2020-02-06,P09,S2B_30NXM_20200206_0_L2A,0.008886,0.018926,-0.009301,0.380934,1.011931,0.1866,0.1844,0.1868,0.08245,280,972,0.7119,24.077,ACCEPTABLE,0.92
2020-02-11,P09,S2A_30NXM_20200211_1_L2A,0.037506,0.014616,-0.169249,0.116983,1.077832,0.2188,0.203,0.2874,0.1599,972,972,0.0,71.283,GOOD,1.0
2020-02-16,P09,S2B_30NXM_20200216_0_L2A,0.016862,0.014555,-0.142979,0.153408,1.033368,0.2013,0.1948,0.2612,0.14175,684,972,0.2963,28.888,GOOD,1.0
2020-03-02,P09,S2A_30NXM_20200302_0_L2A,-0.038093,0.026093,-0.095125,0.024043,0.951467,0.347,0.3647,0.4382,0.3703,62,972,0.9362,40.453,LOW_QUALITY,0.64
2020-03-22,P09,S2A_30NXM_20200322_1_L2A,0.100459,0.018747,-0.041006,0.449709,1.227273,0.324,0.264,0.28765,0.1003,774,972,0.2037,57.903,GOOD,1.0
2020-04-11,P09,S2A_30NXM_20200411_0_L2A,0.007275,0.043477,-0.148734,-0.071542,1.008399,0.1801,0.1786,0.25415,0.2157,286,972,0.7058,48.62,ACCEPTABLE,0.92
2020-04-21,P09,S2A_30NXM_20200421_0_L2A,0.104276,0.021464,-0.089482,0.546228,1.236038,0.2833,0.2292,0.2763,0.0671,972,972,0.0,58.532,GOOD,1.0
2020-05-06,P09,S2B_30NXM_20200506_0_L2A,0.092268,0.033382,-0.080547,0.48333,1.201937,0.3226,0.2684,0.322,0.0921,576,972,0.4074,55.2,GOOD,1.0
2020-05-21,P09,S2A_30NXM_20200521_1_L2A,0.096118,0.019,-0.006647,0.52811,1.215425,0.3656,0.3008,0.305,0.0934,942,972,0.0309,72.129,GOOD,1.0
2020-05-26,P09,S2B_30NXM_20200526_0_L2A,0.061548,0.051148,-0.147493,-0.220256,1.223183,0.2406,0.1967,0.259,0.3158,16,972,0.9835,17.89,LOW_QUALITY,0.49
2020-05-31,P09,S2A_30NXM_20200531_1_L2A,0.124389,0.025413,-0.048321,0.608935,1.289973,0.2856,0.2214,0.2456,0.0543,826,972,0.1502,33.096,GOOD,1.0
2020-06-15,P09,S2B_30NXM_20200615_1_L2A,0.105904,0.013371,0.049756,0.573447,1.241556,0.2904,0.2339,0.2156,0.0627,202,972,0.7922,79.36,ACCEPTABLE,0.92
2020-06-20,P09,S2A_30NXM_20200620_0_L2A,0.09035,0.046962,-0.105931,0.350645,1.190862,0.2789,0.2342,0.2875,0.1081,810,972,0.1667,81.015,GOOD,1.0
2020-06-25,P09,S2B_30NXM_20200625_1_L2A,0.112955,0.023272,0.019968,0.595406,1.254994,0.3204,0.2553,0.2458,0.06625,972,972,0.0,74.596,GOOD,1.0
2020-07-05,P09,S2B_30NXM_20200705_0_L2A,-0.019139,0.043103,-0.245662,0.095457,0.973607,0.1328,0.1364,0.2295,0.1089,16,972,0.9835,99.715,LOW_QUALITY,0.49
2020-08-04,P09,S2B_30NXM_20200804_0_L2A,0.133171,0.031335,-0.083115,0.690378,1.313782,0.2755,0.2097,0.24925,0.0387,972,972,0.0,10.627,GOOD,1.0
2020-08-19,P09,S2A_30NXM_20200819_0_L2A,0.052825,0.032803,-0.062138,0.523646,1.100256,0.2151,0.1955,0.2291,0.0639,400,972,0.5885,58.088,ACCEPTABLE,0.92
2020-09-08,P09,S2A_30NXM_20200908_0_L2A,0.032715,0.04181,-0.185779,0.055586,1.058465,0.2951,0.2788,0.4078,0.2331,562,972,0.4218,71.304,GOOD,1.0
2020-10-08,P09,S2A_30NXM_20201008_1_L2A,0.092509,0.037083,-0.055557,0.427191,1.204735,0.346,0.2872,0.3368,0.116,838,972,0.1379,82.723,GOOD,1.0
2020-10-18,P09,S2A_30NXM_20201018_0_L2A,0.10123,0.040465,-0.008992,0.659589,1.201579,0.2891,0.2406,0.2778,0.047,946,972,0.0267,58.998,GOOD,1.0
2020-10-23,P09,S2B_30NXM_20201023_1_L2A,0.096598,0.031413,-0.035099,0.539172,1.212242,0.3644,0.3006,0.3408,0.0919,510,972,0.4753,76.156,GOOD,1.0
2020-10-28,P09,S2A_30NXM_20201028_0_L2A,0.080508,0.022809,-0.06271,0.46333,1.171449,0.3348,0.2858,0.3264,0.1051,926,972,0.0473,53.5,GOOD,1.0
2020-11-02,P09,S2B_30NXM_20201102_0_L2A,0.015058,0.045369,-0.230731,0.147244,1.031792,0.1428,0.1384,0.2095,0.0919,20,972,0.9794,56.33,LOW_QUALITY,0.49
2020-11-12,P09,S2B_30NXM_20201112_0_L2A,0.005669,0.035506,-0.166921,-0.058401,1.013297,0.221,0.2181,0.3148,0.258,418,972,0.57,36.665,ACCEPTABLE,0.92
2020-11-17,P09,S2A_30NXM_20201117_1_L2A,0.093233,0.028254,-0.092337,0.462476,1.207877,0.2975,0.2463,0.3009,0.0888,220,972,0.7737,61.458,ACCEPTABLE,0.92
2020-11-22,P09,S2B_30NXM_20201122_1_L2A,0.104014,0.02578,-0.066691,0.559602,1.23506,0.31,0.251,0.2888,0.0701,972,972,0.0,75.746,GOOD,1.0
2020-11-27,P09,S2A_30NXM_20201127_0_L2A,0.001309,0.028621,-0.064478,0.310486,1.013263,0.1146,0.1131,0.1282,0.0594,76,972,0.9218,63.526,LOW_QUALITY,0.64
2020-12-02,P09,S2B_30NXM_20201202_0_L2A,0.111941,0.050108,-0.124606,0.582149,1.23477,0.3324,0.2692,0.34905,0.0638,972,972,0.0,31.661,GOOD,1.0
2020-12-12,P09,S2B_30NXM_20201212_0_L2A,0.109089,0.036934,-0.124402,0.486892,1.233716,0.322,0.261,0.34095,0.08775,372,972,0.6173,50.112,ACCEPTABLE,0.92
2020-12-17,P09,S2A_30NXM_20201217_1_L2A,0.110501,0.021645,-0.084745,0.519083,1.251994,0.314,0.2508,0.299,0.0806,864,972,0.1111,83.527,GOOD,1.0
2020-12-22,P09,S2B_30NXM_20201222_0_L2A,0.119144,0.027882,-0.151965,0.473569,1.274798,0.2519,0.1976,0.282,0.06975,972,972,0.0,39.675,GOOD,1.0
2020-12-27,P09,S2A_30NXM_20201227_1_L2A,0.154269,0.027016,-0.176278,0.532068,1.370244,0.2809,0.205,0.2956,0.0619,972,972,0.0,42.903,GOOD,1.0
2021-01-11,P09,S2B_30NXM_20210111_0_L2A,0.037296,0.059373,-0.143915,0.2409,1.085014,0.1506,0.1388,0.2028,0.0741,120,972,0.8765,38.528,LOW_QUALITY,0.64
2021-01-16,P09,S2A_30NXM_20210116_1_L2A,0.141176,0.028893,-0.145217,0.573782,1.330896,0.2912,0.2188,0.2965,0.05795,960,972,0.0123,39.606,GOOD,1.0
2021-01-21,P09,S2B_30NXM_20210121_0_L2A,-0.009287,0.027034,-0.211344,0.109439,0.99004,0.1491,0.1506,0.2373,0.11995,32,972,0.9671,25.365,LOW_QUALITY,0.49
2021-01-26,P09,S2A_30NXM_20210126_1_L2A,0.087567,0.015295,-0.270696,0.1118,1.197098,0.198,0.1654,0.2878,0.1326,972,972,0.0,0.493,GOOD,1.0
2021-01-31,P09,S2B_30NXM_20210131_1_L2A,0.093476,0.023499,-0.226912,0.260455,1.209616,0.2239,0.1851,0.2946,0.1085,972,972,0.0,44.729,GOOD,1.0
2021-02-10,P09,S2B_30NXM_20210210_0_L2A,0.048201,0.024936,-0.113311,0.30227,1.106227,0.1208,0.1092,0.1363,0.05825,972,972,0.0,31.521,GOOD,1.0
2021-02-15,P09,S2A_30NXM_20210215_0_L2A,0.043277,0.041019,-0.091458,0.412995,1.088021,0.1644,0.1511,0.1766,0.0664,898,972,0.0761,49.851,GOOD,1.0
2021-03-02,P09,S2B_30NXM_20210302_0_L2A,0.074508,0.029838,-0.208434,0.253622,1.147783,0.233,0.203,0.3112,0.11965,972,972,0.0,57.852,GOOD,1.0
2021-04-11,P09,S2B_30NXM_20210411_0_L2A,0.115255,0.046558,-0.11971,0.432837,1.251931,0.2594,0.2072,0.2878,0.0545,884,972,0.0905,7.528,GOOD,1.0
2021-04-16,P09,S2A_30NXM_20210416_0_L2A,0.05328,0.026316,-0.099341,0.292449,1.119011,0.1448,0.1294,0.1552,0.0672,180,972,0.8148,49.738,ACCEPTABLE,0.92
2021-04-26,P09,S2A_30NXM_20210426_0_L2A,0.039497,0.047415,-0.190186,-0.175687,1.092677,0.191,0.1748,0.2577,0.271,20,972,0.9794,31.126,LOW_QUALITY,0.49
2021-05-01,P09,S2B_30NXM_20210501_0_L2A,0.071192,0.0416,-0.125585,0.333555,1.151565,0.3533,0.3068,0.3897,0.14495,104,972,0.893,18.079,LOW_QUALITY,0.64
2021-05-11,P09,S2B_30NXM_20210511_1_L2A,0.132226,0.031619,-0.085867,0.714543,1.312775,0.3576,0.2724,0.32565,0.045,972,972,0.0,53.236,GOOD,1.0
2021-05-26,P09,S2A_30NXM_20210526_0_L2A,0.049888,0.030345,-0.045338,0.322417,1.099766,0.1411,0.1283,0.14435,0.0671,106,972,0.8909,40.032,LOW_QUALITY,0.64
2021-06-25,P09,S2A_30NXM_20210625_1_L2A,0.116893,0.028191,-0.01672,0.537662,1.269011,0.267,0.2104,0.2186,0.06305,872,972,0.1029,81.592,GOOD,1.0
2021-06-30,P09,S2B_30NXM_20210630_0_L2A,0.016561,0.030521,-0.036092,0.368964,1.047794,0.1425,0.136,0.1473,0.0595,50,972,0.9486,61.657,LOW_QUALITY,0.64
2021-07-10,P09,S2B_30NXM_20210710_0_L2A,0.054562,0.042132,-0.213096,0.055189,1.108395,0.2086,0.1882,0.27165,0.1426,244,972,0.749,38.042,ACCEPTABLE,0.92
2021-07-30,P09,S2B_30NXM_20210730_1_L2A,0.150423,0.024939,0.000624,0.666866,1.358835,0.2753,0.2026,0.203,0.04065,972,972,0.0,47.812,GOOD,1.0
2021-08-14,P09,S2A_30NXM_20210814_0_L2A,-0.012962,0.042678,-0.133622,0.056029,0.991348,0.1375,0.1387,0.1921,0.1296,196,972,0.7984,79.636,ACCEPTABLE,0.92
2021-08-24,P09,S2A_30NXM_20210824_0_L2A,-0.020643,0.032997,-0.12915,0.017634,0.95103,0.2447,0.2573,0.3473,0.234,858,972,0.1173,74.033,GOOD,1.0
2021-09-13,P09,S2A_30NXM_20210913_0_L2A,-0.044949,0.008644,-0.128938,0.018113,0.905011,0.2763,0.3053,0.3951,0.2926,60,972,0.9383,58.541,LOW_QUALITY,0.64
2021-09-18,P09,S2B_30NXM_20210918_0_L2A,-0.009191,0.057639,-0.046492,0.201051,0.979495,0.1242,0.1268,0.151,0.0833,310,972,0.6811,48.018,ACCEPTABLE,0.92
2021-09-23,P09,S2A_30NXM_20210923_0_L2A,0.03773,0.055469,0.033677,0.467439,1.07295,0.1662,0.1549,0.18525,0.0616,90,972,0.9074,43.235,LOW_QUALITY,0.64
2021-09-28,P09,S2B_30NXM_20210928_1_L2A,0.074039,0.027486,-0.091563,0.425919,1.166067,0.3244,0.2782,0.3372,0.1135,488,972,0.4979,78.525,GOOD,1.0
2021-10-03,P09,S2A_30NXM_20211003_0_L2A,0.029518,0.023762,-0.149934,0.106455,1.05913,0.3045,0.2875,0.3926,0.2352,26,972,0.9733,58.176,LOW_QUALITY,0.49
2021-10-13,P09,S2A_30NXM_20211013_1_L2A,0.131873,0.020712,-0.020922,0.631822,1.307307,0.2612,0.1998,0.2106,0.04715,972,972,0.0,21.29,GOOD,1.0
2021-10-18,P09,S2B_30NXM_20211018_0_L2A,-0.001291,0.029033,0.001753,0.349464,1.02546,0.145,0.1414,0.1409,0.06395,72,972,0.9259,42.131,LOW_QUALITY,0.64
2021-10-23,P09,S2A_30NXM_20211023_0_L2A,-0.0392,0.048364,-0.161237,0.04176,0.920629,0.2575,0.2797,0.3999,0.27655,116,972,0.8807,73.051,LOW_QUALITY,0.64
2021-11-07,P09,S2B_30NXM_20211107_0_L2A,0.117214,0.037443,-0.00639,0.622041,1.265044,0.2859,0.226,0.2412,0.045,900,972,0.0741,25.007,GOOD,1.0
2021-11-12,P09,S2A_30NXM_20211112_0_L2A,0.008009,0.03078,-0.181582,0.192076,1.006098,0.132,0.1312,0.2054,0.0893,18,972,0.9815,33.772,LOW_QUALITY,0.49
2021-11-17,P09,S2B_30NXM_20211117_0_L2A,0.028097,0.057029,-0.10194,0.277573,1.148148,0.248,0.216,0.2684,0.08,447,972,0.5401,31.987,ACCEPTABLE,0.92
2021-11-27,P09,S2B_30NXM_20211127_0_L2A,0.039103,0.04566,-0.083097,0.239937,1.012338,0.1559,0.154,0.20315,0.0901,40,972,0.9588,47.722,LOW_QUALITY,0.64
2021-12-02,P09,S2A_30NXM_20211202_0_L2A,0.021567,0.028605,0.007653,0.520012,1.04482,0.1422,0.1361,0.144,0.0435,150,972,0.8457,30.2,ACCEPTABLE,0.92
2021-12-07,P09,S2B_30NXM_20211207_1_L2A,0.112894,0.025282,-0.14361,0.467288,1.256579,0.2865,0.228,0.3052,0.0835,972,972,0.0,64.192,GOOD,1.0
2021-12-12,P09,S2A_30NXM_20211212_1_L2A,0.084512,0.018992,-0.164952,0.343423,1.188437,0.2775,0.2335,0.3306,0.1123,504,972,0.4815,50.451,GOOD,1.0
2021-12-17,P09,S2B_30NXM_20211217_1_L2A,0.121068,0.020008,-0.108956,0.591051,1.279087,0.3474,0.2716,0.3442,0.0679,148,972,0.8477,78.732,ACCEPTABLE,0.72
2021-12-22,P09,S2A_30NXM_20211222_0_L2A,0.1261,0.019696,-0.162308,0.432684,1.292173,0.2658,0.2057,0.2863,0.0815,972,972,0.0,2.105,GOOD,1.0
2021-12-27,P09,S2B_30NXM_20211227_1_L2A,0.11045,0.025402,-0.150428,0.489061,1.248585,0.3089,0.2474,0.338,0.08485,972,972,0.0,46.857,GOOD,1.0
2022-01-01,P09,S2A_30NXM_20220101_0_L2A,-0.008428,0.031886,-0.186911,0.129798,1.023713,0.1511,0.1476,0.1979,0.0903,12,972,0.9877,37.023,LOW_QUALITY,0.49
2022-01-06,P09,S2B_30NXM_20220106_0_L2A,0.099339,0.039115,-0.190594,0.259858,1.221273,0.2572,0.2106,0.3122,0.1233,738,972,0.2407,22.368,GOOD,1.0
2022-01-21,P09,S2A_30NXM_20220121_0_L2A,0.141265,0.020638,-0.197826,0.355811,1.335436,0.254,0.1902,0.2855,0.09005,972,972,0.0,1.758,GOOD,1.0
2022-01-26,P09,S2B_30NXM_20220126_0_L2A,0.186334,0.029399,-0.238861,0.430936,1.463387,0.2558,0.1748,0.2851,0.06825,972,972,0.0,0.001,GOOD,1.0
2022-02-10,P09,S2A_30NXM_20220210_0_L2A,0.088909,0.018846,-0.143505,0.281428,1.203137,0.3068,0.255,0.3432,0.1412,602,972,0.3807,29.208,GOOD,1.0
2022-03-07,P09,S2B_30NXM_20220307_0_L2A,0.111639,0.03996,-0.092607,0.50939,1.251776,0.3172,0.2534,0.31075,0.0796,284,972,0.7078,22.008,ACCEPTABLE,0.92
2022-05-01,P09,S2A_30NXM_20220501_0_L2A,0.096944,0.023718,-0.077707,0.509303,1.217852,0.322,0.2644,0.3118,0.086,822,972,0.1543,50.6,GOOD,1.0
2022-05-16,P09,S2B_30NXM_20220516_0_L2A,0.095385,0.026917,-0.050728,0.514644,1.216524,0.3416,0.2808,0.3128,0.0903,306,972,0.6852,79.926,ACCEPTABLE,0.92
2022-06-05,P09,S2B_30NXM_20220605_0_L2A,0.10877,0.027753,-0.005479,0.610411,1.249059,0.332,0.2658,0.2708,0.0652,722,972,0.2572,59.95,GOOD,1.0
2022-06-20,P09,S2A_30NXM_20220620_0_L2A,0.015551,0.04185,-0.050609,0.315786,1.043972,0.1472,0.141,0.1493,0.075,52,972,0.9465,68.998,LOW_QUALITY,0.64
2022-07-10,P09,S2A_30NXM_20220710_0_L2A,0.035599,0.027786,-0.250112,-0.090267,1.079924,0.227,0.2102,0.35595,0.2564,20,972,0.9794,45.824,LOW_QUALITY,0.49
2022-07-20,P09,S2A_30NXM_20220720_0_L2A,0.132153,0.02374,-0.107998,0.660833,1.309821,0.2934,0.224,0.2798,0.046,938,972,0.035,64.87,GOOD,1.0
2022-09-03,P09,S2B_30NXM_20220903_0_L2A,0.101432,0.037146,-0.0713,0.710296,1.235843,0.371,0.3002,0.3512,0.04525,120,972,0.8765,97.013,LOW_QUALITY,0.64
2022-09-18,P09,S2A_30NXM_20220918_0_L2A,0.02013,0.005107,0.079261,0.643264,1.04,0.1794,0.1725,0.1472,0.0376,16,972,0.9835,91.397,LOW_QUALITY,0.49
2022-10-18,P09,S2A_30NXM_20221018_0_L2A,0.110132,0.004337,0.088714,0.731238,1.25,0.408,0.3264,0.2745,0.0509,98,972,0.8992,85.726,LOW_QUALITY,0.64
2022-10-23,P09,S2B_30NXM_20221023_0_L2A,0.031685,0.044248,0.041183,0.309751,1.067839,0.1275,0.1194,0.1089,0.0623,82,972,0.9156,64.317,LOW_QUALITY,0.64
2022-10-28,P09,S2A_30NXM_20221028_0_L2A,0.108721,0.039715,0.048149,0.71198,1.251872,0.3678,0.2938,0.26665,0.0466,338,972,0.6523,52.316,ACCEPTABLE,0.92
2022-11-12,P09,S2B_30NXM_20221112_0_L2A,0.126453,0.028779,-0.057531,0.665335,1.298851,0.3164,0.2436,0.2754,0.0488,972,972,0.0,56.042,GOOD,1.0
2022-11-17,P09,S2A_30NXM_20221117_0_L2A,0.118236,0.024613,-0.065998,0.655626,1.271148,0.3366,0.2648,0.3028,0.0555,938,972,0.035,40.431,GOOD,1.0
2022-11-22,P09,S2B_30NXM_20221122_0_L2A,0.127765,0.025792,-0.065182,0.684734,1.299338,0.3338,0.2569,0.294,0.0483,972,972,0.0,63.204,GOOD,1.0
2022-11-27,P09,S2A_30NXM_20221127_0_L2A,0.116144,0.025356,-0.072877,0.670159,1.264435,0.3022,0.239,0.2767,0.04735,972,972,0.0,40.171,GOOD,1.0
2022-12-17,P09,S2A_30NXM_20221217_0_L2A,0.115197,0.021342,-0.099853,0.629728,1.266709,0.2009,0.1586,0.2018,0.0355,972,972,0.0,51.599,GOOD,1.0
2022-12-22,P09,S2B_30NXM_20221222_0_L2A,0.103225,0.041146,-0.117931,0.630461,1.236171,0.257,0.2079,0.277,0.0475,570,972,0.4136,39.2,GOOD,1.0
2022-12-27,P09,S2A_30NXM_20221227_0_L2A,0.120792,0.025821,-0.176653,0.5065,1.281574,0.2476,0.1932,0.2797,0.06295,972,972,0.0,1.914,GOOD,1.0
2023-01-01,P09,S2B_30NXM_20230101_0_L2A,0.109691,0.019731,-0.198523,0.42532,1.250854,0.2563,0.2049,0.3065,0.0818,972,972,0.0,0.098,GOOD,1.0
2023-01-11,P09,S2B_30NXM_20230111_0_L2A,0.098631,0.029248,-0.163962,0.468039,1.228916,0.2754,0.2241,0.3132,0.0822,158,972,0.8374,36.464,ACCEPTABLE,0.92
2023-01-16,P09,S2A_30NXM_20230116_0_L2A,0.105579,0.026356,-0.198282,0.30757,1.240821,0.2298,0.1852,0.2828,0.0904,972,972,0.0,25.062,GOOD,1.0
2023-01-26,P09,S2A_30NXM_20230126_0_L2A,0.033563,0.041307,-0.049962,0.387219,1.057489,0.1398,0.1322,0.14125,0.0545,194,972,0.8004,39.254,ACCEPTABLE,0.92
2023-01-31,P09,S2B_30NXM_20230131_0_L2A,0.055627,0.042198,-0.095186,0.522348,1.120968,0.1668,0.1488,0.19955,0.0473,334,972,0.6564,31.723,ACCEPTABLE,0.92
2023-02-10,P09,S2B_30NXM_20230210_0_L2A,0.120246,0.02337,-0.151551,0.532072,1.280984,0.2708,0.2114,0.288,0.0647,972,972,0.0,3.807,GOOD,1.0
2023-02-25,P09,S2A_30NXM_20230225_0_L2A,0.096454,0.015228,-0.128744,0.336451,1.218928,0.3001,0.2462,0.3208,0.1218,972,972,0.0,69.41,GOOD,1.0
2023-03-17,P09,S2A_30NXM_20230317_0_L2A,0.092741,0.022576,-0.043056,0.645969,1.207547,0.3456,0.2862,0.3129,0.0621,906,972,0.0679,47.59,GOOD,1.0
2023-04-01,P09,S2B_30NXM_20230401_0_L2A,0.088003,0.019833,-0.131392,0.523963,1.195183,0.2878,0.2408,0.32,0.0753,972,972,0.0,26.505,GOOD,1.0
2023-04-11,P09,S2B_30NXM_20230411_0_L2A,0.092772,0.021935,-0.064782,0.585958,1.209184,0.3792,0.3136,0.3604,0.0817,178,972,0.8169,48.848,ACCEPTABLE,0.92
2023-04-16,P09,S2A_30NXM_20230416_0_L2A,0.066319,0.015635,-0.046386,0.530918,1.150513,0.4036,0.3508,0.3884,0.1091,452,972,0.535,29.167,ACCEPTABLE,0.92
2023-04-21,P09,S2B_30NXM_20230421_0_L2A,0.092515,0.027569,-0.140113,0.508916,1.214286,0.2924,0.2408,0.3253,0.0752,890,972,0.0844,6.64,GOOD,1.0
2023-05-01,P09,S2B_30NXM_20230501_0_L2A,0.089447,0.028689,-0.054781,0.697076,1.199576,0.4532,0.3778,0.4256,0.0696,214,972,0.7798,44.153,ACCEPTABLE,0.92
2023-05-06,P09,S2A_30NXM_20230506_0_L2A,0.043008,0.04657,-0.159268,0.200963,1.051128,0.1398,0.133,0.19015,0.0946,136,972,0.8601,54.675,LOW_QUALITY,0.64
2023-05-16,P09,S2A_30NXM_20230516_0_L2A,0.094688,0.021913,-0.127028,0.476696,1.210595,0.2765,0.2284,0.2952,0.0815,970,972,0.0021,38.739,GOOD,1.0
2023-05-26,P09,S2A_30NXM_20230526_0_L2A,0.094865,0.018183,0.007048,0.609969,1.19893,0.2465,0.2056,0.22975,0.03885,420,972,0.5679,47.695,ACCEPTABLE,0.92
2023-06-30,P09,S2B_30NXM_20230630_0_L2A,0.12787,0.021974,-0.038462,0.779889,1.296486,0.3284,0.2533,0.2736,0.0313,794,972,0.1831,67.325,GOOD,1.0
2023-07-05,P09,S2A_30NXM_20230705_0_L2A,0.066796,0.022483,-0.15646,0.218476,1.140885,0.281,0.2463,0.3364,0.159,342,972,0.6481,86.696,ACCEPTABLE,0.92
2023-07-15,P09,S2A_30NXM_20230715_0_L2A,0.11599,0.023292,-0.010497,0.69759,1.263011,0.3616,0.2863,0.2931,0.0497,328,972,0.6626,81.577,ACCEPTABLE,0.92
2023-07-30,P09,S2B_30NXM_20230730_0_L2A,0.088426,0.0585,-0.10663,0.622692,1.190598,0.233,0.1957,0.2484,0.05035,32,972,0.9671,93.933,LOW_QUALITY,0.49
2023-10-03,P09,S2A_30NXM_20231003_0_L2A,0.001113,0.043891,-0.267914,0.025086,1.023051,0.1509,0.1475,0.2444,0.1364,30,972,0.9691,84.384,LOW_QUALITY,0.49
2023-10-08,P09,S2B_30NXM_20231008_0_L2A,0.100508,0.032951,-0.031989,0.691556,1.229167,0.4484,0.3648,0.3956,0.0632,210,972,0.784,65.296,ACCEPTABLE,0.92
2023-10-18,P09,S2B_30NXM_20231018_0_L2A,0.099127,0.036679,-0.05101,0.622013,1.226866,0.3288,0.268,0.3136,0.0589,794,972,0.1831,56.794,GOOD,1.0
2023-11-02,P09,S2A_30NXM_20231102_0_L2A,0.114525,0.033818,-0.069825,0.605553,1.262579,0.3212,0.2544,0.29325,0.0629,228,972,0.7654,49.99,ACCEPTABLE,0.92
2023-11-12,P09,S2A_30NXM_20231112_0_L2A,0.066969,0.036529,-0.082506,0.547313,1.132601,0.1546,0.1365,0.1691,0.0397,184,972,0.8107,48.146,ACCEPTABLE,0.92
2023-11-17,P09,S2B_30NXM_20231117_0_L2A,0.097749,0.018848,-0.096325,0.548352,1.217544,0.347,0.285,0.3504,0.0821,342,972,0.6481,56.143,ACCEPTABLE,0.92
2023-12-02,P09,S2A_30NXM_20231202_0_L2A,0.033683,0.010635,-0.142502,0.145037,1.064286,0.149,0.14,0.18475,0.104,30,972,0.9691,51.964,LOW_QUALITY,0.49
2023-12-17,P09,S2B_30NXM_20231217_0_L2A,0.109363,0.01812,-0.166745,0.420339,1.248879,0.2785,0.223,0.3112,0.091,972,972,0.0,42.919,GOOD,1.0
2023-12-22,P09,S2A_30NXM_20231222_0_L2A,0.124702,0.023763,-0.205085,0.474676,1.287234,0.242,0.188,0.2846,0.0672,972,972,0.0,39.566,GOOD,1.0
2023-12-27,P09,S2B_30NXM_20231227_0_L2A,0.096762,0.031142,-0.128962,0.522202,1.195926,0.2466,0.2062,0.2734,0.0593,318,972,0.6728,62.847,ACCEPTABLE,0.92
2024-01-26,P09,S2B_30NXM_20240126_0_L2A,0.100395,0.023282,-0.229194,0.310037,1.225215,0.2138,0.1745,0.2784,0.0917,972,972,0.0,24.26,GOOD,1.0
2024-01-31,P09,S2A_30NXM_20240131_0_L2A,0.124034,0.018085,-0.282542,0.048294,1.286467,0.2196,0.1707,0.3052,0.1545,972,972,0.0,16.481,GOOD,1.0
2024-02-10,P09,S2A_30NXM_20240210_0_L2A,0.052953,0.014823,-0.225486,0.144427,1.115594,0.2046,0.1834,0.2902,0.1371,972,972,0.0,45.924,GOOD,1.0
2024-03-11,P09,S2A_30NXM_20240311_0_L2A,0.116412,0.033449,-0.128663,0.558679,1.26448,0.3122,0.2469,0.3207,0.07,508,972,0.4774,24.76,GOOD,1.0
2024-03-16,P09,S2B_30NXM_20240316_0_L2A,0.101734,0.028623,-0.175039,0.438354,1.225365,0.2686,0.2192,0.3176,0.0866,720,972,0.2593,10.159,GOOD,1.0
2024-03-26,P09,S2B_30NXM_20240326_0_L2A,0.090344,0.020342,-0.116732,0.467765,1.204931,0.3128,0.2596,0.33685,0.0917,682,972,0.2984,53.946,GOOD,1.0
2024-03-31,P09,S2A_30NXM_20240331_0_L2A,0.096517,0.027427,-0.148777,0.439779,1.217181,0.2763,0.227,0.3076,0.0892,972,972,0.0,5.381,GOOD,1.0
2024-04-20,P09,S2A_30NXM_20240420_0_L2A,0.053113,0.057007,-0.31875,0.123466,1.08986,0.1322,0.1213,0.2251,0.0906,14,972,0.9856,36.018,LOW_QUALITY,0.49
2024-04-30,P09,S2A_30NXM_20240430_0_L2A,0.080226,0.029977,-0.130757,0.392401,1.163636,0.3328,0.286,0.3784,0.1223,86,972,0.9115,69.035,LOW_QUALITY,0.64
2024-05-05,P09,S2B_30NXM_20240505_0_L2A,0.097868,0.018805,-0.084261,0.569074,1.223636,0.4038,0.33,0.3908,0.0919,132,972,0.8642,51.718,LOW_QUALITY,0.64
2024-05-15,P09,S2B_30NXM_20240515_0_L2A,0.067785,0.032809,-0.05159,0.488183,1.145268,0.19,0.1659,0.1999,0.0508,476,972,0.5103,63.109,ACCEPTABLE,0.92
2024-05-30,P09,S2A_30NXM_20240530_0_L2A,0.097,0.034563,-0.090188,0.530362,1.220963,0.3448,0.2824,0.3409,0.0847,972,972,0.0,41.119,GOOD,1.0
2024-06-19,P09,S2A_30NXM_20240619_0_L2A,0.087197,0.018646,-0.062,0.530873,1.196911,0.372,0.3108,0.352,0.0957,324,972,0.6667,83.758,ACCEPTABLE,0.92
2024-06-29,P09,S2A_30NXM_20240629_0_L2A,0.099969,0.030597,-0.052082,0.638747,1.22658,0.3378,0.2754,0.3116,0.056,460,972,0.5267,83.383,ACCEPTABLE,0.92
2024-07-04,P09,S2B_30NXM_20240704_0_L2A,0.0279,0.042943,-0.250966,0.161807,1.067183,0.1652,0.1548,0.2508,0.1141,16,972,0.9835,81.039,LOW_QUALITY,0.49
2024-09-02,P09,S2B_30NXM_20240902_0_L2A,0.059601,0.048247,-0.118483,0.626832,1.133568,0.1935,0.1707,0.2204,0.042,198,972,0.7963,92.279,ACCEPTABLE,0.92
2024-10-22,P09,S2B_30NXM_20241022_0_L2A,-0.014289,0.057962,-0.168613,0.241709,0.939125,0.1481,0.1577,0.2096,0.08285,12,972,0.9877,74.314,LOW_QUALITY,0.49
2024-10-27,P09,S2A_30NXM_20241027_0_L2A,0.122089,0.03966,-0.094057,0.730681,1.281409,0.3784,0.2953,0.3597,0.0467,386,972,0.6029,48.974,ACCEPTABLE,0.92
2024-11-06,P09,S2A_30NXM_20241106_0_L2A,0.106028,0.037866,-0.12763,0.513052,1.242472,0.3136,0.2524,0.3434,0.0655,532,972,0.4527,32.001,GOOD,1.0
2024-11-11,P09,S2B_30NXM_20241111_0_L2A,0.004033,0.017602,-0.155861,0.164773,1.022315,0.1466,0.1434,0.2023,0.1078,34,972,0.965,24.301,LOW_QUALITY,0.49
2024-11-16,P09,S2A_30NXM_20241116_1_L2A,0.093376,0.031023,-0.079028,0.635606,1.21514,0.305,0.251,0.3085,0.0574,170,972,0.8251,60.091,ACCEPTABLE,0.92
2024-11-26,P09,S2A_30NXM_20241126_0_L2A,0.124187,0.026421,-0.158932,0.62814,1.285824,0.3356,0.261,0.3591,0.0591,906,972,0.0679,31.215,GOOD,1.0
2024-12-01,P09,S2B_30NXM_20241201_0_L2A,0.112343,0.02608,-0.174623,0.467694,1.258247,0.267,0.2122,0.30225,0.0775,972,972,0.0,6.008,GOOD,1.0
2024-12-11,P09,S2B_30NXM_20241211_0_L2A,0.148537,0.028889,-0.155843,0.567708,1.353806,0.313,0.2312,0.3172,0.0631,972,972,0.0,33.949,GOOD,1.0
2024-12-16,P09,S2C_30NXM_20241216_1_L2A,0.20223,0.061742,-0.241186,1.0,1.511811,0.2304,0.1524,0.2516,-0.02425,972,972,0.0,34.206,ACCEPTABLE,0.88
2024-12-21,P09,S2B_30NXM_20241221_0_L2A,0.136711,0.026851,-0.207893,0.455489,1.320861,0.2824,0.2138,0.3268,0.0784,972,972,0.0,0.682,GOOD,1.0
2024-12-26,P09,S2A_30NXM_20241226_0_L2A,0.095115,0.033612,-0.168121,0.352196,1.214935,0.2538,0.2089,0.32,0.1003,360,972,0.6296,25.724,ACCEPTABLE,0.92
2024-12-31,P09,S2B_30NXM_20241231_0_L2A,0.032307,0.027065,-0.129426,-0.158172,1.070248,0.4144,0.3872,0.5032,0.533,10,972,0.9897,47.038,LOW_QUALITY,0.49
2025-01-05,P09,S2A_30NXM_20250105_0_L2A,0.102443,0.020972,-0.18411,0.290315,1.23439,0.2649,0.2146,0.3212,0.1203,186,972,0.8086,5.948,ACCEPTABLE,0.92
2025-01-15,P09,S2A_30NXM_20250115_0_L2A,0.042041,0.0191,-0.120647,0.251089,1.098086,0.1377,0.1254,0.1614,0.0745,298,972,0.6934,34.785,ACCEPTABLE,0.92
2025-01-20,P09,S2B_30NXM_20250120_0_L2A,0.135326,0.030542,-0.173437,0.306837,1.318305,0.2924,0.2218,0.3196,0.1151,970,972,0.0021,38.83,GOOD,1.0
2025-01-25,P09,S2C_30NXM_20250125_0_L2A,0.070313,0.1221,-0.241592,1.0,1.140187,0.0488,0.0428,0.0797,-0.009,88,972,0.9095,48.582,LOW_QUALITY,0.4
2025-01-30,P09,S2B_30NXM_20250130_0_L2A,0.128615,0.036755,-0.136522,0.400525,1.280702,0.2774,0.2166,0.2879,0.0892,792,972,0.1852,18.559,GOOD,1.0
2025-02-04,P09,S2C_30NXM_20250204_0_L2A,0.231005,0.078734,-0.30306,1.0,1.594349,0.158,0.0991,0.1884,-0.00405,972,972,0.0,0.121,ACCEPTABLE,0.88
2025-02-24,P09,S2C_30NXM_20250224_0_L2A,0.161408,0.042304,-0.134751,1.0,1.372842,0.2386,0.1738,0.2332,-0.0167,972,972,0.0,59.796,GOOD,1.0
2025-03-06,P09,S2C_30NXM_20250306_0_L2A,0.123453,0.030113,-0.222225,0.723914,1.291262,0.1463,0.1133,0.1878,0.0193,18,972,0.9815,73.18,LOW_QUALITY,0.49
2025-03-11,P09,S2B_30NXM_20250311_0_L2A,0.074369,0.026749,0.091403,0.598013,1.162869,0.347,0.2984,0.2498,0.07575,488,972,0.4979,80.435,GOOD,1.0
2025-03-16,P09,S2C_30NXM_20250316_0_L2A,0.060009,0.0323,-0.015985,0.470887,1.116006,0.152,0.1362,0.1308,0.0628,376,972,0.6132,64.137,ACCEPTABLE,0.92
2025-03-28,P09,S2A_30NXM_20250328_0_L2A,0.106714,0.038733,-0.123673,0.582406,1.249286,0.3498,0.28,0.362,0.07315,152,972,0.8436,61.39,ACCEPTABLE,0.92
2025-04-05,P09,S2C_30NXM_20250405_0_L2A,0.012109,0.052786,-0.227275,0.055164,0.998761,0.1612,0.1614,0.2522,0.1351,22,972,0.9774,52.196,LOW_QUALITY,0.49
2025-04-07,P09,S2A_30NXM_20250407_0_L2A,0.086124,0.022484,-0.07561,0.569893,1.186684,0.3636,0.3064,0.358,0.0845,762,972,0.216,92.379,GOOD,1.0
2025-04-20,P09,S2B_30NXM_20250420_0_L2A,0.097121,0.030519,-0.077601,0.545596,1.224173,0.3626,0.2962,0.34725,0.0868,410,972,0.5782,67.547,ACCEPTABLE,0.92
2025-05-05,P09,S2C_30NXM_20250505_0_L2A,0.075615,0.025141,-0.092471,0.496519,1.168501,0.3398,0.2908,0.3528,0.0983,626,972,0.356,71.497,GOOD,1.0
2025-05-15,P09,S2C_30NXM_20250515_0_L2A,0.097626,0.051233,-0.069661,0.650152,1.227632,0.3732,0.304,0.3546,0.067,148,972,0.8477,43.06,ACCEPTABLE,0.72
2025-05-20,P09,S2B_30NXM_20250520_0_L2A,0.076872,0.038116,-0.081146,0.486807,1.176708,0.3496,0.2971,0.3526,0.10435,200,972,0.7942,55.778,ACCEPTABLE,0.92
2025-05-30,P09,S2B_30NXM_20250530_0_L2A,0.066261,0.036663,-0.040239,0.655043,1.134089,0.17,0.1499,0.1656,0.0334,248,972,0.7449,72.789,ACCEPTABLE,0.92
2025-06-09,P09,S2B_30NXM_20250609_0_L2A,0.093079,0.033086,-0.086669,0.627481,1.210723,0.3884,0.3208,0.3906,0.0736,678,972,0.3025,61.073,GOOD,1.0
2025-06-19,P09,S2B_30NXM_20250619_0_L2A,0.066045,0.027041,-0.174391,0.296953,1.145137,0.3014,0.2632,0.3716,0.1403,286,972,0.7058,70.221,ACCEPTABLE,0.92
2025-06-29,P09,S2B_30NXM_20250629_0_L2A,0.058031,0.036941,-0.098222,0.645748,1.11306,0.1713,0.1539,0.188,0.037,80,972,0.9177,93.278,LOW_QUALITY,0.64
2025-07-16,P09,S2A_30NXM_20250716_0_L2A,0.122828,0.046999,-0.118738,0.708684,1.279667,0.3688,0.2882,0.3684,0.0487,140,972,0.856,78.024,LOW_QUALITY,0.64
2025-07-29,P09,S2B_30NXM_20250729_0_L2A,0.018094,0.041022,-0.331531,0.062831,1.043716,0.1337,0.1281,0.2569,0.0996,24,972,0.9753,90.956,LOW_QUALITY,0.49
2025-09-04,P09,S2A_30NXM_20250904_0_L2A,0.017716,0.027282,0.12405,0.733584,1.052507,0.1784,0.1695,0.13555,0.026,138,972,0.858,67.479,LOW_QUALITY,0.64
2025-10-12,P09,S2C_30NXM_20251012_0_L2A,0.102642,0.029157,-0.079374,0.609714,1.22601,0.3884,0.3168,0.3948,0.0789,388,972,0.6008,73.126,ACCEPTABLE,0.92
2025-10-14,P09,S2A_30NXM_20251014_0_L2A,0.058737,0.039446,-0.036787,0.657174,1.065186,0.1487,0.1396,0.16625,0.04,382,972,0.607,74.496,ACCEPTABLE,0.92
2025-10-17,P09,S2B_30NXM_20251017_1_L2A,0.111235,0.035771,-0.069665,0.670448,1.258772,0.4018,0.3192,0.3706,0.0642,82,972,0.9156,67.292,LOW_QUALITY,0.64
2025-11-01,P09,S2C_30NXM_20251101_0_L2A,0.111031,0.035978,-0.055876,0.684295,1.25413,0.3568,0.2845,0.32775,0.0538,724,972,0.2551,61.827,GOOD,1.0
2025-11-03,P09,S2A_30NXM_20251103_0_L2A,0.112299,0.036276,-0.108782,0.619356,1.257319,0.3264,0.2596,0.3248,0.0611,972,972,0.0,52.973,GOOD,1.0
2025-11-11,P09,S2C_30NXM_20251111_0_L2A,0.104561,0.035739,-0.066657,0.69527,1.239974,0.3896,0.3142,0.3676,0.0547,516,972,0.4691,63.346,GOOD,1.0
2025-11-16,P09,S2B_30NXM_20251116_0_L2A,0.102127,0.022354,-0.127007,0.54515,1.22946,0.3322,0.2702,0.34905,0.0803,482,972,0.5041,64.471,ACCEPTABLE,0.92
2025-11-21,P09,S2C_30NXM_20251121_0_L2A,0.119104,0.035009,-0.100696,0.607315,1.270988,0.3588,0.2823,0.3472,0.06815,432,972,0.5556,72.815,ACCEPTABLE,0.92
2025-11-26,P09,S2B_30NXM_20251126_0_L2A,0.114016,0.034032,-0.096784,0.697875,1.26749,0.3696,0.2916,0.3568,0.0527,590,972,0.393,56.311,GOOD,1.0
2025-12-06,P09,S2B_30NXM_20251206_0_L2A,0.038799,0.038793,-0.071776,0.412182,1.087898,0.1708,0.157,0.18475,0.0664,158,972,0.8374,61.443,ACCEPTABLE,0.92
2025-12-16,P09,S2B_30NXM_20251216_0_L2A,0.022158,0.033945,-0.080667,0.38425,1.005792,0.1042,0.1036,0.12645,0.0466,188,972,0.8066,27.14,ACCEPTABLE,0.92
2025-12-21,P09,S2C_30NXM_20251221_0_L2A,0.122966,0.030854,-0.131235,0.551524,1.277903,0.3412,0.267,0.3496,0.0765,686,972,0.2942,46.61,GOOD,1.0
2025-12-23,P09,S2A_30NXM_20251223_0_L2A,0.071885,0.026786,-0.058446,0.369903,1.158416,0.1521,0.1313,0.14495,0.058,84,972,0.9136,47.61,LOW_QUALITY,0.64
2026-01-05,P09,S2B_30NXM_20260105_0_L2A,0.135902,0.041598,-0.155999,0.690255,1.318705,0.3666,0.278,0.3825,0.0503,262,972,0.7305,47.091,ACCEPTABLE,0.92
2026-01-25,P09,S2B_30NXM_20260125_0_L2A,0.10952,0.046917,-0.249843,0.258747,1.276932,0.2264,0.1773,0.30775,0.0952,912,972,0.0617,0.471,GOOD,1.0
2026-01-30,P09,S2C_30NXM_20260130_0_L2A,0.039597,0.023908,-0.157632,0.194636,1.082012,0.157,0.1451,0.199,0.0962,320,972,0.6708,42.601,ACCEPTABLE,0.92
2026-02-04,P09,S2B_30NXM_20260204_0_L2A,0.08845,0.024587,-0.192115,0.372298,1.184984,0.22965,0.1938,0.2866,0.0886,418,972,0.57,82.798,ACCEPTABLE,0.92
2026-02-09,P09,S2C_30NXM_20260209_0_L2A,0.141054,0.028032,-0.134744,0.610641,1.331048,0.3494,0.2625,0.3457,0.063,766,972,0.2119,51.642,GOOD,1.0
2026-03-01,P09,S2C_30NXM_20260301_0_L2A,0.083693,0.031149,-0.158962,0.322733,1.182427,0.2826,0.239,0.3306,0.1221,972,972,0.0,53.89,GOOD,1.0
2026-03-06,P09,S2B_30NXM_20260306_0_L2A,0.135943,0.029039,-0.159635,0.525654,1.31471,0.3271,0.2488,0.3444,0.0768,682,972,0.2984,60.207,GOOD,1.0
2026-03-13,P09,S2A_30NXM_20260313_0_L2A,0.122575,0.02983,-0.152372,0.526722,1.285429,0.322,0.2505,0.3407,0.0773,902,972,0.072,51.793,GOOD,1.0
2026-03-21,P09,S2C_30NXM_20260321_0_L2A,0.103672,0.048854,-0.096285,0.622857,1.237338,0.3811,0.308,0.37575,0.0708,110,972,0.8868,79.759,LOW_QUALITY,0.64
2026-03-31,P09,S2C_30NXM_20260331_0_L2A,-0.005771,0.039271,-0.277153,-0.156846,0.979312,0.17515,0.17885,0.31295,0.2492,28,972,0.9712,59.662,LOW_QUALITY,0.49
2026-04-02,P09,S2A_30NXM_20260402_0_L2A,0.053085,0.021422,-0.138186,0.237932,1.12006,0.26075,0.2328,0.32935,0.14245,408,972,0.5802,37.426,ACCEPTABLE,0.92
2026-04-05,P09,S2B_30NXM_20260405_0_L2A,0.066542,0.033681,-0.236275,0.170651,1.143595,0.2656,0.23225,0.3757,0.1628,750,972,0.2284,50.997,GOOD,1.0
2026-04-15,P09,S2B_30NXM_20260415_0_L2A,0.107547,0.024863,-0.150146,0.522081,1.248533,0.2979,0.2386,0.325,0.076,972,972,0.0,11.277,GOOD,1.0
2026-04-22,P09,S2A_30NXM_20260422_0_L2A,0.083699,0.025279,-0.130328,0.482481,1.188679,0.2961,0.2491,0.3253,0.08825,972,972,0.0,30.427,GOOD,1.0
2026-05-10,P09,S2C_30NXM_20260510_0_L2A,0.091574,0.044278,-0.089655,0.565922,1.201502,0.384,0.3196,0.386,0.08895,968,972,0.0041,55.591,GOOD,1.0
2026-05-12,P09,S2A_30NXM_20260512_0_L2A,0.101762,0.034985,-0.076339,0.627115,1.23027,0.3601,0.2927,0.3422,0.0687,716,972,0.2634,48.451,GOOD,1.0
2026-06-01,P09,S2A_30NXM_20260601_0_L2A,0.099258,0.027967,-0.05952,0.639977,1.224089,0.3425,0.2798,0.3157,0.0613,972,972,0.0,42.636,GOOD,1.0
2026-09-02,P09,S2B_30NXM_20260902_0_L2A,0.033304,0.037931,-0.012241,0.447776,1.058694,0.11995,0.1133,0.11335,0.0424,206,972,0.7881,86.834,ACCEPTABLE,0.92
2017-01-07,P10,S2A_30NXM_20170107_1_L2A,0.034533,0.027964,-0.209424,-0.175663,1.133371,0.2014,0.1777,0.2809,0.1867,360,704,0.4886,37.65,GOOD,1.0
2017-01-27,P10,S2A_30NXM_20170127_0_L2A,0.139397,0.061819,-0.169363,0.37704,1.3327,0.2103,0.1578,0.223,0.0685,700,704,0.0057,2.443,ACCEPTABLE,0.88
2017-02-06,P10,S2A_30NXM_20170206_0_L2A,-0.035472,0.01566,-0.258667,-0.065971,0.921897,0.1322,0.1434,0.2454,0.1636,115,704,0.8366,42.313,ACCEPTABLE,0.72
2017-03-08,P10,S2A_30NXM_20170308_0_L2A,0.006841,0.040262,-0.081614,0.186835,1.08358,0.1465,0.1352,0.1531,0.0923,60,704,0.9148,35.949,LOW_QUALITY,0.64
2017-03-18,P10,S2A_30NXM_20170318_0_L2A,0.044645,0.06175,-0.286988,-0.211423,1.105687,0.2197,0.1987,0.3921,0.2808,36,704,0.9489,26.619,LOW_QUALITY,0.37
2017-03-28,P10,S2A_30NXM_20170328_0_L2A,-0.057843,0.079755,-0.492369,-0.232067,0.874263,0.089,0.1018,0.3124,0.16485,138,704,0.804,6.877,ACCEPTABLE,0.6
2017-04-17,P10,S2A_30NXM_20170417_0_L2A,-0.081574,0.0839,-0.537349,-0.274675,0.83435,0.0821,0.0984,0.3332,0.1693,153,704,0.7827,7.07,ACCEPTABLE,0.8
2017-04-27,P10,S2A_30NXM_20170427_0_L2A,0.015537,0.053095,-0.216335,-0.038718,1.077253,0.251,0.233,0.3624,0.2344,558,704,0.2074,18.822,GOOD,1.0
2017-05-07,P10,S2A_30NXM_20170507_0_L2A,0.071233,0.099736,-0.038298,0.192524,1.075045,0.2378,0.2212,0.2752,0.121,189,704,0.7315,64.393,ACCEPTABLE,0.8
2017-07-01,P10,S2B_30NXM_20170701_0_L2A,-0.022856,0.054106,-0.184678,0.060963,0.964844,0.1482,0.1536,0.2169,0.13865,30,704,0.9574,72.294,LOW_QUALITY,0.49
2017-07-11,P10,S2B_30NXM_20170711_0_L2A,0.127574,0.076842,0.034858,0.714591,1.299621,0.2056,0.1582,0.148,0.02665,644,704,0.0852,15.139,ACCEPTABLE,0.88
2017-07-21,P10,S2B_30NXM_20170721_0_L2A,0.000725,0.041724,-0.138804,0.143094,1.035191,0.1412,0.1364,0.178,0.09895,264,704,0.625,73.241,ACCEPTABLE,0.92
2017-08-20,P10,S2B_30NXM_20170820_0_L2A,0.028664,0.026978,0.191459,0.633171,1.048864,0.0923,0.088,0.0586,0.0198,403,704,0.4276,49.826,GOOD,1.0
2017-10-14,P10,S2A_30NXM_20171014_0_L2A,0.053049,0.056815,-0.136049,0.11002,1.100529,0.1664,0.1512,0.1898,0.1093,158,704,0.7756,61.467,ACCEPTABLE,0.92
2017-10-24,P10,S2A_30NXM_20171024_0_L2A,0.00712,0.03577,-0.014017,0.203531,1.010909,0.139,0.1375,0.1362,0.0858,212,704,0.6989,50.972,ACCEPTABLE,0.92
2017-10-29,P10,S2B_30NXM_20171029_0_L2A,0.118654,0.058664,-0.002887,0.574527,1.273042,0.221,0.1736,0.1744,0.0474,704,704,0.0,28.865,GOOD,1.0
2017-11-03,P10,S2A_30NXM_20171103_0_L2A,0.013051,0.039744,-0.162463,0.061719,1.035982,0.1382,0.1334,0.185,0.1143,117,704,0.8338,32.6,ACCEPTABLE,0.72
2017-11-08,P10,S2B_30NXM_20171108_0_L2A,0.014532,0.061217,-0.35875,-0.096802,1.024631,0.1248,0.1218,0.2605,0.1537,116,704,0.8352,23.597,ACCEPTABLE,0.6
2017-11-13,P10,S2A_30NXM_20171113_0_L2A,0.125962,0.068158,0.000445,0.647418,1.294036,0.2799,0.2163,0.2163,0.0464,458,704,0.3494,36.43,ACCEPTABLE,0.88
2017-11-18,P10,S2B_30NXM_20171118_0_L2A,-0.007569,0.05229,-0.19117,-0.093458,0.992679,0.1356,0.1366,0.1952,0.1544,45,704,0.9361,43.478,LOW_QUALITY,0.64
2017-11-28,P10,S2B_30NXM_20171128_1_L2A,0.017921,0.041382,-0.082028,0.272984,1.046316,0.0994,0.095,0.1048,0.0534,69,704,0.902,23.778,LOW_QUALITY,0.64
2017-12-03,P10,S2A_30NXM_20171203_0_L2A,0.130134,0.075586,-0.026432,0.663149,1.305835,0.2596,0.1988,0.2104,0.0402,494,704,0.2983,39.376,ACCEPTABLE,0.88
2017-12-13,P10,S2A_30NXM_20171213_1_L2A,0.032977,0.017033,-0.183088,0.117538,1.070476,0.2248,0.21,0.3044,0.1662,395,704,0.4389,57.827,GOOD,1.0
2017-12-18,P10,S2B_30NXM_20171218_0_L2A,-0.04918,0.034244,-0.121229,0.149701,0.88342,0.1364,0.1544,0.1968,0.1136,11,704,0.9844,49.295,LOW_QUALITY,0.49
2017-12-28,P10,S2B_30NXM_20171228_1_L2A,0.027054,0.017756,-0.193475,0.105119,1.057027,0.2076,0.1964,0.2922,0.1617,496,704,0.2955,66.08,GOOD,1.0
2018-01-02,P10,S2A_30NXM_20180102_1_L2A,0.125522,0.032403,-0.11538,0.331222,1.30533,0.2253,0.1726,0.21785,0.08645,704,704,0.0,4.643,GOOD,1.0
2018-01-12,P10,S2A_30NXM_20180112_0_L2A,0.010425,0.045022,-0.249572,-0.178657,1.061761,0.1616,0.1522,0.2806,0.1935,157,704,0.777,15.042,ACCEPTABLE,0.92
2018-01-17,P10,S2B_30NXM_20180117_0_L2A,0.109385,0.041474,-0.177262,0.196686,1.248855,0.1636,0.131,0.1928,0.0903,485,704,0.3111,8.101,GOOD,1.0
2018-01-22,P10,S2A_30NXM_20180122_0_L2A,0.08718,0.056127,-0.306825,-0.080736,1.205852,0.1154,0.0957,0.2136,0.1268,189,704,0.7315,1.725,ACCEPTABLE,0.92
2018-01-27,P10,S2B_30NXM_20180127_0_L2A,0.019418,0.019951,-0.209079,0.013103,1.044006,0.1376,0.1318,0.2046,0.1302,318,704,0.5483,3.854,ACCEPTABLE,0.92
2018-02-01,P10,S2A_30NXM_20180201_0_L2A,0.054482,0.025939,-0.192817,0.09654,1.11715,0.185,0.1656,0.2454,0.135,643,704,0.0866,20.595,GOOD,1.0
2018-02-06,P10,S2B_30NXM_20180206_0_L2A,0.017893,0.03865,-0.236657,-0.002594,1.041481,0.1406,0.135,0.2236,0.1374,169,704,0.7599,31.955,ACCEPTABLE,0.92
2018-02-11,P10,S2A_30NXM_20180211_0_L2A,0.012308,0.028028,-0.182171,-0.011401,1.014286,0.142,0.14,0.1884,0.1299,107,704,0.848,59.974,ACCEPTABLE,0.72
2018-03-03,P10,S2A_30NXM_20180303_0_L2A,0.031585,0.058152,-0.048825,0.340143,1.074669,0.1137,0.1058,0.1264,0.0508,360,704,0.4886,41.468,GOOD,1.0
2018-03-08,P10,S2B_30NXM_20180308_0_L2A,0.006424,0.039327,-0.17389,-0.111238,1.015444,0.1578,0.1554,0.2414,0.1795,217,704,0.6918,44.23,ACCEPTABLE,0.92
2018-03-13,P10,S2A_30NXM_20180313_0_L2A,0.022876,0.040731,0.046041,0.34053,1.048414,0.1256,0.1198,0.1114,0.0594,359,704,0.4901,40.671,GOOD,1.0
2018-03-23,P10,S2A_30NXM_20180323_0_L2A,-0.034373,0.042524,-0.268828,-0.043992,0.948529,0.129,0.136,0.2256,0.1329,35,704,0.9503,46.608,LOW_QUALITY,0.49
2018-04-17,P10,S2B_30NXM_20180417_0_L2A,-0.022523,0.043844,-0.344303,-0.095133,0.974968,0.1519,0.1558,0.34,0.19845,74,704,0.8949,48.426,LOW_QUALITY,0.64
2018-04-22,P10,S2A_30NXM_20180422_0_L2A,-0.020826,0.076295,-0.41142,-0.165318,0.944306,0.1136,0.1203,0.3007,0.16585,104,704,0.8523,39.1,LOW_QUALITY,0.52
2018-04-27,P10,S2B_30NXM_20180427_0_L2A,-0.034185,0.06726,-0.457137,-0.252902,0.938436,0.1128,0.1202,0.3486,0.211,128,704,0.8182,17.298,ACCEPTABLE,0.6
2018-05-02,P10,S2A_30NXM_20180502_0_L2A,-0.052469,0.038948,-0.392469,-0.039462,0.905733,0.1422,0.157,0.356,0.1749,45,704,0.9361,95.712,LOW_QUALITY,0.64
2018-05-12,P10,S2A_30NXM_20180512_0_L2A,-0.010735,0.021711,-0.308344,-0.127618,0.98265,0.1246,0.1268,0.2404,0.1649,704,704,0.0,45.15,GOOD,1.0
2018-05-17,P10,S2B_30NXM_20180517_0_L2A,-0.011197,0.021211,-0.24346,0.011151,0.982294,0.1276,0.1299,0.2145,0.128,92,704,0.8693,74.953,LOW_QUALITY,0.64
2018-05-22,P10,S2A_30NXM_20180522_0_L2A,-0.001606,0.079478,-0.369156,-0.09327,0.97629,0.14,0.1434,0.3282,0.1774,104,704,0.8523,31.143,LOW_QUALITY,0.52
2018-06-01,P10,S2A_30NXM_20180601_1_L2A,0.130673,0.084922,0.07472,0.612036,1.298785,0.3208,0.247,0.2185,0.0603,616,704,0.125,64.0,ACCEPTABLE,0.88
2018-06-16,P10,S2B_30NXM_20180616_0_L2A,-0.041254,0.04984,-0.235294,0.02885,0.924419,0.1272,0.1376,0.2258,0.1248,91,704,0.8707,61.889,LOW_QUALITY,0.64
2018-07-31,P10,S2A_30NXM_20180731_1_L2A,0.127546,0.080544,0.040968,0.544434,1.300323,0.2416,0.1858,0.1765,0.0567,628,704,0.108,50.014,ACCEPTABLE,0.88
2018-08-05,P10,S2B_30NXM_20180805_1_L2A,0.14209,0.08323,-0.007936,0.680462,1.338338,0.2496,0.1865,0.1907,0.0352,704,704,0.0,32.73,ACCEPTABLE,0.88
2018-09-19,P10,S2A_30NXM_20180919_0_L2A,0.035049,0.052095,-0.161933,0.053535,1.0662,0.1981,0.1858,0.2572,0.1596,466,704,0.3381,70.756,GOOD,1.0
2018-10-09,P10,S2A_30NXM_20181009_0_L2A,-0.021169,0.034834,-0.250696,0.026114,0.923379,0.188,0.2036,0.3308,0.1942,19,704,0.973,54.153,LOW_QUALITY,0.49
2018-10-19,P10,S2A_30NXM_20181019_0_L2A,0.017497,0.033316,0.133375,0.630273,1.041445,0.098,0.0941,0.07235,0.0214,302,704,0.571,39.469,ACCEPTABLE,0.92
2018-11-03,P10,S2B_30NXM_20181103_0_L2A,0.108769,0.078154,0.057015,0.694232,1.247202,0.2674,0.2144,0.191,0.0387,499,704,0.2912,30.452,ACCEPTABLE,0.88
2018-11-18,P10,S2A_30NXM_20181118_0_L2A,0.102995,0.062024,0.040564,0.721893,1.23505,0.2974,0.2408,0.223,0.0388,511,704,0.2741,39.967,ACCEPTABLE,0.88
2018-11-23,P10,S2B_30NXM_20181123_0_L2A,0.036544,0.061733,0.065969,0.598174,1.049631,0.1068,0.10175,0.09935,0.025,392,704,0.4432,32.138,ACCEPTABLE,0.88
2018-11-28,P10,S2A_30NXM_20181128_0_L2A,0.034916,0.066233,-0.072548,0.226921,1.079923,0.1689,0.1564,0.2103,0.08765,158,704,0.7756,25.833,ACCEPTABLE,0.8
2018-12-03,P10,S2B_30NXM_20181203_0_L2A,0.111441,0.065433,-0.067651,0.573619,1.261364,0.2331,0.1848,0.2122,0.0496,700,704,0.0057,14.328,ACCEPTABLE,0.88
2018-12-18,P10,S2A_30NXM_20181218_0_L2A,0.009419,0.028549,-0.110837,0.062555,1.012389,0.1144,0.113,0.14685,0.1014,554,704,0.2131,29.326,GOOD,1.0
2018-12-23,P10,S2B_30NXM_20181223_0_L2A,0.006717,0.013989,-0.169597,-0.044291,1.023414,0.271,0.2648,0.3804,0.2882,57,704,0.919,22.019,LOW_QUALITY,0.64
2018-12-28,P10,S2A_30NXM_20181228_0_L2A,-0.020718,0.012736,-0.281949,-0.053695,0.951285,0.1406,0.1478,0.2658,0.1659,75,704,0.8935,1.864,LOW_QUALITY,0.64
2019-01-02,P10,S2B_30NXM_20190102_0_L2A,0.032091,0.032012,-0.090109,0.288998,1.06749,0.1297,0.1215,0.1506,0.06855,676,704,0.0398,21.898,GOOD,1.0
2019-01-07,P10,S2A_30NXM_20190107_1_L2A,0.093783,0.046045,-0.174618,0.245634,1.210286,0.2118,0.175,0.2544,0.1073,523,704,0.2571,54.919,GOOD,1.0
2019-01-17,P10,S2A_30NXM_20190117_0_L2A,0.046089,0.041147,-0.213592,-0.140803,1.138889,0.1394,0.1224,0.2129,0.1476,373,704,0.4702,23.241,GOOD,1.0
2019-01-22,P10,S2B_30NXM_20190122_0_L2A,0.070283,0.042669,-0.207709,0.036686,1.169746,0.2026,0.1732,0.26345,0.1499,700,704,0.0057,10.95,GOOD,1.0
2019-01-27,P10,S2A_30NXM_20190127_0_L2A,0.079038,0.049623,-0.141878,0.29538,1.178908,0.1252,0.1062,0.1732,0.061,217,704,0.6918,45.116,ACCEPTABLE,0.92
2019-02-01,P10,S2B_30NXM_20190201_0_L2A,0.012165,0.056964,-0.376889,-0.176944,0.989933,0.118,0.1192,0.2722,0.1727,97,704,0.8622,42.377,LOW_QUALITY,0.64
2019-02-11,P10,S2B_30NXM_20190211_0_L2A,0.010592,0.041483,-0.27825,-0.108194,1.021854,0.1543,0.151,0.28245,0.19335,62,704,0.9119,15.951,LOW_QUALITY,0.64
2019-02-16,P10,S2A_30NXM_20190216_0_L2A,-0.022247,0.025507,-0.351829,-0.164162,0.967422,0.1366,0.1412,0.2956,0.19475,96,704,0.8636,21.628,LOW_QUALITY,0.64
2019-02-21,P10,S2B_30NXM_20190221_0_L2A,0.08917,0.048738,-0.093194,0.370277,1.20684,0.2223,0.1842,0.22295,0.0849,412,704,0.4148,12.045,GOOD,1.0
2019-02-26,P10,S2A_30NXM_20190226_0_L2A,0.079291,0.046361,-0.153122,0.21426,1.175047,0.1893,0.1611,0.2323,0.1066,684,704,0.0284,1.865,GOOD,1.0
2019-03-08,P10,S2A_30NXM_20190308_0_L2A,0.013025,0.043649,-0.340234,-0.213537,1.028023,0.1394,0.1356,0.2876,0.2056,107,704,0.848,29.403,ACCEPTABLE,0.72
2019-03-13,P10,S2B_30NXM_20190313_0_L2A,0.005447,0.033271,-0.261056,-0.104146,1.008499,0.1424,0.1412,0.2444,0.1705,63,704,0.9105,19.728,LOW_QUALITY,0.64
2019-03-18,P10,S2A_30NXM_20190318_0_L2A,0.020679,0.060237,-0.363182,-0.195181,1.01462,0.1388,0.1368,0.2867,0.2009,252,704,0.642,35.554,ACCEPTABLE,0.8
2019-03-28,P10,S2A_30NXM_20190328_0_L2A,0.020108,0.0679,-0.371935,-0.191866,1.025862,0.1547,0.1508,0.36965,0.238,78,704,0.8892,40.624,LOW_QUALITY,0.52
2019-04-02,P10,S2B_30NXM_20190402_1_L2A,0.088537,0.039995,-0.090184,0.380868,1.201217,0.2764,0.2301,0.27695,0.1019,704,704,0.0,12.862,GOOD,1.0
2019-04-07,P10,S2A_30NXM_20190407_0_L2A,-0.049881,0.030084,-0.282938,-0.04001,0.931098,0.1527,0.164,0.2925,0.1882,28,704,0.9602,67.369,LOW_QUALITY,0.49
2019-04-12,P10,S2B_30NXM_20190412_1_L2A,0.005157,0.020866,-0.17173,0.237966,1.019151,0.2448,0.2402,0.3406,0.1472,582,704,0.1733,66.843,GOOD,1.0
2019-04-22,P10,S2B_30NXM_20190422_1_L2A,0.067724,0.035809,-0.050095,0.414271,1.156204,0.3168,0.274,0.3042,0.1142,673,704,0.044,37.422,GOOD,1.0
2019-04-27,P10,S2A_30NXM_20190427_1_L2A,0.095009,0.062092,-0.02985,0.493855,1.214109,0.2943,0.2424,0.25875,0.0825,704,704,0.0,43.677,ACCEPTABLE,0.88
2019-05-02,P10,S2B_30NXM_20190502_0_L2A,0.108643,0.051494,-0.030887,0.587406,1.250459,0.2726,0.218,0.233,0.0566,704,704,0.0,32.325,GOOD,1.0
2019-05-07,P10,S2A_30NXM_20190507_2_L2A,0.08994,0.058668,-0.008828,0.51938,1.201043,0.2993,0.2492,0.2576,0.0777,704,704,0.0,67.327,GOOD,1.0
2019-05-12,P10,S2B_30NXM_20190512_0_L2A,-0.006649,0.035976,-0.345981,-0.123661,0.993381,0.1651,0.1662,0.3523,0.2207,36,704,0.9489,49.842,LOW_QUALITY,0.49
2019-05-17,P10,S2A_30NXM_20190517_0_L2A,0.120844,0.08324,-0.01097,0.653736,1.286865,0.3194,0.2482,0.26025,0.0515,704,704,0.0,40.807,ACCEPTABLE,0.88
2019-06-21,P10,S2B_30NXM_20190621_0_L2A,-0.01966,0.038545,-0.050905,0.146013,0.921452,0.1701,0.1846,0.2397,0.141,296,704,0.5795,75.937,ACCEPTABLE,0.92
2019-07-01,P10,S2B_30NXM_20190701_0_L2A,0.00294,0.049264,-0.090492,0.274099,0.996575,0.1746,0.1752,0.2218,0.0953,362,704,0.4858,78.44,GOOD,1.0
2019-08-15,P10,S2A_30NXM_20190815_0_L2A,0.06638,0.063311,0.012812,0.661607,1.138135,0.1928,0.1694,0.1928,0.0398,690,704,0.0199,63.489,ACCEPTABLE,0.88
2019-09-09,P10,S2B_30NXM_20190909_0_L2A,-0.023729,0.044885,-0.022388,0.303197,0.952681,0.1208,0.1268,0.1342,0.0639,271,704,0.6151,89.381,ACCEPTABLE,0.92
2019-09-24,P10,S2A_30NXM_20190924_0_L2A,-0.035948,0.013413,-0.125635,-0.016493,0.934717,0.3422,0.3661,0.472,0.3742,14,704,0.9801,72.145,LOW_QUALITY,0.49
2019-10-09,P10,S2B_30NXM_20191009_0_L2A,-0.131498,0.130109,-0.269598,-0.110177,0.875393,0.1672,0.191,0.3418,0.2307,15,704,0.9787,82.914,LOW_QUALITY,0.25
2019-10-19,P10,S2B_30NXM_20191019_0_L2A,-0.078374,0.016872,-0.211418,-0.006351,0.854057,0.1621,0.1898,0.2951,0.1947,14,704,0.9801,89.856,LOW_QUALITY,0.49
2019-10-24,P10,S2A_30NXM_20191024_0_L2A,0.011647,0.073452,-0.314205,-0.081158,0.978543,0.1733,0.1771,0.3416,0.1946,30,704,0.9574,45.568,LOW_QUALITY,0.37
2019-10-29,P10,S2B_30NXM_20191029_0_L2A,0.034723,0.065832,-0.187474,-0.039235,1.053183,0.1307,0.1241,0.1874,0.12665,458,704,0.3494,30.592,ACCEPTABLE,0.88
2019-11-03,P10,S2A_30NXM_20191103_0_L2A,-0.019417,0.06408,-0.22176,-0.044702,0.941621,0.1371,0.1456,0.2342,0.1675,190,704,0.7301,81.504,ACCEPTABLE,0.8
2019-11-08,P10,S2B_30NXM_20191108_0_L2A,0.067847,0.062788,-0.078827,0.16198,1.136711,0.2378,0.2092,0.2374,0.1347,339,704,0.5185,44.138,ACCEPTABLE,0.8
2019-11-13,P10,S2A_30NXM_20191113_1_L2A,0.09755,0.006486,-0.002947,0.469181,1.218935,0.2472,0.2028,0.2044,0.0737,321,704,0.544,45.794,ACCEPTABLE,0.92
2019-11-18,P10,S2B_30NXM_20191118_0_L2A,0.051433,0.080227,-0.079108,0.389373,0.988056,0.1489,0.1507,0.2129,0.0553,530,704,0.2472,29.334,ACCEPTABLE,0.88
2019-11-23,P10,S2A_30NXM_20191123_0_L2A,0.063938,0.055437,-0.060806,0.410915,1.098749,0.1669,0.1519,0.20585,0.0588,684,704,0.0284,26.743,GOOD,1.0
2019-11-28,P10,S2B_30NXM_20191128_0_L2A,0.010078,0.054966,-0.141529,0.078989,0.999232,0.1301,0.1302,0.1808,0.10275,288,704,0.5909,25.411,ACCEPTABLE,0.92
2019-12-03,P10,S2A_30NXM_20191203_0_L2A,0.122048,0.071839,-0.087104,0.553111,1.270221,0.2764,0.2176,0.2603,0.0603,700,704,0.0057,26.82,ACCEPTABLE,0.88
2019-12-08,P10,S2B_30NXM_20191208_1_L2A,0.120693,0.067496,-0.092719,0.583596,1.279923,0.2652,0.2072,0.25025,0.0531,704,704,0.0,32.508,ACCEPTABLE,0.88
2019-12-13,P10,S2A_30NXM_20191213_0_L2A,0.039269,0.064576,-0.016839,0.549254,1.082218,0.1132,0.1046,0.1172,0.0376,181,704,0.7429,26.841,ACCEPTABLE,0.8
2019-12-18,P10,S2B_30NXM_20191218_0_L2A,0.119517,0.054098,-0.104883,0.565794,1.278511,0.2713,0.2122,0.2646,0.0581,704,704,0.0,23.951,GOOD,1.0
2019-12-23,P10,S2A_30NXM_20191223_1_L2A,0.10704,0.065807,-0.115805,0.572264,1.25071,0.2644,0.2114,0.2728,0.0557,704,704,0.0,26.067,ACCEPTABLE,0.88
2019-12-28,P10,S2B_30NXM_20191228_0_L2A,0.116787,0.052026,-0.141031,0.511096,1.2706,0.2498,0.1966,0.2635,0.0622,704,704,0.0,9.246,GOOD,1.0
2020-01-02,P10,S2A_30NXM_20200102_1_L2A,0.118047,0.057182,-0.151694,0.468278,1.275109,0.2336,0.1832,0.2495,0.0642,704,704,0.0,10.595,GOOD,1.0
2020-01-07,P10,S2B_30NXM_20200107_1_L2A,0.118106,0.020113,-0.265908,0.092157,1.278802,0.222,0.1736,0.2972,0.1432,704,704,0.0,0.017,GOOD,1.0
2020-01-12,P10,S2A_30NXM_20200112_0_L2A,0.110074,0.037029,-0.149299,0.337889,1.254098,0.2448,0.1952,0.26285,0.095,704,704,0.0,3.302,GOOD,1.0
2020-01-17,P10,S2B_30NXM_20200117_0_L2A,0.046273,0.033413,-0.028571,0.271698,1.108883,0.1548,0.1396,0.1492,0.0773,273,704,0.6122,22.284,ACCEPTABLE,0.92
2020-01-22,P10,S2A_30NXM_20200122_1_L2A,0.108949,0.037107,-0.40243,-0.256802,1.246206,0.1478,0.1186,0.3086,0.1807,72,704,0.8977,17.126,LOW_QUALITY,0.64
2020-01-27,P10,S2B_30NXM_20200127_1_L2A,0.213689,0.032546,-0.312378,0.179259,1.56776,0.2198,0.1402,0.2677,0.09725,704,704,0.0,0.911,GOOD,1.0
2020-02-01,P10,S2A_30NXM_20200201_1_L2A,0.085516,0.044515,-0.135388,0.393204,1.186484,0.2774,0.2338,0.3108,0.1015,701,704,0.0043,46.543,GOOD,1.0
2020-02-06,P10,S2B_30NXM_20200206_1_L2A,0.120152,0.046056,-0.145014,0.37347,1.280421,0.2799,0.2186,0.2932,0.1003,512,704,0.2727,32.41,GOOD,1.0
2020-02-16,P10,S2B_30NXM_20200216_0_L2A,0.002974,0.016526,-0.154659,0.108584,1.010234,0.1382,0.1368,0.1895,0.1106,172,704,0.7557,28.888,ACCEPTABLE,0.92
2020-03-02,P10,S2A_30NXM_20200302_0_L2A,0.062458,0.033315,-0.148804,0.195951,1.129336,0.2279,0.2018,0.2814,0.1251,704,704,0.0,40.453,GOOD,1.0
2020-03-07,P10,S2B_30NXM_20200307_0_L2A,-0.028419,0.038325,-0.225999,-0.046279,0.939441,0.121,0.1288,0.2022,0.1325,65,704,0.9077,75.328,LOW_QUALITY,0.64
2020-03-12,P10,S2A_30NXM_20200312_0_L2A,0.065153,0.050756,-0.102362,0.356089,1.13136,0.2713,0.2398,0.3238,0.1069,700,704,0.0057,44.609,GOOD,1.0
2020-03-22,P10,S2A_30NXM_20200322_1_L2A,0.088633,0.028323,-0.0426,0.463439,1.19086,0.3544,0.2976,0.3287,0.0938,359,704,0.4901,57.903,GOOD,1.0
2020-05-16,P10,S2B_30NXM_20200516_0_L2A,0.112981,0.073344,-0.066617,0.657345,1.255225,0.3123,0.2488,0.2986,0.0513,700,704,0.0057,44.592,ACCEPTABLE,0.88
2020-05-26,P10,S2B_30NXM_20200526_0_L2A,0.090049,0.064416,-0.153412,0.331327,1.187387,0.2636,0.222,0.295,0.1111,704,704,0.0,17.89,ACCEPTABLE,0.88
2020-05-31,P10,S2A_30NXM_20200531_1_L2A,0.11897,0.090859,-0.08343,0.511725,1.278443,0.2562,0.2004,0.2374,0.0645,704,704,0.0,33.096,ACCEPTABLE,0.88
2020-06-15,P10,S2B_30NXM_20200615_1_L2A,0.103749,0.077332,0.030278,0.492007,1.237236,0.2811,0.2272,0.2161,0.0758,704,704,0.0,79.36,ACCEPTABLE,0.88
2020-06-25,P10,S2B_30NXM_20200625_0_L2A,0.018183,0.026322,-0.011852,0.344005,1.039769,0.1438,0.1383,0.1422,0.0685,214,704,0.696,64.75,ACCEPTABLE,0.92
2020-07-30,P10,S2A_30NXM_20200730_1_L2A,0.128953,0.083176,-0.036298,0.681859,1.30303,0.344,0.264,0.2864,0.0495,704,704,0.0,76.368,ACCEPTABLE,0.88
2020-08-04,P10,S2B_30NXM_20200804_0_L2A,0.134576,0.076005,-0.100428,0.68567,1.319498,0.2734,0.2072,0.25455,0.0392,704,704,0.0,10.627,ACCEPTABLE,0.88
2020-08-19,P10,S2A_30NXM_20200819_0_L2A,0.115547,0.075628,-0.089339,0.625344,1.276119,0.2736,0.2144,0.2784,0.0497,653,704,0.0724,58.088,ACCEPTABLE,0.88
2020-08-24,P10,S2B_30NXM_20200824_1_L2A,0.098439,0.048557,-0.108117,0.512443,1.226866,0.3288,0.268,0.3376,0.0837,505,704,0.2827,67.923,GOOD,1.0
2020-10-08,P10,S2A_30NXM_20201008_0_L2A,-0.006496,0.052898,-0.10283,0.293127,1.032514,0.1429,0.1384,0.1615,0.0772,114,704,0.8381,72.28,ACCEPTABLE,0.72
2020-10-18,P10,S2A_30NXM_20201018_1_L2A,-0.010046,0.047573,-0.309872,-0.110653,0.960235,0.1473,0.1534,0.2744,0.1834,16,704,0.9773,70.028,LOW_QUALITY,0.49
2020-10-23,P10,S2B_30NXM_20201023_0_L2A,0.044699,0.057581,-0.14481,0.141267,1.080721,0.2758,0.2552,0.3488,0.1679,583,704,0.1719,63.601,GOOD,1.0
2020-10-28,P10,S2A_30NXM_20201028_0_L2A,0.018041,0.031239,-0.100879,0.207765,1.037132,0.162,0.1562,0.1986,0.0978,185,704,0.7372,53.5,ACCEPTABLE,0.92
2020-11-02,P10,S2B_30NXM_20201102_0_L2A,-0.023374,0.042872,-0.185593,0.073498,0.961322,0.1367,0.1422,0.2056,0.12065,54,704,0.9233,56.33,LOW_QUALITY,0.64
2020-11-12,P10,S2B_30NXM_20201112_0_L2A,0.039176,0.0646,-0.142402,0.195267,1.071629,0.1526,0.1424,0.19225,0.0875,592,704,0.1591,36.665,ACCEPTABLE,0.88
2020-11-17,P10,S2A_30NXM_20201117_0_L2A,0.070044,0.043954,-0.189695,0.258287,1.151961,0.2585,0.2244,0.3234,0.1321,382,704,0.4574,39.189,GOOD,1.0
2020-12-02,P10,S2B_30NXM_20201202_0_L2A,0.048237,0.060251,-0.120816,0.501305,1.07619,0.1356,0.126,0.1848,0.0443,671,704,0.0469,31.661,ACCEPTABLE,0.88
2020-12-07,P10,S2A_30NXM_20201207_0_L2A,0.099269,0.065806,-0.110423,0.486946,1.209011,0.2898,0.2397,0.32045,0.07615,334,704,0.5256,43.301,ACCEPTABLE,0.8
2020-12-12,P10,S2B_30NXM_20201212_0_L2A,0.129616,0.06686,-0.106469,0.658096,1.30743,0.3062,0.2342,0.2917,0.0492,479,704,0.3196,50.112,ACCEPTABLE,0.88
2020-12-22,P10,S2B_30NXM_20201222_0_L2A,0.114957,0.044117,-0.166683,0.404261,1.259295,0.2642,0.2098,0.2924,0.0878,676,704,0.0398,39.675,GOOD,1.0
2021-01-01,P10,S2B_30NXM_20210101_1_L2A,0.058506,0.049245,-0.196315,0.234108,1.128777,0.1569,0.139,0.212,0.0923,234,704,0.6676,51.911,ACCEPTABLE,0.92
2021-01-16,P10,S2A_30NXM_20210116_0_L2A,0.029689,0.033186,-0.134976,-0.113636,1.027778,0.259,0.252,0.3772,0.3975,247,704,0.6491,30.197,ACCEPTABLE,0.92
2021-01-21,P10,S2B_30NXM_20210121_1_L2A,0.05893,0.051679,-0.252756,0.039687,1.131824,0.1949,0.1722,0.2923,0.157,78,704,0.8892,30.879,LOW_QUALITY,0.64
2021-01-26,P10,S2A_30NXM_20210126_1_L2A,0.09692,0.025221,-0.264732,0.075544,1.220149,0.1962,0.1608,0.2766,0.1392,704,704,0.0,0.493,GOOD,1.0
2021-01-31,P10,S2B_30NXM_20210131_0_L2A,-0.022191,0.019433,-0.226735,-0.039277,0.963365,0.142,0.1474,0.2262,0.1509,77,704,0.8906,34.554,LOW_QUALITY,0.64
2021-02-05,P10,S2A_30NXM_20210205_0_L2A,0.013462,0.02686,-0.080372,0.291047,1.028599,0.2158,0.2098,0.2474,0.1168,647,704,0.081,58.888,GOOD,1.0
2021-02-15,P10,S2A_30NXM_20210215_1_L2A,0.114462,0.049635,-0.115345,0.470689,1.264588,0.3164,0.2502,0.3153,0.0891,701,704,0.0043,63.215,GOOD,1.0
2021-02-25,P10,S2A_30NXM_20210225_0_L2A,0.057307,0.037446,-0.129081,0.247117,1.11106,0.2431,0.2188,0.2875,0.13295,170,704,0.7585,35.713,ACCEPTABLE,0.92
2021-03-02,P10,S2B_30NXM_20210302_0_L2A,0.04584,0.026641,-0.170052,0.124551,1.097896,0.24,0.2186,0.3134,0.1673,193,704,0.7259,57.852,ACCEPTABLE,0.92
2021-03-07,P10,S2A_30NXM_20210307_0_L2A,-0.005396,0.035257,-0.282199,-0.104361,0.999511,0.2043,0.2044,0.3728,0.25575,20,704,0.9716,88.351,LOW_QUALITY,0.49
2021-04-06,P10,S2A_30NXM_20210406_1_L2A,0.081501,0.044235,-0.137255,0.356917,1.182334,0.2918,0.2468,0.3296,0.118,704,704,0.0,51.482,GOOD,1.0
2021-04-11,P10,S2B_30NXM_20210411_1_L2A,0.149399,0.08446,-0.13722,0.599854,1.360444,0.2944,0.2164,0.2853,0.0543,704,704,0.0,22.014,ACCEPTABLE,0.88
2021-04-16,P10,S2A_30NXM_20210416_0_L2A,0.092846,0.063743,-0.116359,0.38207,1.145657,0.2572,0.2245,0.3166,0.08935,674,704,0.0426,49.738,ACCEPTABLE,0.88
2021-04-26,P10,S2A_30NXM_20210426_1_L2A,0.129753,0.084121,-0.08151,0.566505,1.304469,0.3736,0.2864,0.3382,0.0796,703,704,0.0014,44.797,ACCEPTABLE,0.88
2021-05-01,P10,S2B_30NXM_20210501_1_L2A,0.112288,0.081118,-0.193295,0.307475,1.216857,0.2772,0.2278,0.33665,0.1141,690,704,0.0199,31.686,ACCEPTABLE,0.88
2021-05-11,P10,S2B_30NXM_20210511_0_L2A,0.098046,0.086514,-0.108332,0.459082,1.20995,0.3648,0.3015,0.385,0.1134,336,704,0.5227,38.189,ACCEPTABLE,0.8
2021-05-21,P10,S2B_30NXM_20210521_0_L2A,-0.017574,0.047383,-0.121736,0.055229,0.978462,0.2226,0.2275,0.3241,0.191,372,704,0.4716,72.472,GOOD,1.0
2021-05-26,P10,S2A_30NXM_20210526_0_L2A,-0.026653,0.042008,-0.267026,-0.035789,0.946058,0.1368,0.1446,0.2415,0.1461,46,704,0.9347,40.032,LOW_QUALITY,0.64
2021-06-05,P10,S2A_30NXM_20210605_0_L2A,0.087917,0.061023,-0.069246,0.396421,1.187976,0.2964,0.2495,0.2884,0.1102,476,704,0.3239,55.227,ACCEPTABLE,0.88
2021-07-10,P10,S2B_30NXM_20210710_0_L2A,0.065335,0.071336,-0.039575,0.624112,1.13079,0.166,0.1468,0.20915,0.0355,680,704,0.0341,38.042,ACCEPTABLE,0.88
2021-07-20,P10,S2B_30NXM_20210720_0_L2A,0.062129,0.067669,-0.04095,0.49358,1.106134,0.2272,0.2054,0.2482,0.0637,597,704,0.152,88.298,ACCEPTABLE,0.88
2021-07-30,P10,S2B_30NXM_20210730_0_L2A,0.023861,0.054908,-0.141228,-0.114391,1.143631,0.2532,0.2214,0.3422,0.257,299,704,0.5753,36.981,ACCEPTABLE,0.92
2021-08-19,P10,S2B_30NXM_20210819_0_L2A,0.04442,0.056133,-0.199681,0.076808,1.048997,0.2248,0.2143,0.3146,0.1604,664,704,0.0568,78.339,GOOD,1.0
2021-08-24,P10,S2A_30NXM_20210824_0_L2A,-0.008172,0.022575,-0.173848,-0.019445,0.988235,0.2688,0.272,0.389,0.2795,579,704,0.1776,74.033,GOOD,1.0
2021-08-29,P10,S2B_30NXM_20210829_0_L2A,-0.017382,0.06791,-0.29653,0.050398,0.91301,0.1186,0.1299,0.2164,0.113,38,704,0.946,95.792,LOW_QUALITY,0.37
2021-09-13,P10,S2A_30NXM_20210913_0_L2A,0.046326,0.051587,-0.13484,0.193262,1.095712,0.253,0.2309,0.2966,0.1503,596,704,0.1534,58.541,GOOD,1.0
2021-09-18,P10,S2B_30NXM_20210918_0_L2A,0.119292,0.069109,0.001629,0.665597,1.275604,0.3064,0.2402,0.24265,0.048,704,704,0.0,48.018,ACCEPTABLE,0.88
2021-09-28,P10,S2B_30NXM_20210928_0_L2A,0.121727,0.078932,0.007415,0.711888,1.273412,0.4732,0.3716,0.3674,0.0618,93,704,0.8679,69.347,LOW_QUALITY,0.52
2021-10-03,P10,S2A_30NXM_20211003_0_L2A,-0.024685,0.018462,-0.11347,-0.029415,0.941687,0.2277,0.2418,0.3125,0.25705,40,704,0.9432,58.176,LOW_QUALITY,0.64
2021-10-13,P10,S2A_30NXM_20211013_0_L2A,-0.030351,0.032489,-0.295974,-0.052113,0.928021,0.1444,0.1556,0.2907,0.173,42,704,0.9403,14.038,LOW_QUALITY,0.64
2021-10-18,P10,S2B_30NXM_20211018_0_L2A,0.067423,0.09736,-0.277966,0.047384,1.107866,0.2352,0.2123,0.3689,0.1792,44,704,0.9375,42.131,LOW_QUALITY,0.52
2021-10-23,P10,S2A_30NXM_20211023_0_L2A,0.029692,0.04553,-0.189518,-0.146784,1.01978,0.1856,0.182,0.2542,0.2244,21,704,0.9702,73.051,LOW_QUALITY,0.49
2021-10-28,P10,S2B_30NXM_20211028_0_L2A,0.03262,0.062224,-0.147715,0.177755,1.04714,0.2288,0.2185,0.298,0.1275,656,704,0.0682,49.588,ACCEPTABLE,0.88
2021-11-07,P10,S2B_30NXM_20211107_0_L2A,0.120692,0.064952,-0.051885,0.630332,1.265938,0.278,0.2196,0.25915,0.0492,700,704,0.0057,25.007,ACCEPTABLE,0.88
2021-11-12,P10,S2A_30NXM_20211112_0_L2A,0.12331,0.059474,-0.079619,0.540735,1.270281,0.3163,0.249,0.3002,0.073,704,704,0.0,33.772,GOOD,1.0
2021-11-22,P10,S2A_30NXM_20211122_0_L2A,0.121959,0.060979,-0.058993,0.718713,1.286252,0.3415,0.2655,0.3009,0.0432,704,704,0.0,44.098,ACCEPTABLE,0.88
2021-11-27,P10,S2B_30NXM_20211127_0_L2A,0.033363,0.067938,-0.035971,0.476967,1.042158,0.1236,0.1186,0.1589,0.0437,447,704,0.3651,47.722,ACCEPTABLE,0.88
2021-12-12,P10,S2A_30NXM_20211212_1_L2A,0.072046,0.035851,-0.198252,0.246206,1.148663,0.2148,0.187,0.3022,0.1062,591,704,0.1605,50.451,GOOD,1.0
2021-12-22,P10,S2A_30NXM_20211222_1_L2A,0.147348,0.041218,-0.199114,0.406171,1.349446,0.268,0.1986,0.29535,0.0833,704,704,0.0,2.967,GOOD,1.0
2022-01-01,P10,S2A_30NXM_20220101_0_L2A,-0.015748,0.039985,-0.327797,-0.103852,0.960159,0.1446,0.1506,0.3062,0.1824,79,704,0.8878,37.023,LOW_QUALITY,0.64
2022-01-06,P10,S2B_30NXM_20220106_0_L2A,0.027698,0.040677,-0.199086,0.075072,1.052405,0.1707,0.1622,0.2609,0.1343,610,704,0.1335,22.368,GOOD,1.0
2022-01-21,P10,S2A_30NXM_20220121_0_L2A,0.141716,0.041173,-0.202542,0.331452,1.341102,0.2532,0.1888,0.2856,0.09435,704,704,0.0,1.758,GOOD,1.0
2022-01-26,P10,S2B_30NXM_20220126_0_L2A,0.190843,0.056562,-0.263322,0.394708,1.483597,0.2442,0.1646,0.28405,0.07015,704,704,0.0,0.001,GOOD,1.0
2022-01-31,P10,S2A_30NXM_20220131_0_L2A,0.09073,0.022969,-0.187067,0.230767,1.201293,0.2602,0.2166,0.31525,0.13555,366,704,0.4801,59.792,GOOD,1.0
2022-02-05,P10,S2B_30NXM_20220205_0_L2A,0.075845,0.03322,-0.148983,0.21386,1.16622,0.261,0.2238,0.3024,0.1452,73,704,0.8963,37.582,LOW_QUALITY,0.64
2022-02-10,P10,S2A_30NXM_20220210_0_L2A,0.087832,0.027108,-0.174927,0.220434,1.200698,0.2752,0.2292,0.32905,0.1441,602,704,0.1449,29.208,GOOD,1.0
2022-03-02,P10,S2A_30NXM_20220302_0_L2A,0.116528,0.045801,-0.167127,0.366558,1.271292,0.2657,0.209,0.2952,0.0972,704,704,0.0,23.286,GOOD,1.0
2022-03-07,P10,S2B_30NXM_20220307_0_L2A,0.112458,0.056028,-0.143299,0.479772,1.262251,0.2782,0.2204,0.3028,0.0753,704,704,0.0,22.008,GOOD,1.0
2022-04-11,P10,S2A_30NXM_20220411_0_L2A,0.085386,0.094126,-0.189376,0.205302,1.186715,0.2644,0.2228,0.3311,0.1058,11,704,0.9844,37.009,LOW_QUALITY,0.37
2022-05-01,P10,S2A_30NXM_20220501_0_L2A,0.106757,0.065394,-0.089407,0.575053,1.24663,0.3144,0.2522,0.3059,0.0695,249,704,0.6463,50.6,ACCEPTABLE,0.8
2022-05-11,P10,S2A_30NXM_20220511_0_L2A,0.115908,0.063186,-0.078534,0.56448,1.262763,0.3364,0.2664,0.3212,0.0712,473,704,0.3281,54.331,ACCEPTABLE,0.88
2022-05-31,P10,S2A_30NXM_20220531_0_L2A,0.103774,0.082238,-0.081382,0.562434,1.238618,0.3156,0.2548,0.31465,0.074,256,704,0.6364,72.067,ACCEPTABLE,0.8
2022-07-10,P10,S2A_30NXM_20220710_0_L2A,0.009056,0.037694,-0.231913,-0.109005,0.994012,0.2324,0.2338,0.4144,0.2634,46,704,0.9347,45.824,LOW_QUALITY,0.64
2022-07-20,P10,S2A_30NXM_20220720_0_L2A,0.111979,0.061666,-0.114121,0.427952,1.252199,0.2562,0.2046,0.2899,0.0528,65,704,0.9077,64.87,LOW_QUALITY,0.52
2022-10-28,P10,S2A_30NXM_20221028_0_L2A,0.111355,0.037126,0.017128,0.696772,1.253256,0.3464,0.2764,0.2697,0.0492,405,704,0.4247,52.316,GOOD,1.0
2022-11-02,P10,S2B_30NXM_20221102_0_L2A,0.004519,0.031723,-0.124361,0.013421,1.010191,0.1586,0.157,0.2115,0.1507,13,704,0.9815,54.501,LOW_QUALITY,0.49
2022-11-12,P10,S2B_30NXM_20221112_0_L2A,0.105315,0.008524,-0.087496,0.717264,1.263889,0.3276,0.2592,0.3136,0.0411,11,704,0.9844,56.042,LOW_QUALITY,0.49
2022-11-17,P10,S2A_30NXM_20221117_0_L2A,0.12289,0.033591,-0.100804,0.643296,1.286629,0.3416,0.2655,0.32545,0.0574,66,704,0.9062,40.431,LOW_QUALITY,0.64
2022-12-17,P10,S2A_30NXM_20221217_0_L2A,-0.02958,0.040844,-0.305785,0.007529,0.956896,0.1332,0.1392,0.2284,0.1268,15,704,0.9787,51.599,LOW_QUALITY,0.49
2022-12-22,P10,S2B_30NXM_20221222_0_L2A,0.122961,0.048548,-0.158331,0.587398,1.282274,0.2662,0.2076,0.2878,0.05345,394,704,0.4403,39.2,GOOD,1.0
2022-12-27,P10,S2A_30NXM_20221227_0_L2A,0.135271,0.055893,-0.198015,0.493028,1.320715,0.2512,0.1902,0.2873,0.0641,704,704,0.0,1.914,GOOD,1.0
2023-01-01,P10,S2B_30NXM_20230101_0_L2A,0.106728,0.038239,-0.19318,0.409453,1.244203,0.2522,0.2027,0.3006,0.083,704,704,0.0,0.098,GOOD,1.0
2023-01-06,P10,S2A_30NXM_20230106_0_L2A,0.154344,0.044536,-0.290435,0.090312,1.383155,0.2332,0.1686,0.3094,0.1451,391,704,0.4446,54.776,GOOD,1.0
2023-01-11,P10,S2B_30NXM_20230111_0_L2A,0.119981,0.043171,-0.193932,0.419535,1.278192,0.2403,0.188,0.2791,0.07615,350,704,0.5028,36.464,ACCEPTABLE,0.92
2023-01-16,P10,S2A_30NXM_20230116_0_L2A,0.109005,0.036564,-0.22052,0.286835,1.250827,0.2269,0.1814,0.285,0.0998,704,704,0.0,25.062,GOOD,1.0
2023-01-31,P10,S2B_30NXM_20230131_0_L2A,0.098328,0.054826,-0.195606,0.316281,1.220415,0.2702,0.2214,0.3256,0.1104,704,704,0.0,31.723,GOOD,1.0
2023-02-10,P10,S2B_30NXM_20230210_0_L2A,0.113255,0.051292,-0.160515,0.498241,1.259184,0.2468,0.196,0.2735,0.06525,704,704,0.0,3.807,GOOD,1.0
2023-02-15,P10,S2A_30NXM_20230215_0_L2A,0.137073,0.041636,-0.214071,0.294426,1.323077,0.258,0.195,0.3068,0.1055,643,704,0.0866,54.81,GOOD,1.0
2023-02-25,P10,S2A_30NXM_20230225_0_L2A,0.06616,0.043824,-0.174894,0.161978,1.133653,0.2604,0.2297,0.3438,0.15515,226,704,0.679,69.41,ACCEPTABLE,0.92
2023-03-02,P10,S2B_30NXM_20230302_0_L2A,0.099546,0.056928,-0.087165,0.573706,1.222299,0.3552,0.2906,0.3459,0.0777,704,704,0.0,61.857,GOOD,1.0
2023-03-27,P10,S2A_30NXM_20230327_0_L2A,0.088308,0.007293,-0.089366,0.555465,1.197243,0.2258,0.1886,0.2242,0.0543,29,704,0.9588,79.662,LOW_QUALITY,0.49
2023-04-21,P10,S2B_30NXM_20230421_0_L2A,0.105929,0.067105,-0.160123,0.525239,1.242138,0.2765,0.2226,0.3094,0.0693,704,704,0.0,6.64,ACCEPTABLE,0.88
2023-07-20,P10,S2B_30NXM_20230720_0_L2A,-0.077282,0.034431,-0.316658,-0.037124,0.856287,0.1144,0.1336,0.2562,0.144,76,704,0.892,79.098,LOW_QUALITY,0.64
2023-09-08,P10,S2B_30NXM_20230908_0_L2A,0.094416,0.048539,0.023932,0.747072,1.215365,0.386,0.3176,0.3073,0.0431,438,704,0.3778,87.466,GOOD,1.0
2023-11-02,P10,S2A_30NXM_20231102_0_L2A,0.110408,0.054433,-0.07915,0.627858,1.248418,0.3156,0.2528,0.2968,0.0574,704,704,0.0,49.99,GOOD,1.0
2023-11-07,P10,S2B_30NXM_20231107_0_L2A,-0.00086,0.071977,-0.343207,-0.007494,0.991974,0.1236,0.1246,0.2622,0.1267,41,704,0.9418,50.64,LOW_QUALITY,0.52
2023-11-12,P10,S2A_30NXM_20231112_0_L2A,0.12725,0.055306,-0.130253,0.623418,1.293793,0.2814,0.2175,0.2873,0.046,704,704,0.0,48.146,GOOD,1.0
2023-11-27,P10,S2B_30NXM_20231127_0_L2A,-0.024015,0.031728,-0.319863,-0.15036,0.954153,0.1769,0.1854,0.3626,0.2523,188,704,0.733,53.29,ACCEPTABLE,0.92
2023-12-22,P10,S2A_30NXM_20231222_0_L2A,0.129446,0.051114,-0.184393,0.512039,1.3,0.2574,0.198,0.2874,0.0636,704,704,0.0,39.566,GOOD,1.0
2024-01-01,P10,S2A_30NXM_20240101_0_L2A,0.097005,0.046004,-0.18543,0.404745,1.228916,0.2448,0.1992,0.29,0.0842,67,704,0.9048,38.195,LOW_QUALITY,0.64
2024-01-16,P10,S2B_30NXM_20240116_0_L2A,0.036292,0.011139,-0.192627,-0.17231,1.087613,0.36,0.331,0.4984,0.4774,14,704,0.9801,64.017,LOW_QUALITY,0.49
2024-01-21,P10,S2A_30NXM_20240121_0_L2A,0.089211,0.057022,-0.21328,0.294001,1.201485,0.2266,0.1886,0.2952,0.1032,183,704,0.7401,35.785,ACCEPTABLE,0.92
2024-01-26,P10,S2B_30NXM_20240126_0_L2A,0.049865,0.037032,-0.191207,0.264288,1.094017,0.1792,0.1638,0.2554,0.0963,626,704,0.1108,24.26,GOOD,1.0
2024-01-31,P10,S2A_30NXM_20240131_0_L2A,0.173828,0.021439,-0.330211,-0.028014,1.429173,0.2038,0.1426,0.2828,0.1533,547,704,0.223,16.481,GOOD,1.0
2024-02-20,P10,S2A_30NXM_20240220_0_L2A,0.086957,0.039423,-0.123837,0.311438,1.196721,0.292,0.244,0.3148,0.1271,447,704,0.3651,56.492,GOOD,1.0
2024-03-11,P10,S2A_30NXM_20240311_0_L2A,0.102334,0.055845,-0.143788,0.437155,1.229108,0.2618,0.213,0.285,0.08245,704,704,0.0,24.76,GOOD,1.0
2024-03-16,P10,S2B_30NXM_20240316_0_L2A,0.106592,0.053088,-0.176306,0.45598,1.241581,0.2544,0.2049,0.2925,0.0765,704,704,0.0,10.159,GOOD,1.0
2024-03-21,P10,S2A_30NXM_20240321_0_L2A,0.084739,0.043637,-0.131843,0.402805,1.186498,0.2812,0.237,0.3094,0.1005,704,704,0.0,8.352,GOOD,1.0
2024-03-26,P10,S2B_30NXM_20240326_0_L2A,0.082538,0.049243,-0.140429,0.408483,1.184276,0.2847,0.2404,0.32045,0.0997,490,704,0.304,53.946,GOOD,1.0
2024-03-31,P10,S2A_30NXM_20240331_0_L2A,0.101663,0.050121,-0.174586,0.43138,1.228319,0.2776,0.226,0.3228,0.0893,524,704,0.2557,5.381,GOOD,1.0
2024-04-10,P10,S2A_30NXM_20240410_0_L2A,0.111467,0.067484,-0.073216,0.600579,1.256894,0.3464,0.2756,0.3196,0.0692,704,704,0.0,52.268,ACCEPTABLE,0.88
2024-04-20,P10,S2A_30NXM_20240420_0_L2A,0.097549,0.062147,-0.106033,0.487811,1.220926,0.3244,0.2657,0.3303,0.0921,704,704,0.0,36.018,ACCEPTABLE,0.88
2024-05-20,P10,S2A_30NXM_20240520_0_L2A,0.097686,0.06128,-0.086397,0.552692,1.219406,0.3368,0.2762,0.32905,0.0795,704,704,0.0,42.905,ACCEPTABLE,0.88
2024-05-30,P10,S2A_30NXM_20240530_0_L2A,0.100709,0.070909,-0.090115,0.602693,1.229351,0.3468,0.2821,0.3384,0.0704,98,704,0.8608,41.119,LOW_QUALITY,0.52
2024-06-24,P10,S2B_30NXM_20240624_0_L2A,0.08067,0.046586,-0.088115,0.526928,1.176932,0.4204,0.3572,0.4284,0.1108,401,704,0.4304,90.014,GOOD,1.0
2024-08-03,P10,S2B_30NXM_20240803_0_L2A,-0.048958,0.019134,-0.302037,-0.070784,0.933538,0.1826,0.1956,0.3636,0.2248,17,704,0.9759,80.95,LOW_QUALITY,0.49
2024-09-07,P10,S2A_30NXM_20240907_0_L2A,-0.091199,0.025208,-0.180917,0.126336,0.830153,0.1305,0.1572,0.2333,0.1135,16,704,0.9773,88.405,LOW_QUALITY,0.49
2024-10-22,P10,S2B_30NXM_20241022_0_L2A,0.121659,0.036578,-0.060159,0.837255,1.277427,0.4448,0.3482,0.391,0.0309,28,704,0.9602,74.314,LOW_QUALITY,0.49
2024-11-06,P10,S2A_30NXM_20241106_0_L2A,0.117381,0.048956,-0.132695,0.684918,1.271565,0.3184,0.2504,0.3259,0.0475,251,704,0.6435,32.001,ACCEPTABLE,0.92
2024-11-11,P10,S2B_30NXM_20241111_0_L2A,0.121522,0.05073,-0.158004,0.617543,1.279935,0.3164,0.2472,0.3387,0.0593,547,704,0.223,24.301,GOOD,1.0
2024-11-26,P10,S2A_30NXM_20241126_0_L2A,0.123093,0.062693,-0.174491,0.537231,1.283372,0.3288,0.2562,0.3667,0.0749,219,704,0.6889,31.215,ACCEPTABLE,0.8
2024-12-01,P10,S2B_30NXM_20241201_0_L2A,0.117328,0.04686,-0.191513,0.433301,1.266983,0.2667,0.2105,0.3095,0.084,704,704,0.0,6.008,GOOD,1.0
2024-12-06,P10,S2C_30NXM_20241206_1_L2A,0.203379,0.122474,-0.285179,0.920241,1.486711,0.179,0.1204,0.22385,0.0042,366,704,0.4801,50.859,LOW_QUALITY,0.76
2024-12-11,P10,S2B_30NXM_20241211_0_L2A,0.14006,0.055124,-0.160679,0.527626,1.325022,0.3029,0.2286,0.3164,0.06935,704,704,0.0,33.949,GOOD,1.0
2024-12-21,P10,S2B_30NXM_20241221_0_L2A,0.129649,0.04493,-0.226161,0.385419,1.303125,0.2502,0.192,0.305,0.086,704,704,0.0,0.682,GOOD,1.0
2025-01-05,P10,S2A_30NXM_20250105_0_L2A,0.09998,0.031545,-0.195488,0.260873,1.224638,0.2535,0.207,0.3022,0.119,704,704,0.0,5.948,GOOD,1.0
2025-01-15,P10,S2A_30NXM_20250115_0_L2A,0.04607,0.032986,-0.133096,0.309234,1.098172,0.1622,0.1477,0.1885,0.0759,478,704,0.321,34.785,GOOD,1.0
2025-01-20,P10,S2B_30NXM_20250120_0_L2A,0.14368,0.053563,-0.155322,0.503184,1.362557,0.2984,0.219,0.3006,0.0712,438,704,0.3778,38.83,GOOD,1.0
2025-01-25,P10,S2C_30NXM_20250125_0_L2A,0.108175,0.243521,-0.235,0.884244,1.25,0.128,0.1024,0.1732,0.0072,147,704,0.7912,48.582,LOW_QUALITY,0.48
2025-01-30,P10,S2B_30NXM_20250130_0_L2A,0.038823,0.012632,-0.212954,-0.193574,1.054706,0.2622,0.2486,0.3748,0.3715,11,704,0.9844,18.559,LOW_QUALITY,0.49
2025-02-04,P10,S2C_30NXM_20250204_0_L2A,0.198865,0.082051,-0.320862,0.708541,1.475758,0.1461,0.099,0.1906,0.0159,704,704,0.0,0.121,ACCEPTABLE,0.88
2025-02-24,P10,S2C_30NXM_20250224_0_L2A,0.185185,0.328868,-0.652438,-0.179487,1.335195,0.0239,0.0179,0.0805,0.01935,222,704,0.6847,59.796,LOW_QUALITY,0.68
2025-04-10,P10,S2B_30NXM_20250410_0_L2A,0.096799,0.062315,-0.148663,0.456161,1.221043,0.2762,0.2262,0.3074,0.0845,704,704,0.0,81.736,ACCEPTABLE,0.88
2025-04-17,P10,S2A_30NXM_20250417_0_L2A,0.081114,0.068595,-0.062895,0.516088,1.175589,0.3294,0.2802,0.3351,0.0861,704,704,0.0,55.667,ACCEPTABLE,0.88
2025-04-20,P10,S2B_30NXM_20250420_0_L2A,-0.005011,0.022719,-0.269565,-0.001423,0.97429,0.144,0.1478,0.2555,0.1449,15,704,0.9787,67.547,LOW_QUALITY,0.49
2025-04-27,P10,S2A_30NXM_20250427_0_L2A,0.087402,0.06188,-0.063607,0.517166,1.199153,0.3396,0.2832,0.3252,0.0906,563,704,0.2003,75.815,ACCEPTABLE,0.88
2025-04-30,P10,S2B_30NXM_20250430_0_L2A,0.06008,0.059184,-0.127376,0.298747,1.123084,0.2418,0.2153,0.296,0.1156,596,704,0.1534,56.239,GOOD,1.0
2025-05-05,P10,S2C_30NXM_20250505_0_L2A,0.071533,0.00941,-0.108493,0.481683,1.155801,0.3138,0.2715,0.3354,0.0965,38,704,0.946,71.497,LOW_QUALITY,0.49
2025-05-15,P10,S2C_30NXM_20250515_0_L2A,0.084988,0.072507,-0.142881,0.358879,1.15712,0.2909,0.2514,0.33525,0.1155,704,704,0.0,43.06,ACCEPTABLE,0.88
2025-05-25,P10,S2C_30NXM_20250525_0_L2A,0.083705,0.054729,-0.145328,0.418287,1.180416,0.3062,0.2594,0.3496,0.1066,704,704,0.0,64.492,GOOD,1.0
2025-06-06,P10,S2A_30NXM_20250606_0_L2A,0.103757,0.060295,-0.099728,0.634645,1.233898,0.364,0.295,0.3612,0.06605,692,704,0.017,47.91,ACCEPTABLE,0.88
2025-06-09,P10,S2B_30NXM_20250609_0_L2A,0.109382,0.060233,-0.104105,0.668019,1.248939,0.3532,0.2828,0.34895,0.0564,704,704,0.0,61.073,ACCEPTABLE,0.88
2025-06-16,P10,S2A_30NXM_20250616_0_L2A,0.060623,0.041189,-0.114664,0.41877,1.134291,0.3632,0.3202,0.4028,0.13115,120,704,0.8295,72.321,ACCEPTABLE,0.72
2025-07-14,P10,S2C_30NXM_20250714_0_L2A,0.129063,0.066047,-0.113689,0.701013,1.299741,0.3508,0.2699,0.3404,0.0473,704,704,0.0,57.547,ACCEPTABLE,0.88
2025-07-29,P10,S2B_30NXM_20250729_0_L2A,0.035214,0.048165,-0.20608,0.476057,1.071249,0.2135,0.1993,0.2787,0.0776,116,704,0.8352,90.956,ACCEPTABLE,0.72
2025-10-07,P10,S2B_30NXM_20251007_0_L2A,0.082521,0.058433,-0.091961,0.655396,1.181699,0.3616,0.306,0.3796,0.0637,13,704,0.9815,89.234,LOW_QUALITY,0.49
2025-10-14,P10,S2A_30NXM_20251014_0_L2A,0.09473,0.049021,-0.111146,0.565966,1.209885,0.3476,0.2873,0.3587,0.079,526,704,0.2528,74.496,GOOD,1.0
2025-10-22,P10,S2C_30NXM_20251022_0_L2A,0.113476,0.060955,-0.078719,0.664923,1.257012,0.3854,0.3066,0.36315,0.061,446,704,0.3665,72.317,ACCEPTABLE,0.88
2025-10-27,P10,S2B_30NXM_20251027_0_L2A,0.116518,0.055692,-0.083422,0.685879,1.269203,0.347,0.2734,0.32005,0.0504,682,704,0.0312,68.213,GOOD,1.0
2025-11-01,P10,S2C_30NXM_20251101_0_L2A,0.111492,0.059616,-0.06428,0.706953,1.254455,0.352,0.2806,0.323,0.0483,688,704,0.0227,61.827,GOOD,1.0
2025-11-16,P10,S2B_30NXM_20251116_0_L2A,0.109055,0.031381,-0.125264,0.598231,1.244825,0.3488,0.2802,0.3604,0.0695,275,704,0.6094,64.471,ACCEPTABLE,0.92
2025-11-21,P10,S2C_30NXM_20251121_0_L2A,0.114335,0.094851,-0.109236,0.727104,1.269321,0.3794,0.2989,0.3731,0.04775,30,704,0.9574,72.815,LOW_QUALITY,0.37
2025-12-06,P10,S2B_30NXM_20251206_0_L2A,0.098466,0.059687,-0.151839,0.494824,1.226936,0.3152,0.2569,0.35025,0.0852,376,704,0.4659,61.443,GOOD,1.0
2025-12-13,P10,S2A_30NXM_20251213_0_L2A,0.086904,0.043723,-0.09772,0.5275,1.194895,0.3464,0.2899,0.3574,0.0907,608,704,0.1364,87.556,GOOD,1.0
2025-12-16,P10,S2B_30NXM_20251216_0_L2A,0.136936,0.056621,-0.196788,0.545657,1.321782,0.267,0.202,0.3016,0.0593,704,704,0.0,27.14,GOOD,1.0
2025-12-23,P10,S2A_30NXM_20251223_0_L2A,-0.031686,0.065007,-0.452094,-0.142759,0.949664,0.0849,0.0894,0.2609,0.1212,17,704,0.9759,47.61,LOW_QUALITY,0.37
2026-01-05,P10,S2B_30NXM_20260105_0_L2A,0.129479,0.070132,-0.155646,0.639955,1.30316,0.3052,0.2342,0.3251,0.0473,667,704,0.0526,47.091,ACCEPTABLE,0.88
2026-01-12,P10,S2A_30NXM_20260112_0_L2A,0.023436,0.029264,-0.115747,0.228288,1.061195,0.1474,0.1389,0.1758,0.0876,96,704,0.8636,69.569,LOW_QUALITY,0.64
2026-01-15,P10,S2B_30NXM_20260115_0_L2A,0.108941,0.023497,-0.175592,0.260079,1.254178,0.2852,0.2274,0.32405,0.1342,704,704,0.0,69.536,GOOD,1.0
2026-01-20,P10,S2C_30NXM_20260120_0_L2A,0.08622,0.032905,-0.168022,0.287571,1.200165,0.2902,0.2418,0.342,0.1347,681,704,0.0327,69.779,GOOD,1.0
2026-01-25,P10,S2B_30NXM_20260125_0_L2A,0.148247,0.04828,-0.231685,0.430607,1.358862,0.2484,0.1828,0.2932,0.07225,704,704,0.0,0.471,GOOD,1.0
2026-01-30,P10,S2C_30NXM_20260130_0_L2A,0.110039,0.04006,-0.243553,0.218655,1.244444,0.2352,0.189,0.314,0.122,515,704,0.2685,42.601,GOOD,1.0
2026-02-09,P10,S2C_30NXM_20260209_0_L2A,0.130552,0.049307,-0.133429,0.508254,1.303209,0.3086,0.2368,0.3089,0.07565,704,704,0.0,51.642,GOOD,1.0
2026-03-01,P10,S2C_30NXM_20260301_0_L2A,-0.03607,0.020492,-0.20388,0.045797,0.932088,0.13725,0.14725,0.22665,0.1322,18,704,0.9744,53.89,LOW_QUALITY,0.49
2026-03-13,P10,S2A_30NXM_20260313_0_L2A,0.114697,0.055509,-0.168872,0.472441,1.266044,0.3048,0.24075,0.3386,0.0857,704,704,0.0,51.793,GOOD,1.0
2026-03-26,P10,S2B_30NXM_20260326_0_L2A,0.125909,0.069297,-0.124456,0.549542,1.293661,0.3337,0.25795,0.33115,0.0747,404,704,0.4261,52.249,ACCEPTABLE,0.88
2026-04-02,P10,S2A_30NXM_20260402_0_L2A,0.090665,0.060258,-0.115294,0.462859,1.201639,0.30065,0.2502,0.32135,0.0918,476,704,0.3239,37.426,ACCEPTABLE,0.88
2026-04-10,P10,S2C_30NXM_20260410_0_L2A,0.111897,0.062178,-0.146377,0.537434,1.258636,0.2842,0.2258,0.3041,0.0678,704,704,0.0,17.865,ACCEPTABLE,0.88
2026-04-15,P10,S2B_30NXM_20260415_0_L2A,0.109068,0.062503,-0.159099,0.526762,1.251429,0.2847,0.2275,0.3144,0.0703,704,704,0.0,11.277,ACCEPTABLE,0.88
2026-05-20,P10,S2C_30NXM_20260520_0_L2A,-0.035294,0.032615,-0.185989,0.114932,0.928408,0.1219,0.1313,0.1903,0.0978,15,704,0.9787,95.883,LOW_QUALITY,0.49
2026-08-18,P10,S2C_30NXM_20260818_0_L2A,0.118478,0.066745,-0.091751,0.659265,1.27169,0.3679,0.2893,0.3502,0.0522,704,704,0.0,80.665,ACCEPTABLE,0.88
